solid OpenSCAD_Model
  facet normal 0.999465 0.0327165 0
    outer loop
      vertex 22 0 4.5
      vertex 21.9529 1.43887 0
      vertex 21.9529 1.43887 4.5
    endloop
  endfacet
  facet normal 0.999465 0.0327165 0
    outer loop
      vertex 21.9529 1.43887 0
      vertex 22 0 4.5
      vertex 22 0 0
    endloop
  endfacet
  facet normal -0.999465 0.0327165 0
    outer loop
      vertex -22 0 0
      vertex -21.9529 1.43887 4.5
      vertex -21.9529 1.43887 0
    endloop
  endfacet
  facet normal -0.999465 0.0327165 0
    outer loop
      vertex -21.9529 1.43887 4.5
      vertex -22 0 0
      vertex -22 0 4.5
    endloop
  endfacet
  facet normal 0.729825 0.683634 0
    outer loop
      vertex 16.5405 14.5056 4.5
      vertex 15.5563 15.5563 0
      vertex 15.5563 15.5563 4.5
    endloop
  endfacet
  facet normal 0.729825 0.683634 0
    outer loop
      vertex 15.5563 15.5563 0
      vertex 16.5405 14.5056 4.5
      vertex 16.5405 14.5056 0
    endloop
  endfacet
  facet normal -0.683634 0.729825 0
    outer loop
      vertex -14.5056 16.5405 0
      vertex -15.5563 15.5563 4.5
      vertex -14.5056 16.5405 4.5
    endloop
  endfacet
  facet normal -0.683634 0.729825 0
    outer loop
      vertex -15.5563 15.5563 4.5
      vertex -14.5056 16.5405 0
      vertex -15.5563 15.5563 0
    endloop
  endfacet
  facet normal -0.352305 0.935885 0
    outer loop
      vertex -7.07167 20.8325 0
      vertex -8.41903 20.3253 4.5
      vertex -7.07167 20.8325 4.5
    endloop
  endfacet
  facet normal -0.352305 0.935885 0
    outer loop
      vertex -8.41903 20.3253 4.5
      vertex -7.07167 20.8325 0
      vertex -8.41903 20.3253 0
    endloop
  endfacet
  facet normal 0.910877 0.412677 0
    outer loop
      vertex 20.3253 8.41903 4.5
      vertex 19.7312 9.73035 0
      vertex 19.7312 9.73035 4.5
    endloop
  endfacet
  facet normal 0.910877 0.412677 0
    outer loop
      vertex 19.7312 9.73035 0
      vertex 20.3253 8.41903 4.5
      vertex 20.3253 8.41903 0
    endloop
  endfacet
  facet normal 0.412677 0.910877 -0
    outer loop
      vertex 9.73035 19.7312 0
      vertex 8.41903 20.3253 4.5
      vertex 9.73035 19.7312 4.5
    endloop
  endfacet
  facet normal 0.412677 0.910877 0
    outer loop
      vertex 8.41903 20.3253 4.5
      vertex 9.73035 19.7312 0
      vertex 8.41903 20.3253 0
    endloop
  endfacet
  facet normal 0.58242 0.812888 -0
    outer loop
      vertex 13.3928 17.4538 0
      vertex 12.2225 18.2923 4.5
      vertex 13.3928 17.4538 4.5
    endloop
  endfacet
  facet normal 0.58242 0.812888 0
    outer loop
      vertex 12.2225 18.2923 4.5
      vertex 13.3928 17.4538 0
      vertex 12.2225 18.2923 0
    endloop
  endfacet
  facet normal -0.910877 0.412677 0
    outer loop
      vertex -20.3253 8.41903 0
      vertex -19.7312 9.73035 4.5
      vertex -19.7312 9.73035 0
    endloop
  endfacet
  facet normal -0.910877 0.412677 0
    outer loop
      vertex -19.7312 9.73035 4.5
      vertex -20.3253 8.41903 0
      vertex -20.3253 8.41903 4.5
    endloop
  endfacet
  facet normal -0.729825 -0.683634 0
    outer loop
      vertex -15.5563 -15.5563 0
      vertex -16.5405 -14.5056 4.5
      vertex -16.5405 -14.5056 0
    endloop
  endfacet
  facet normal -0.729825 -0.683634 0
    outer loop
      vertex -16.5405 -14.5056 4.5
      vertex -15.5563 -15.5563 0
      vertex -15.5563 -15.5563 4.5
    endloop
  endfacet
  facet normal 0.986645 0.162888 0
    outer loop
      vertex 21.8118 2.87158 4.5
      vertex 21.5773 4.29199 0
      vertex 21.5773 4.29199 4.5
    endloop
  endfacet
  facet normal 0.986645 0.162888 0
    outer loop
      vertex 21.5773 4.29199 0
      vertex 21.8118 2.87158 4.5
      vertex 21.8118 2.87158 0
    endloop
  endfacet
  facet normal 0.995185 0.0980105 0
    outer loop
      vertex 21.9529 1.43887 4.5
      vertex 21.8118 2.87158 0
      vertex 21.8118 2.87158 4.5
    endloop
  endfacet
  facet normal 0.995185 0.0980105 0
    outer loop
      vertex 21.8118 2.87158 0
      vertex 21.9529 1.43887 4.5
      vertex 21.9529 1.43887 0
    endloop
  endfacet
  facet normal 0.956941 0.290281 0
    outer loop
      vertex 21.2504 5.69402 4.5
      vertex 20.8325 7.07167 0
      vertex 20.8325 7.07167 4.5
    endloop
  endfacet
  facet normal 0.956941 0.290281 0
    outer loop
      vertex 20.8325 7.07167 0
      vertex 21.2504 5.69402 4.5
      vertex 21.2504 5.69402 0
    endloop
  endfacet
  facet normal 0.849171 0.528118 0
    outer loop
      vertex 19.0526 11 4.5
      vertex 18.2923 12.2225 0
      vertex 18.2923 12.2225 4.5
    endloop
  endfacet
  facet normal 0.849171 0.528118 0
    outer loop
      vertex 18.2923 12.2225 0
      vertex 19.0526 11 4.5
      vertex 19.0526 11 0
    endloop
  endfacet
  facet normal 0.772994 0.634413 0
    outer loop
      vertex 17.4538 13.3928 4.5
      vertex 16.5405 14.5056 0
      vertex 16.5405 14.5056 4.5
    endloop
  endfacet
  facet normal 0.772994 0.634413 0
    outer loop
      vertex 16.5405 14.5056 0
      vertex 17.4538 13.3928 4.5
      vertex 17.4538 13.3928 0
    endloop
  endfacet
  facet normal 0.881933 0.471374 0
    outer loop
      vertex 19.7312 9.73035 4.5
      vertex 19.0526 11 0
      vertex 19.0526 11 4.5
    endloop
  endfacet
  facet normal 0.881933 0.471374 0
    outer loop
      vertex 19.0526 11 0
      vertex 19.7312 9.73035 4.5
      vertex 19.7312 9.73035 0
    endloop
  endfacet
  facet normal 0.227071 0.973878 -0
    outer loop
      vertex 5.69402 21.2504 0
      vertex 4.5 21.5288 4.5
      vertex 5.69402 21.2504 4.5
    endloop
  endfacet
  facet normal 0.227071 0.973878 0
    outer loop
      vertex 4.5 21.5288 4.5
      vertex 5.69402 21.2504 0
      vertex 4.5 21.5288 0
    endloop
  endfacet
  facet normal 0.290281 0.956941 -0
    outer loop
      vertex 7.07167 20.8325 0
      vertex 5.69402 21.2504 4.5
      vertex 7.07167 20.8325 4.5
    endloop
  endfacet
  facet normal 0.290281 0.956941 0
    outer loop
      vertex 5.69402 21.2504 4.5
      vertex 7.07167 20.8325 0
      vertex 5.69402 21.2504 0
    endloop
  endfacet
  facet normal 0.471374 0.881933 -0
    outer loop
      vertex 11 19.0526 0
      vertex 9.73035 19.7312 4.5
      vertex 11 19.0526 4.5
    endloop
  endfacet
  facet normal 0.471374 0.881933 0
    outer loop
      vertex 9.73035 19.7312 4.5
      vertex 11 19.0526 0
      vertex 9.73035 19.7312 0
    endloop
  endfacet
  facet normal 0.683634 0.729825 -0
    outer loop
      vertex 15.5563 15.5563 0
      vertex 14.5056 16.5405 4.5
      vertex 15.5563 15.5563 4.5
    endloop
  endfacet
  facet normal 0.683634 0.729825 0
    outer loop
      vertex 14.5056 16.5405 4.5
      vertex 15.5563 15.5563 0
      vertex 14.5056 16.5405 0
    endloop
  endfacet
  facet normal -0.973878 0.227071 0
    outer loop
      vertex -21.5773 4.29199 0
      vertex -21.2504 5.69402 4.5
      vertex -21.2504 5.69402 0
    endloop
  endfacet
  facet normal -0.973878 0.227071 0
    outer loop
      vertex -21.2504 5.69402 4.5
      vertex -21.5773 4.29199 0
      vertex -21.5773 4.29199 4.5
    endloop
  endfacet
  facet normal -0.772994 0.634413 0
    outer loop
      vertex -17.4538 13.3928 0
      vertex -16.5405 14.5056 4.5
      vertex -16.5405 14.5056 0
    endloop
  endfacet
  facet normal -0.772994 0.634413 0
    outer loop
      vertex -16.5405 14.5056 4.5
      vertex -17.4538 13.3928 0
      vertex -17.4538 13.3928 4.5
    endloop
  endfacet
  facet normal -0.729825 0.683634 0
    outer loop
      vertex -16.5405 14.5056 0
      vertex -15.5563 15.5563 4.5
      vertex -15.5563 15.5563 0
    endloop
  endfacet
  facet normal -0.729825 0.683634 0
    outer loop
      vertex -15.5563 15.5563 4.5
      vertex -16.5405 14.5056 0
      vertex -16.5405 14.5056 4.5
    endloop
  endfacet
  facet normal -0.956941 0.290281 0
    outer loop
      vertex -21.2504 5.69402 0
      vertex -20.8325 7.07167 4.5
      vertex -20.8325 7.07167 0
    endloop
  endfacet
  facet normal -0.956941 0.290281 0
    outer loop
      vertex -20.8325 7.07167 4.5
      vertex -21.2504 5.69402 0
      vertex -21.2504 5.69402 4.5
    endloop
  endfacet
  facet normal -0.986645 0.162888 0
    outer loop
      vertex -21.8118 2.87158 0
      vertex -21.5773 4.29199 4.5
      vertex -21.5773 4.29199 0
    endloop
  endfacet
  facet normal -0.986645 0.162888 0
    outer loop
      vertex -21.5773 4.29199 4.5
      vertex -21.8118 2.87158 0
      vertex -21.8118 2.87158 4.5
    endloop
  endfacet
  facet normal -0.471374 0.881933 0
    outer loop
      vertex -9.73035 19.7312 0
      vertex -11 19.0526 4.5
      vertex -9.73035 19.7312 4.5
    endloop
  endfacet
  facet normal -0.471374 0.881933 0
    outer loop
      vertex -11 19.0526 4.5
      vertex -9.73035 19.7312 0
      vertex -11 19.0526 0
    endloop
  endfacet
  facet normal -0.412677 0.910877 0
    outer loop
      vertex -8.41903 20.3253 0
      vertex -9.73035 19.7312 4.5
      vertex -8.41903 20.3253 4.5
    endloop
  endfacet
  facet normal -0.412677 0.910877 0
    outer loop
      vertex -9.73035 19.7312 4.5
      vertex -8.41903 20.3253 0
      vertex -9.73035 19.7312 0
    endloop
  endfacet
  facet normal -0.634413 0.772994 0
    outer loop
      vertex -13.3928 17.4538 0
      vertex -14.5056 16.5405 4.5
      vertex -13.3928 17.4538 4.5
    endloop
  endfacet
  facet normal -0.634413 0.772994 0
    outer loop
      vertex -14.5056 16.5405 4.5
      vertex -13.3928 17.4538 0
      vertex -14.5056 16.5405 0
    endloop
  endfacet
  facet normal -0.227071 0.973878 0
    outer loop
      vertex -4.5 21.5288 0
      vertex -5.69402 21.2504 4.5
      vertex -4.5 21.5288 4.5
    endloop
  endfacet
  facet normal -0.227071 0.973878 0
    outer loop
      vertex -5.69402 21.2504 4.5
      vertex -4.5 21.5288 0
      vertex -5.69402 21.2504 0
    endloop
  endfacet
  facet normal 0.352305 -0.935885 0
    outer loop
      vertex 7.07167 -20.8325 0
      vertex 8.41903 -20.3253 4.5
      vertex 7.07167 -20.8325 4.5
    endloop
  endfacet
  facet normal 0.352305 -0.935885 0
    outer loop
      vertex 8.41903 -20.3253 4.5
      vertex 7.07167 -20.8325 0
      vertex 8.41903 -20.3253 0
    endloop
  endfacet
  facet normal 0.227071 -0.973878 0
    outer loop
      vertex 4.29199 -21.5773 0
      vertex 5.69402 -21.2504 4.5
      vertex 4.29199 -21.5773 4.5
    endloop
  endfacet
  facet normal 0.227071 -0.973878 0
    outer loop
      vertex 5.69402 -21.2504 4.5
      vertex 4.29199 -21.5773 0
      vertex 5.69402 -21.2504 0
    endloop
  endfacet
  facet normal 0.528118 -0.849171 0
    outer loop
      vertex 11 -19.0526 0
      vertex 12.2225 -18.2923 4.5
      vertex 11 -19.0526 4.5
    endloop
  endfacet
  facet normal 0.528118 -0.849171 0
    outer loop
      vertex 12.2225 -18.2923 4.5
      vertex 11 -19.0526 0
      vertex 12.2225 -18.2923 0
    endloop
  endfacet
  facet normal 0.412677 -0.910877 0
    outer loop
      vertex 8.41903 -20.3253 0
      vertex 9.73035 -19.7312 4.5
      vertex 8.41903 -20.3253 4.5
    endloop
  endfacet
  facet normal 0.412677 -0.910877 0
    outer loop
      vertex 9.73035 -19.7312 4.5
      vertex 8.41903 -20.3253 0
      vertex 9.73035 -19.7312 0
    endloop
  endfacet
  facet normal 0.812888 -0.58242 0
    outer loop
      vertex 17.4538 -13.3928 4.5
      vertex 18.2923 -12.2225 0
      vertex 18.2923 -12.2225 4.5
    endloop
  endfacet
  facet normal 0.812888 -0.58242 0
    outer loop
      vertex 18.2923 -12.2225 0
      vertex 17.4538 -13.3928 4.5
      vertex 17.4538 -13.3928 0
    endloop
  endfacet
  facet normal 0.935885 -0.352305 0
    outer loop
      vertex 20.3253 -8.41903 4.5
      vertex 20.8325 -7.07167 0
      vertex 20.8325 -7.07167 4.5
    endloop
  endfacet
  facet normal 0.935885 -0.352305 0
    outer loop
      vertex 20.8325 -7.07167 0
      vertex 20.3253 -8.41903 4.5
      vertex 20.3253 -8.41903 0
    endloop
  endfacet
  facet normal 0.881933 -0.471374 0
    outer loop
      vertex 19.0526 -11 4.5
      vertex 19.7312 -9.73035 0
      vertex 19.7312 -9.73035 4.5
    endloop
  endfacet
  facet normal 0.881933 -0.471374 0
    outer loop
      vertex 19.7312 -9.73035 0
      vertex 19.0526 -11 4.5
      vertex 19.0526 -11 0
    endloop
  endfacet
  facet normal 0.956941 -0.290281 0
    outer loop
      vertex 20.8325 -7.07167 4.5
      vertex 21.2504 -5.69402 0
      vertex 21.2504 -5.69402 4.5
    endloop
  endfacet
  facet normal 0.956941 -0.290281 0
    outer loop
      vertex 21.2504 -5.69402 0
      vertex 20.8325 -7.07167 4.5
      vertex 20.8325 -7.07167 0
    endloop
  endfacet
  facet normal 0.973878 -0.227071 0
    outer loop
      vertex 21.2504 -5.69402 4.5
      vertex 21.5773 -4.29199 0
      vertex 21.5773 -4.29199 4.5
    endloop
  endfacet
  facet normal 0.973878 -0.227071 0
    outer loop
      vertex 21.5773 -4.29199 0
      vertex 21.2504 -5.69402 4.5
      vertex 21.2504 -5.69402 0
    endloop
  endfacet
  facet normal 0.995185 -0.0980105 0
    outer loop
      vertex 21.8118 -2.87158 4.5
      vertex 21.9529 -1.43887 0
      vertex 21.9529 -1.43887 4.5
    endloop
  endfacet
  facet normal 0.995185 -0.0980105 0
    outer loop
      vertex 21.9529 -1.43887 0
      vertex 21.8118 -2.87158 4.5
      vertex 21.8118 -2.87158 0
    endloop
  endfacet
  facet normal -0.634413 -0.772994 0
    outer loop
      vertex -14.5056 -16.5405 0
      vertex -13.3928 -17.4538 4.5
      vertex -14.5056 -16.5405 4.5
    endloop
  endfacet
  facet normal -0.634413 -0.772994 -0
    outer loop
      vertex -13.3928 -17.4538 4.5
      vertex -14.5056 -16.5405 0
      vertex -13.3928 -17.4538 0
    endloop
  endfacet
  facet normal -0.683634 -0.729825 0
    outer loop
      vertex -15.5563 -15.5563 0
      vertex -14.5056 -16.5405 4.5
      vertex -15.5563 -15.5563 4.5
    endloop
  endfacet
  facet normal -0.683634 -0.729825 -0
    outer loop
      vertex -14.5056 -16.5405 4.5
      vertex -15.5563 -15.5563 0
      vertex -14.5056 -16.5405 0
    endloop
  endfacet
  facet normal -0.162888 -0.986645 0
    outer loop
      vertex -4.29199 -21.5773 0
      vertex -2.87158 -21.8118 4.5
      vertex -4.29199 -21.5773 4.5
    endloop
  endfacet
  facet normal -0.162888 -0.986645 -0
    outer loop
      vertex -2.87158 -21.8118 4.5
      vertex -4.29199 -21.5773 0
      vertex -2.87158 -21.8118 0
    endloop
  endfacet
  facet normal -0.910877 -0.412677 0
    outer loop
      vertex -19.7312 -9.73035 0
      vertex -20.3253 -8.41903 4.5
      vertex -20.3253 -8.41903 0
    endloop
  endfacet
  facet normal -0.910877 -0.412677 0
    outer loop
      vertex -20.3253 -8.41903 4.5
      vertex -19.7312 -9.73035 0
      vertex -19.7312 -9.73035 4.5
    endloop
  endfacet
  facet normal -0.973878 -0.227071 0
    outer loop
      vertex -21.2504 -5.69402 0
      vertex -21.5773 -4.29199 4.5
      vertex -21.5773 -4.29199 0
    endloop
  endfacet
  facet normal -0.973878 -0.227071 0
    outer loop
      vertex -21.5773 -4.29199 4.5
      vertex -21.2504 -5.69402 0
      vertex -21.2504 -5.69402 4.5
    endloop
  endfacet
  facet normal -0.956941 -0.290281 0
    outer loop
      vertex -20.8325 -7.07167 0
      vertex -21.2504 -5.69402 4.5
      vertex -21.2504 -5.69402 0
    endloop
  endfacet
  facet normal -0.956941 -0.290281 0
    outer loop
      vertex -21.2504 -5.69402 4.5
      vertex -20.8325 -7.07167 0
      vertex -20.8325 -7.07167 4.5
    endloop
  endfacet
  facet normal 0 0 -1
    outer loop
      vertex 18 0 0
      vertex 22 0 0
      vertex 21.9529 -1.43887 0
    endloop
  endfacet
  facet normal 0 0 -1
    outer loop
      vertex 17.9615 -1.17726 0
      vertex 21.9529 -1.43887 0
      vertex 21.8118 -2.87158 0
    endloop
  endfacet
  facet normal 0 0 -1
    outer loop
      vertex 22 0 0
      vertex 18 0 0
      vertex 21.9529 1.43887 0
    endloop
  endfacet
  facet normal 0 0 -1
    outer loop
      vertex 17.846 -2.34947 0
      vertex 21.8118 -2.87158 0
      vertex 21.5773 -4.29199 0
    endloop
  endfacet
  facet normal 0 0 -1
    outer loop
      vertex 17.9615 1.17726 0
      vertex 21.9529 1.43887 0
      vertex 18 0 0
    endloop
  endfacet
  facet normal 0 0 -1
    outer loop
      vertex 17.6541 -3.51163 0
      vertex 21.5773 -4.29199 0
      vertex 21.2504 -5.69402 0
    endloop
  endfacet
  facet normal -0 0 -1
    outer loop
      vertex 21.9529 1.43887 0
      vertex 17.9615 1.17726 0
      vertex 21.8118 2.87158 0
    endloop
  endfacet
  facet normal 0 0 -1
    outer loop
      vertex 17.3867 -4.65874 0
      vertex 21.2504 -5.69402 0
      vertex 20.8325 -7.07167 0
    endloop
  endfacet
  facet normal 0 0 -1
    outer loop
      vertex 17.846 2.34947 0
      vertex 21.8118 2.87158 0
      vertex 17.9615 1.17726 0
    endloop
  endfacet
  facet normal 0 0 -1
    outer loop
      vertex 17.0447 -5.78591 0
      vertex 20.8325 -7.07167 0
      vertex 20.3253 -8.41903 0
    endloop
  endfacet
  facet normal -0 0 -1
    outer loop
      vertex 21.8118 2.87158 0
      vertex 17.846 2.34947 0
      vertex 21.5773 4.29199 0
    endloop
  endfacet
  facet normal 0 0 -1
    outer loop
      vertex 16.6298 -6.8883 0
      vertex 20.3253 -8.41903 0
      vertex 19.7312 -9.73035 0
    endloop
  endfacet
  facet normal 0 0 -1
    outer loop
      vertex 17.6541 3.51163 0
      vertex 21.5773 4.29199 0
      vertex 17.846 2.34947 0
    endloop
  endfacet
  facet normal 0 0 -1
    outer loop
      vertex 16.1437 -7.9612 0
      vertex 19.7312 -9.73035 0
      vertex 19.0526 -11 0
    endloop
  endfacet
  facet normal -0 0 -1
    outer loop
      vertex 21.5773 4.29199 0
      vertex 17.6541 3.51163 0
      vertex 21.2504 5.69402 0
    endloop
  endfacet
  facet normal 0 0 -1
    outer loop
      vertex 15.5885 -9 0
      vertex 19.0526 -11 0
      vertex 18.2923 -12.2225 0
    endloop
  endfacet
  facet normal 0 0 -1
    outer loop
      vertex 17.3867 4.65874 0
      vertex 21.2504 5.69402 0
      vertex 17.6541 3.51163 0
    endloop
  endfacet
  facet normal -0 0 -1
    outer loop
      vertex 21.2504 5.69402 0
      vertex 17.3867 4.65874 0
      vertex 20.8325 7.07167 0
    endloop
  endfacet
  facet normal 0 0 -1
    outer loop
      vertex 21.9529 -1.43887 0
      vertex 17.9615 -1.17726 0
      vertex 18 0 0
    endloop
  endfacet
  facet normal 0 0 -1
    outer loop
      vertex 21.8118 -2.87158 0
      vertex 17.846 -2.34947 0
      vertex 17.9615 -1.17726 0
    endloop
  endfacet
  facet normal 0 0 -1
    outer loop
      vertex 21.5773 -4.29199 0
      vertex 17.6541 -3.51163 0
      vertex 17.846 -2.34947 0
    endloop
  endfacet
  facet normal 0 0 -1
    outer loop
      vertex 14.9665 -10.0003 0
      vertex 18.2923 -12.2225 0
      vertex 17.4538 -13.3928 0
    endloop
  endfacet
  facet normal 0 0 -1
    outer loop
      vertex 21.2504 -5.69402 0
      vertex 17.3867 -4.65874 0
      vertex 17.6541 -3.51163 0
    endloop
  endfacet
  facet normal 0 0 -1
    outer loop
      vertex 20.8325 -7.07167 0
      vertex 17.0447 -5.78591 0
      vertex 17.3867 -4.65874 0
    endloop
  endfacet
  facet normal 0 0 -1
    outer loop
      vertex 20.3253 -8.41903 0
      vertex 16.6298 -6.8883 0
      vertex 17.0447 -5.78591 0
    endloop
  endfacet
  facet normal 0 0 -1
    outer loop
      vertex 14.2804 -10.9577 0
      vertex 17.4538 -13.3928 0
      vertex 16.5405 -14.5056 0
    endloop
  endfacet
  facet normal 0 0 -1
    outer loop
      vertex 19.7312 -9.73035 0
      vertex 16.1437 -7.9612 0
      vertex 16.6298 -6.8883 0
    endloop
  endfacet
  facet normal 0 0 -1
    outer loop
      vertex 19.0526 -11 0
      vertex 15.5885 -9 0
      vertex 16.1437 -7.9612 0
    endloop
  endfacet
  facet normal 0 0 -1
    outer loop
      vertex 13.5331 -11.8682 0
      vertex 16.5405 -14.5056 0
      vertex 15.5563 -15.5563 0
    endloop
  endfacet
  facet normal 0 0 -1
    outer loop
      vertex 18.2923 -12.2225 0
      vertex 14.9665 -10.0003 0
      vertex 15.5885 -9 0
    endloop
  endfacet
  facet normal 0 0 -1
    outer loop
      vertex 12.7279 -12.7279 0
      vertex 15.5563 -15.5563 0
      vertex 14.5056 -16.5405 0
    endloop
  endfacet
  facet normal 0 0 -1
    outer loop
      vertex 17.4538 -13.3928 0
      vertex 14.2804 -10.9577 0
      vertex 14.9665 -10.0003 0
    endloop
  endfacet
  facet normal 0 0 -1
    outer loop
      vertex 16.5405 -14.5056 0
      vertex 13.5331 -11.8682 0
      vertex 14.2804 -10.9577 0
    endloop
  endfacet
  facet normal 0 0 -1
    outer loop
      vertex 11.8682 -13.5331 0
      vertex 14.5056 -16.5405 0
      vertex 13.3928 -17.4538 0
    endloop
  endfacet
  facet normal 0 0 -1
    outer loop
      vertex 15.5563 -15.5563 0
      vertex 12.7279 -12.7279 0
      vertex 13.5331 -11.8682 0
    endloop
  endfacet
  facet normal 0 0 -1
    outer loop
      vertex 10.9577 -14.2804 0
      vertex 13.3928 -17.4538 0
      vertex 12.2225 -18.2923 0
    endloop
  endfacet
  facet normal 0 0 -1
    outer loop
      vertex 14.5056 -16.5405 0
      vertex 11.8682 -13.5331 0
      vertex 12.7279 -12.7279 0
    endloop
  endfacet
  facet normal 0 0 -1
    outer loop
      vertex 10.0003 -14.9665 0
      vertex 12.2225 -18.2923 0
      vertex 11 -19.0526 0
    endloop
  endfacet
  facet normal 0 0 -1
    outer loop
      vertex 13.3928 -17.4538 0
      vertex 10.9577 -14.2804 0
      vertex 11.8682 -13.5331 0
    endloop
  endfacet
  facet normal 0 0 -1
    outer loop
      vertex 12.2225 -18.2923 0
      vertex 10.0003 -14.9665 0
      vertex 10.9577 -14.2804 0
    endloop
  endfacet
  facet normal 0 0 -1
    outer loop
      vertex 9 -15.5885 0
      vertex 11 -19.0526 0
      vertex 9.73035 -19.7312 0
    endloop
  endfacet
  facet normal 0 0 -1
    outer loop
      vertex 11 -19.0526 0
      vertex 9 -15.5885 0
      vertex 10.0003 -14.9665 0
    endloop
  endfacet
  facet normal 0 0 -1
    outer loop
      vertex 7.9612 -16.1437 0
      vertex 9.73035 -19.7312 0
      vertex 8.41903 -20.3253 0
    endloop
  endfacet
  facet normal 0 0 -1
    outer loop
      vertex 9.73035 -19.7312 0
      vertex 7.9612 -16.1437 0
      vertex 9 -15.5885 0
    endloop
  endfacet
  facet normal 0 0 -1
    outer loop
      vertex 6.8883 -16.6298 0
      vertex 8.41903 -20.3253 0
      vertex 7.07167 -20.8325 0
    endloop
  endfacet
  facet normal 0 0 -1
    outer loop
      vertex 8.41903 -20.3253 0
      vertex 6.8883 -16.6298 0
      vertex 7.9612 -16.1437 0
    endloop
  endfacet
  facet normal 0 0 -1
    outer loop
      vertex 7.07167 -20.8325 0
      vertex 5.78591 -17.0447 0
      vertex 6.8883 -16.6298 0
    endloop
  endfacet
  facet normal 0 0 -1
    outer loop
      vertex 5.69402 -21.2504 0
      vertex 5.78591 -17.0447 0
      vertex 7.07167 -20.8325 0
    endloop
  endfacet
  facet normal 0 0 -1
    outer loop
      vertex 5.69402 -21.2504 0
      vertex 4.65874 -17.3867 0
      vertex 5.78591 -17.0447 0
    endloop
  endfacet
  facet normal 0 0 -1
    outer loop
      vertex 4.29199 -21.5773 0
      vertex 4.65874 -17.3867 0
      vertex 5.69402 -21.2504 0
    endloop
  endfacet
  facet normal 0 0 -1
    outer loop
      vertex 4.29199 -21.5773 0
      vertex 3.51163 -17.6541 0
      vertex 4.65874 -17.3867 0
    endloop
  endfacet
  facet normal 0 0 -1
    outer loop
      vertex 2.87158 -21.8118 0
      vertex 3.51163 -17.6541 0
      vertex 4.29199 -21.5773 0
    endloop
  endfacet
  facet normal 0 0 -1
    outer loop
      vertex 2.87158 -21.8118 0
      vertex 2.34947 -17.846 0
      vertex 3.51163 -17.6541 0
    endloop
  endfacet
  facet normal 0 0 -1
    outer loop
      vertex 1.43887 -21.9529 0
      vertex 2.34947 -17.846 0
      vertex 2.87158 -21.8118 0
    endloop
  endfacet
  facet normal 0 0 -1
    outer loop
      vertex 1.43887 -21.9529 0
      vertex 1.17726 -17.9615 0
      vertex 2.34947 -17.846 0
    endloop
  endfacet
  facet normal 0 0 -1
    outer loop
      vertex 0 -22 0
      vertex 1.17726 -17.9615 0
      vertex 1.43887 -21.9529 0
    endloop
  endfacet
  facet normal 0 0 -1
    outer loop
      vertex 0 -22 0
      vertex 0 -18 0
      vertex 1.17726 -17.9615 0
    endloop
  endfacet
  facet normal 0 0 -1
    outer loop
      vertex 0 -22 0
      vertex -1.17726 -17.9615 0
      vertex 0 -18 0
    endloop
  endfacet
  facet normal 0 0 -1
    outer loop
      vertex -1.43887 -21.9529 0
      vertex -1.17726 -17.9615 0
      vertex 0 -22 0
    endloop
  endfacet
  facet normal 0 0 -1
    outer loop
      vertex -1.43887 -21.9529 0
      vertex -2.34947 -17.846 0
      vertex -1.17726 -17.9615 0
    endloop
  endfacet
  facet normal 0 0 -1
    outer loop
      vertex -2.87158 -21.8118 0
      vertex -2.34947 -17.846 0
      vertex -1.43887 -21.9529 0
    endloop
  endfacet
  facet normal 0 0 -1
    outer loop
      vertex -2.87158 -21.8118 0
      vertex -3.51163 -17.6541 0
      vertex -2.34947 -17.846 0
    endloop
  endfacet
  facet normal 0 0 -1
    outer loop
      vertex -4.29199 -21.5773 0
      vertex -3.51163 -17.6541 0
      vertex -2.87158 -21.8118 0
    endloop
  endfacet
  facet normal 0 0 -1
    outer loop
      vertex -4.29199 -21.5773 0
      vertex -4.65874 -17.3867 0
      vertex -3.51163 -17.6541 0
    endloop
  endfacet
  facet normal 0 0 -1
    outer loop
      vertex -5.69402 -21.2504 0
      vertex -4.65874 -17.3867 0
      vertex -4.29199 -21.5773 0
    endloop
  endfacet
  facet normal 0 0 -1
    outer loop
      vertex -5.69402 -21.2504 0
      vertex -5.78591 -17.0447 0
      vertex -4.65874 -17.3867 0
    endloop
  endfacet
  facet normal 0 0 -1
    outer loop
      vertex -7.07167 -20.8325 0
      vertex -5.78591 -17.0447 0
      vertex -5.69402 -21.2504 0
    endloop
  endfacet
  facet normal -0 0 -1
    outer loop
      vertex -5.78591 -17.0447 0
      vertex -7.07167 -20.8325 0
      vertex -6.8883 -16.6298 0
    endloop
  endfacet
  facet normal 0 0 -1
    outer loop
      vertex -8.41903 -20.3253 0
      vertex -6.8883 -16.6298 0
      vertex -7.07167 -20.8325 0
    endloop
  endfacet
  facet normal -0 0 -1
    outer loop
      vertex -6.8883 -16.6298 0
      vertex -8.41903 -20.3253 0
      vertex -7.9612 -16.1437 0
    endloop
  endfacet
  facet normal 0 0 -1
    outer loop
      vertex -9.73035 -19.7312 0
      vertex -7.9612 -16.1437 0
      vertex -8.41903 -20.3253 0
    endloop
  endfacet
  facet normal -0 0 -1
    outer loop
      vertex -7.9612 -16.1437 0
      vertex -9.73035 -19.7312 0
      vertex -9 -15.5885 0
    endloop
  endfacet
  facet normal 0 0 -1
    outer loop
      vertex -11 -19.0526 0
      vertex -9 -15.5885 0
      vertex -9.73035 -19.7312 0
    endloop
  endfacet
  facet normal -0 0 -1
    outer loop
      vertex -9 -15.5885 0
      vertex -11 -19.0526 0
      vertex -10.0003 -14.9665 0
    endloop
  endfacet
  facet normal 0 0 -1
    outer loop
      vertex -12.2225 -18.2923 0
      vertex -10.0003 -14.9665 0
      vertex -11 -19.0526 0
    endloop
  endfacet
  facet normal -0 0 -1
    outer loop
      vertex -10.0003 -14.9665 0
      vertex -12.2225 -18.2923 0
      vertex -10.9577 -14.2804 0
    endloop
  endfacet
  facet normal 0 0 -1
    outer loop
      vertex -13.3928 -17.4538 0
      vertex -10.9577 -14.2804 0
      vertex -12.2225 -18.2923 0
    endloop
  endfacet
  facet normal -0 0 -1
    outer loop
      vertex -10.9577 -14.2804 0
      vertex -13.3928 -17.4538 0
      vertex -11.8682 -13.5331 0
    endloop
  endfacet
  facet normal 0 0 -1
    outer loop
      vertex -14.5056 -16.5405 0
      vertex -11.8682 -13.5331 0
      vertex -13.3928 -17.4538 0
    endloop
  endfacet
  facet normal -0 0 -1
    outer loop
      vertex -11.8682 -13.5331 0
      vertex -14.5056 -16.5405 0
      vertex -12.7279 -12.7279 0
    endloop
  endfacet
  facet normal 0 0 -1
    outer loop
      vertex -15.5563 -15.5563 0
      vertex -12.7279 -12.7279 0
      vertex -14.5056 -16.5405 0
    endloop
  endfacet
  facet normal -0 0 -1
    outer loop
      vertex -12.7279 -12.7279 0
      vertex -15.5563 -15.5563 0
      vertex -13.5331 -11.8682 0
    endloop
  endfacet
  facet normal 0 0 -1
    outer loop
      vertex -16.5405 -14.5056 0
      vertex -13.5331 -11.8682 0
      vertex -15.5563 -15.5563 0
    endloop
  endfacet
  facet normal -0 0 -1
    outer loop
      vertex -13.5331 -11.8682 0
      vertex -16.5405 -14.5056 0
      vertex -14.2804 -10.9577 0
    endloop
  endfacet
  facet normal 0 0 -1
    outer loop
      vertex -17.4538 -13.3928 0
      vertex -14.2804 -10.9577 0
      vertex -16.5405 -14.5056 0
    endloop
  endfacet
  facet normal -0 0 -1
    outer loop
      vertex -14.2804 -10.9577 0
      vertex -17.4538 -13.3928 0
      vertex -14.9665 -10.0003 0
    endloop
  endfacet
  facet normal 0 0 -1
    outer loop
      vertex -18.2923 -12.2225 0
      vertex -14.9665 -10.0003 0
      vertex -17.4538 -13.3928 0
    endloop
  endfacet
  facet normal -0 0 -1
    outer loop
      vertex -14.9665 -10.0003 0
      vertex -18.2923 -12.2225 0
      vertex -15.5885 -9 0
    endloop
  endfacet
  facet normal 0 0 -1
    outer loop
      vertex -19.0526 -11 0
      vertex -15.5885 -9 0
      vertex -18.2923 -12.2225 0
    endloop
  endfacet
  facet normal -0 0 -1
    outer loop
      vertex -15.5885 -9 0
      vertex -19.0526 -11 0
      vertex -16.1437 -7.9612 0
    endloop
  endfacet
  facet normal 0 0 -1
    outer loop
      vertex -19.7312 -9.73035 0
      vertex -16.1437 -7.9612 0
      vertex -19.0526 -11 0
    endloop
  endfacet
  facet normal -0 0 -1
    outer loop
      vertex -16.1437 -7.9612 0
      vertex -19.7312 -9.73035 0
      vertex -16.6298 -6.8883 0
    endloop
  endfacet
  facet normal 0 0 -1
    outer loop
      vertex -20.3253 -8.41903 0
      vertex -16.6298 -6.8883 0
      vertex -19.7312 -9.73035 0
    endloop
  endfacet
  facet normal -0 0 -1
    outer loop
      vertex -16.6298 -6.8883 0
      vertex -20.3253 -8.41903 0
      vertex -17.0447 -5.78591 0
    endloop
  endfacet
  facet normal -0 0 -1
    outer loop
      vertex -17.0447 -5.78591 0
      vertex -20.8325 -7.07167 0
      vertex -17.3867 -4.65874 0
    endloop
  endfacet
  facet normal 0 0 -1
    outer loop
      vertex -20.8325 -7.07167 0
      vertex -17.0447 -5.78591 0
      vertex -20.3253 -8.41903 0
    endloop
  endfacet
  facet normal 0 0 -1
    outer loop
      vertex 17.0447 5.78591 0
      vertex 20.8325 7.07167 0
      vertex 17.3867 4.65874 0
    endloop
  endfacet
  facet normal -0 0 -1
    outer loop
      vertex 20.8325 7.07167 0
      vertex 17.0447 5.78591 0
      vertex 20.3253 8.41903 0
    endloop
  endfacet
  facet normal 0 0 -1
    outer loop
      vertex 16.6298 6.8883 0
      vertex 20.3253 8.41903 0
      vertex 17.0447 5.78591 0
    endloop
  endfacet
  facet normal -0 0 -1
    outer loop
      vertex 20.3253 8.41903 0
      vertex 16.6298 6.8883 0
      vertex 19.7312 9.73035 0
    endloop
  endfacet
  facet normal 0 0 -1
    outer loop
      vertex 16.1437 7.9612 0
      vertex 19.7312 9.73035 0
      vertex 16.6298 6.8883 0
    endloop
  endfacet
  facet normal -0 0 -1
    outer loop
      vertex 19.7312 9.73035 0
      vertex 16.1437 7.9612 0
      vertex 19.0526 11 0
    endloop
  endfacet
  facet normal 0 0 -1
    outer loop
      vertex 15.5885 9 0
      vertex 19.0526 11 0
      vertex 16.1437 7.9612 0
    endloop
  endfacet
  facet normal -0 0 -1
    outer loop
      vertex 19.0526 11 0
      vertex 15.5885 9 0
      vertex 18.2923 12.2225 0
    endloop
  endfacet
  facet normal 0 0 -1
    outer loop
      vertex 14.9665 10.0003 0
      vertex 18.2923 12.2225 0
      vertex 15.5885 9 0
    endloop
  endfacet
  facet normal -0 0 -1
    outer loop
      vertex 18.2923 12.2225 0
      vertex 14.9665 10.0003 0
      vertex 17.4538 13.3928 0
    endloop
  endfacet
  facet normal 0 0 -1
    outer loop
      vertex 14.2804 10.9577 0
      vertex 17.4538 13.3928 0
      vertex 14.9665 10.0003 0
    endloop
  endfacet
  facet normal -0 0 -1
    outer loop
      vertex 17.4538 13.3928 0
      vertex 14.2804 10.9577 0
      vertex 16.5405 14.5056 0
    endloop
  endfacet
  facet normal 0 0 -1
    outer loop
      vertex 13.5331 11.8682 0
      vertex 16.5405 14.5056 0
      vertex 14.2804 10.9577 0
    endloop
  endfacet
  facet normal -0 0 -1
    outer loop
      vertex 16.5405 14.5056 0
      vertex 13.5331 11.8682 0
      vertex 15.5563 15.5563 0
    endloop
  endfacet
  facet normal 0 0 -1
    outer loop
      vertex 12.7279 12.7279 0
      vertex 15.5563 15.5563 0
      vertex 13.5331 11.8682 0
    endloop
  endfacet
  facet normal -0 0 -1
    outer loop
      vertex 15.5563 15.5563 0
      vertex 12.7279 12.7279 0
      vertex 14.5056 16.5405 0
    endloop
  endfacet
  facet normal 0 0 -1
    outer loop
      vertex 11.8682 13.5331 0
      vertex 14.5056 16.5405 0
      vertex 12.7279 12.7279 0
    endloop
  endfacet
  facet normal -0 0 -1
    outer loop
      vertex 14.5056 16.5405 0
      vertex 11.8682 13.5331 0
      vertex 13.3928 17.4538 0
    endloop
  endfacet
  facet normal 0 0 -1
    outer loop
      vertex 10.9577 14.2804 0
      vertex 13.3928 17.4538 0
      vertex 11.8682 13.5331 0
    endloop
  endfacet
  facet normal -0 0 -1
    outer loop
      vertex 13.3928 17.4538 0
      vertex 10.9577 14.2804 0
      vertex 12.2225 18.2923 0
    endloop
  endfacet
  facet normal 0 0 -1
    outer loop
      vertex 10.0003 14.9665 0
      vertex 12.2225 18.2923 0
      vertex 10.9577 14.2804 0
    endloop
  endfacet
  facet normal -0 0 -1
    outer loop
      vertex 12.2225 18.2923 0
      vertex 10.0003 14.9665 0
      vertex 11 19.0526 0
    endloop
  endfacet
  facet normal 0 0 -1
    outer loop
      vertex 9 15.5885 0
      vertex 11 19.0526 0
      vertex 10.0003 14.9665 0
    endloop
  endfacet
  facet normal -0 0 -1
    outer loop
      vertex 11 19.0526 0
      vertex 9 15.5885 0
      vertex 9.73035 19.7312 0
    endloop
  endfacet
  facet normal 0 0 -1
    outer loop
      vertex 7.9612 16.1437 0
      vertex 9.73035 19.7312 0
      vertex 9 15.5885 0
    endloop
  endfacet
  facet normal -0 0 -1
    outer loop
      vertex 9.73035 19.7312 0
      vertex 7.9612 16.1437 0
      vertex 8.41903 20.3253 0
    endloop
  endfacet
  facet normal 0 0 -1
    outer loop
      vertex 6.8883 16.6298 0
      vertex 8.41903 20.3253 0
      vertex 7.9612 16.1437 0
    endloop
  endfacet
  facet normal -0 0 -1
    outer loop
      vertex 8.41903 20.3253 0
      vertex 6.8883 16.6298 0
      vertex 7.07167 20.8325 0
    endloop
  endfacet
  facet normal 0 0 -1
    outer loop
      vertex 5.78591 17.0447 0
      vertex 7.07167 20.8325 0
      vertex 6.8883 16.6298 0
    endloop
  endfacet
  facet normal 0 0 -1
    outer loop
      vertex 5.78591 17.0447 0
      vertex 5.69402 21.2504 0
      vertex 7.07167 20.8325 0
    endloop
  endfacet
  facet normal 0 0 -1
    outer loop
      vertex 4.65874 17.3867 0
      vertex 5.69402 21.2504 0
      vertex 5.78591 17.0447 0
    endloop
  endfacet
  facet normal 0 0 -1
    outer loop
      vertex 4.65874 17.3867 0
      vertex 4.5 21.5288 0
      vertex 5.69402 21.2504 0
    endloop
  endfacet
  facet normal 0 0 -1
    outer loop
      vertex 1.97312 24.027 0
      vertex 4.5 25 0
      vertex 4.5 21.5288 0
    endloop
  endfacet
  facet normal 0 -0 -1
    outer loop
      vertex 2.08325 24.2928 0
      vertex 4.5 25 0
      vertex 2.03253 24.1581 0
    endloop
  endfacet
  facet normal 0 -0 -1
    outer loop
      vertex 2.15773 24.5708 0
      vertex 4.5 25 0
      vertex 2.12504 24.4306 0
    endloop
  endfacet
  facet normal 0 -0 -1
    outer loop
      vertex 2.18118 24.7128 0
      vertex 4.5 25 0
      vertex 2.15773 24.5708 0
    endloop
  endfacet
  facet normal 0 -0 -1
    outer loop
      vertex 2.2 25 0
      vertex 4.5 25 0
      vertex 2.19529 24.8561 0
    endloop
  endfacet
  facet normal 0 0 -1
    outer loop
      vertex 3.51163 17.6541 0
      vertex 4.5 21.5288 0
      vertex 4.65874 17.3867 0
    endloop
  endfacet
  facet normal 0 -0 -1
    outer loop
      vertex 2.12504 24.4306 0
      vertex 4.5 25 0
      vertex 2.08325 24.2928 0
    endloop
  endfacet
  facet normal 0 -0 -1
    outer loop
      vertex 2.19529 24.8561 0
      vertex 4.5 25 0
      vertex 2.18118 24.7128 0
    endloop
  endfacet
  facet normal 0 0 -1
    outer loop
      vertex 2.19529 25.1439 0
      vertex 4.49037 25.2943 0
      vertex 2.2 25 0
    endloop
  endfacet
  facet normal 0 0 -1
    outer loop
      vertex 2.18118 25.2872 0
      vertex 4.4615 25.5874 0
      vertex 2.19529 25.1439 0
    endloop
  endfacet
  facet normal -0 0 -1
    outer loop
      vertex 4.4615 25.5874 0
      vertex 2.18118 25.2872 0
      vertex 4.41353 25.8779 0
    endloop
  endfacet
  facet normal 0 0 -1
    outer loop
      vertex 2.34947 17.846 0
      vertex 4.5 21.5288 0
      vertex 3.51163 17.6541 0
    endloop
  endfacet
  facet normal -0 0 -1
    outer loop
      vertex 4.41353 25.8779 0
      vertex 2.15773 25.4292 0
      vertex 4.34667 26.1647 0
    endloop
  endfacet
  facet normal -0 0 -1
    outer loop
      vertex 4.34667 26.1647 0
      vertex 2.12504 25.5694 0
      vertex 4.26118 26.4465 0
    endloop
  endfacet
  facet normal 0 0 -1
    outer loop
      vertex 2.08325 25.7072 0
      vertex 4.26118 26.4465 0
      vertex 2.12504 25.5694 0
    endloop
  endfacet
  facet normal 0 0 -1
    outer loop
      vertex 2.03253 25.8419 0
      vertex 4.15746 26.7221 0
      vertex 2.08325 25.7072 0
    endloop
  endfacet
  facet normal 0 0 -1
    outer loop
      vertex 1.97312 25.973 0
      vertex 4.03593 26.9903 0
      vertex 2.03253 25.8419 0
    endloop
  endfacet
  facet normal 0 0 -1
    outer loop
      vertex 1.17726 17.9615 0
      vertex 4.5 21.5288 0
      vertex 2.34947 17.846 0
    endloop
  endfacet
  facet normal -0 0 -1
    outer loop
      vertex 4.15746 26.7221 0
      vertex 2.03253 25.8419 0
      vertex 4.03593 26.9903 0
    endloop
  endfacet
  facet normal 0 0 -1
    outer loop
      vertex 1.90526 26.1 0
      vertex 3.89711 27.25 0
      vertex 1.97312 25.973 0
    endloop
  endfacet
  facet normal -0 0 -1
    outer loop
      vertex 4.03593 26.9903 0
      vertex 1.97312 25.973 0
      vertex 3.89711 27.25 0
    endloop
  endfacet
  facet normal -0 0 -1
    outer loop
      vertex 4.26118 26.4465 0
      vertex 2.08325 25.7072 0
      vertex 4.15746 26.7221 0
    endloop
  endfacet
  facet normal 0 0 -1
    outer loop
      vertex 2.12504 25.5694 0
      vertex 4.34667 26.1647 0
      vertex 2.15773 25.4292 0
    endloop
  endfacet
  facet normal 0 0 -1
    outer loop
      vertex 2.15773 25.4292 0
      vertex 4.41353 25.8779 0
      vertex 2.18118 25.2872 0
    endloop
  endfacet
  facet normal -0 0 -1
    outer loop
      vertex 4.49037 25.2943 0
      vertex 2.19529 25.1439 0
      vertex 4.4615 25.5874 0
    endloop
  endfacet
  facet normal 0 0 -1
    outer loop
      vertex 4.5 25 0
      vertex 2.2 25 0
      vertex 4.49037 25.2943 0
    endloop
  endfacet
  facet normal 0 0 -1
    outer loop
      vertex 4.5 25 0
      vertex 1.97312 24.027 0
      vertex 2.03253 24.1581 0
    endloop
  endfacet
  facet normal 0 0 -1
    outer loop
      vertex 4.5 21.5288 0
      vertex 1.90526 23.9 0
      vertex 1.97312 24.027 0
    endloop
  endfacet
  facet normal 0 0 -1
    outer loop
      vertex 4.5 21.5288 0
      vertex 1.82923 23.7777 0
      vertex 1.90526 23.9 0
    endloop
  endfacet
  facet normal 0 0 -1
    outer loop
      vertex 4.5 21.5288 0
      vertex 1.74538 23.6607 0
      vertex 1.82923 23.7777 0
    endloop
  endfacet
  facet normal 0 0 -1
    outer loop
      vertex 4.5 21.5288 0
      vertex 1.65405 23.5494 0
      vertex 1.74538 23.6607 0
    endloop
  endfacet
  facet normal 0 0 -1
    outer loop
      vertex 4.5 21.5288 0
      vertex 1.55563 23.4444 0
      vertex 1.65405 23.5494 0
    endloop
  endfacet
  facet normal 0 0 -1
    outer loop
      vertex 4.5 21.5288 0
      vertex 1.45056 23.346 0
      vertex 1.55563 23.4444 0
    endloop
  endfacet
  facet normal 0 0 -1
    outer loop
      vertex 4.5 21.5288 0
      vertex 1.33927 23.2546 0
      vertex 1.45056 23.346 0
    endloop
  endfacet
  facet normal 0 0 -1
    outer loop
      vertex 4.5 21.5288 0
      vertex 1.22225 23.1708 0
      vertex 1.33927 23.2546 0
    endloop
  endfacet
  facet normal 0 0 -1
    outer loop
      vertex 0.841903 22.9675 0
      vertex 4.5 21.5288 0
      vertex 1.17726 17.9615 0
    endloop
  endfacet
  facet normal 0 0 -1
    outer loop
      vertex 4.5 21.5288 0
      vertex 1.1 23.0947 0
      vertex 1.22225 23.1708 0
    endloop
  endfacet
  facet normal 0 0 -1
    outer loop
      vertex 4.5 21.5288 0
      vertex 0.973035 23.0269 0
      vertex 1.1 23.0947 0
    endloop
  endfacet
  facet normal 0 0 -1
    outer loop
      vertex 4.5 21.5288 0
      vertex 0.841903 22.9675 0
      vertex 0.973035 23.0269 0
    endloop
  endfacet
  facet normal 0 0 -1
    outer loop
      vertex 1.17726 17.9615 0
      vertex 0.707167 22.9168 0
      vertex 0.841903 22.9675 0
    endloop
  endfacet
  facet normal 0 0 -1
    outer loop
      vertex 1.17726 17.9615 0
      vertex 0.569402 22.875 0
      vertex 0.707167 22.9168 0
    endloop
  endfacet
  facet normal 0 0 -1
    outer loop
      vertex 1.17726 17.9615 0
      vertex 0.429198 22.8423 0
      vertex 0.569402 22.875 0
    endloop
  endfacet
  facet normal 0 0 -1
    outer loop
      vertex 1.17726 17.9615 0
      vertex 0.287157 22.8188 0
      vertex 0.429198 22.8423 0
    endloop
  endfacet
  facet normal 0 0 -1
    outer loop
      vertex 0 18 0
      vertex 0.287157 22.8188 0
      vertex 1.17726 17.9615 0
    endloop
  endfacet
  facet normal 0 0 -1
    outer loop
      vertex 0.287157 22.8188 0
      vertex 0 18 0
      vertex 0.143887 22.8047 0
    endloop
  endfacet
  facet normal 0 0 -1
    outer loop
      vertex 0 18 0
      vertex 0 22.8 0
      vertex 0.143887 22.8047 0
    endloop
  endfacet
  facet normal 0 0 -1
    outer loop
      vertex 0 18 0
      vertex -0.143887 22.8047 0
      vertex 0 22.8 0
    endloop
  endfacet
  facet normal 0 0 -1
    outer loop
      vertex 0 18 0
      vertex -0.287157 22.8188 0
      vertex -0.143887 22.8047 0
    endloop
  endfacet
  facet normal 0 0 -1
    outer loop
      vertex -1.17726 17.9615 0
      vertex -0.287157 22.8188 0
      vertex 0 18 0
    endloop
  endfacet
  facet normal -0 0 -1
    outer loop
      vertex -0.287157 22.8188 0
      vertex -1.17726 17.9615 0
      vertex -0.429198 22.8423 0
    endloop
  endfacet
  facet normal -0 0 -1
    outer loop
      vertex -0.429198 22.8423 0
      vertex -1.17726 17.9615 0
      vertex -0.569402 22.875 0
    endloop
  endfacet
  facet normal -0 0 -1
    outer loop
      vertex -0.569402 22.875 0
      vertex -1.17726 17.9615 0
      vertex -0.707167 22.9168 0
    endloop
  endfacet
  facet normal -0 0 -1
    outer loop
      vertex -0.707167 22.9168 0
      vertex -1.17726 17.9615 0
      vertex -0.841903 22.9675 0
    endloop
  endfacet
  facet normal 0 0 -1
    outer loop
      vertex -4.5 21.5288 0
      vertex -0.841903 22.9675 0
      vertex -1.17726 17.9615 0
    endloop
  endfacet
  facet normal -0 0 -1
    outer loop
      vertex -0.841903 22.9675 0
      vertex -4.5 21.5288 0
      vertex -0.973035 23.0269 0
    endloop
  endfacet
  facet normal -0 0 -1
    outer loop
      vertex -0.973035 23.0269 0
      vertex -4.5 21.5288 0
      vertex -1.1 23.0947 0
    endloop
  endfacet
  facet normal -0 0 -1
    outer loop
      vertex -1.1 23.0947 0
      vertex -4.5 21.5288 0
      vertex -1.22225 23.1708 0
    endloop
  endfacet
  facet normal -0 0 -1
    outer loop
      vertex -1.22225 23.1708 0
      vertex -4.5 21.5288 0
      vertex -1.33927 23.2546 0
    endloop
  endfacet
  facet normal -0 0 -1
    outer loop
      vertex -1.33927 23.2546 0
      vertex -4.5 21.5288 0
      vertex -1.45056 23.346 0
    endloop
  endfacet
  facet normal -0 0 -1
    outer loop
      vertex -1.45056 23.346 0
      vertex -4.5 21.5288 0
      vertex -1.55563 23.4444 0
    endloop
  endfacet
  facet normal -0 0 -1
    outer loop
      vertex -1.55563 23.4444 0
      vertex -4.5 21.5288 0
      vertex -1.65405 23.5494 0
    endloop
  endfacet
  facet normal -0 0 -1
    outer loop
      vertex -1.65405 23.5494 0
      vertex -4.5 21.5288 0
      vertex -1.74538 23.6607 0
    endloop
  endfacet
  facet normal -0 0 -1
    outer loop
      vertex -1.74538 23.6607 0
      vertex -4.5 21.5288 0
      vertex -1.82923 23.7777 0
    endloop
  endfacet
  facet normal -0 0 -1
    outer loop
      vertex -1.82923 23.7777 0
      vertex -4.5 21.5288 0
      vertex -1.90526 23.9 0
    endloop
  endfacet
  facet normal -0 0 -1
    outer loop
      vertex -1.90526 23.9 0
      vertex -4.5 21.5288 0
      vertex -1.97312 24.027 0
    endloop
  endfacet
  facet normal 0 0 -1
    outer loop
      vertex -4.5 25 0
      vertex -1.97312 24.027 0
      vertex -4.5 21.5288 0
    endloop
  endfacet
  facet normal 0 0 -1
    outer loop
      vertex -1.97312 24.027 0
      vertex -4.5 25 0
      vertex -2.03253 24.1581 0
    endloop
  endfacet
  facet normal 0 0 -1
    outer loop
      vertex -2.03253 24.1581 0
      vertex -4.5 25 0
      vertex -2.08325 24.2928 0
    endloop
  endfacet
  facet normal 0 0 -1
    outer loop
      vertex -2.08325 24.2928 0
      vertex -4.5 25 0
      vertex -2.12504 24.4306 0
    endloop
  endfacet
  facet normal 0 0 -1
    outer loop
      vertex -4.5 21.5288 0
      vertex -1.17726 17.9615 0
      vertex -2.34947 17.846 0
    endloop
  endfacet
  facet normal 0 0 -1
    outer loop
      vertex -2.12504 24.4306 0
      vertex -4.5 25 0
      vertex -2.15773 24.5708 0
    endloop
  endfacet
  facet normal 0 0 -1
    outer loop
      vertex -2.15773 24.5708 0
      vertex -4.5 25 0
      vertex -2.18118 24.7128 0
    endloop
  endfacet
  facet normal 0 0 -1
    outer loop
      vertex -2.18118 24.7128 0
      vertex -4.5 25 0
      vertex -2.19529 24.8561 0
    endloop
  endfacet
  facet normal 0 -0 -1
    outer loop
      vertex -4.49037 25.2943 0
      vertex -2.2 25 0
      vertex -4.5 25 0
    endloop
  endfacet
  facet normal 0 0 -1
    outer loop
      vertex -2.2 25 0
      vertex -2.50007 28.7416 0
      vertex -2.25 28.8971 0
    endloop
  endfacet
  facet normal 0 0 -1
    outer loop
      vertex -2.2 25 0
      vertex -2.73943 28.5701 0
      vertex -2.50007 28.7416 0
    endloop
  endfacet
  facet normal 0 0 -1
    outer loop
      vertex -2.2 25 0
      vertex -2.96706 28.3833 0
      vertex -2.73943 28.5701 0
    endloop
  endfacet
  facet normal 0 0 -1
    outer loop
      vertex -2.2 25 0
      vertex -3.18198 28.182 0
      vertex -2.96706 28.3833 0
    endloop
  endfacet
  facet normal 0 0 -1
    outer loop
      vertex -4.5 21.5288 0
      vertex -2.34947 17.846 0
      vertex -3.51163 17.6541 0
    endloop
  endfacet
  facet normal 0 0 -1
    outer loop
      vertex -2.19529 24.8561 0
      vertex -4.5 25 0
      vertex -2.2 25 0
    endloop
  endfacet
  facet normal 0 0 -1
    outer loop
      vertex -2.2 25 0
      vertex -3.38328 27.9671 0
      vertex -3.18198 28.182 0
    endloop
  endfacet
  facet normal 0 0 -1
    outer loop
      vertex -2.2 25 0
      vertex -3.57009 27.7394 0
      vertex -3.38328 27.9671 0
    endloop
  endfacet
  facet normal 0 0 -1
    outer loop
      vertex -2.2 25 0
      vertex -3.74161 27.5001 0
      vertex -3.57009 27.7394 0
    endloop
  endfacet
  facet normal 0 0 -1
    outer loop
      vertex -2.2 25 0
      vertex -3.89711 27.25 0
      vertex -3.74161 27.5001 0
    endloop
  endfacet
  facet normal 0 0 -1
    outer loop
      vertex -2.2 25 0
      vertex -4.03593 26.9903 0
      vertex -3.89711 27.25 0
    endloop
  endfacet
  facet normal 0 0 -1
    outer loop
      vertex -2.2 25 0
      vertex -4.26118 26.4465 0
      vertex -4.15746 26.7221 0
    endloop
  endfacet
  facet normal 0 0 -1
    outer loop
      vertex -2.2 25 0
      vertex -4.34667 26.1647 0
      vertex -4.26118 26.4465 0
    endloop
  endfacet
  facet normal 0 0 -1
    outer loop
      vertex -2.2 25 0
      vertex -4.41353 25.8779 0
      vertex -4.34667 26.1647 0
    endloop
  endfacet
  facet normal 0 0 -1
    outer loop
      vertex -2.2 25 0
      vertex -4.4615 25.5874 0
      vertex -4.41353 25.8779 0
    endloop
  endfacet
  facet normal 0 0 -1
    outer loop
      vertex -2.2 25 0
      vertex -4.15746 26.7221 0
      vertex -4.03593 26.9903 0
    endloop
  endfacet
  facet normal 0 0 -1
    outer loop
      vertex -4.65874 17.3867 0
      vertex -4.5 21.5288 0
      vertex -3.51163 17.6541 0
    endloop
  endfacet
  facet normal 0 0 -1
    outer loop
      vertex -4.65874 17.3867 0
      vertex -5.69402 21.2504 0
      vertex -4.5 21.5288 0
    endloop
  endfacet
  facet normal 0 0 -1
    outer loop
      vertex -5.78591 17.0447 0
      vertex -5.69402 21.2504 0
      vertex -4.65874 17.3867 0
    endloop
  endfacet
  facet normal 0 0 -1
    outer loop
      vertex -7.07167 20.8325 0
      vertex -5.78591 17.0447 0
      vertex -6.8883 16.6298 0
    endloop
  endfacet
  facet normal 0 0 -1
    outer loop
      vertex -5.78591 17.0447 0
      vertex -7.07167 20.8325 0
      vertex -5.69402 21.2504 0
    endloop
  endfacet
  facet normal 0 0 -1
    outer loop
      vertex -8.41903 20.3253 0
      vertex -6.8883 16.6298 0
      vertex -7.9612 16.1437 0
    endloop
  endfacet
  facet normal 0 0 -1
    outer loop
      vertex -6.8883 16.6298 0
      vertex -8.41903 20.3253 0
      vertex -7.07167 20.8325 0
    endloop
  endfacet
  facet normal 0 0 -1
    outer loop
      vertex -9.73035 19.7312 0
      vertex -7.9612 16.1437 0
      vertex -9 15.5885 0
    endloop
  endfacet
  facet normal 0 0 -1
    outer loop
      vertex -7.9612 16.1437 0
      vertex -9.73035 19.7312 0
      vertex -8.41903 20.3253 0
    endloop
  endfacet
  facet normal 0 0 -1
    outer loop
      vertex -11 19.0526 0
      vertex -9 15.5885 0
      vertex -10.0003 14.9665 0
    endloop
  endfacet
  facet normal 0 0 -1
    outer loop
      vertex -12.2225 18.2923 0
      vertex -10.0003 14.9665 0
      vertex -10.9577 14.2804 0
    endloop
  endfacet
  facet normal 0 0 -1
    outer loop
      vertex -9 15.5885 0
      vertex -11 19.0526 0
      vertex -9.73035 19.7312 0
    endloop
  endfacet
  facet normal 0 0 -1
    outer loop
      vertex -13.3928 17.4538 0
      vertex -10.9577 14.2804 0
      vertex -11.8682 13.5331 0
    endloop
  endfacet
  facet normal 0 0 -1
    outer loop
      vertex -10.0003 14.9665 0
      vertex -12.2225 18.2923 0
      vertex -11 19.0526 0
    endloop
  endfacet
  facet normal 0 0 -1
    outer loop
      vertex -14.5056 16.5405 0
      vertex -11.8682 13.5331 0
      vertex -12.7279 12.7279 0
    endloop
  endfacet
  facet normal 0 0 -1
    outer loop
      vertex -10.9577 14.2804 0
      vertex -13.3928 17.4538 0
      vertex -12.2225 18.2923 0
    endloop
  endfacet
  facet normal 0 0 -1
    outer loop
      vertex -15.5563 15.5563 0
      vertex -12.7279 12.7279 0
      vertex -13.5331 11.8682 0
    endloop
  endfacet
  facet normal 0 0 -1
    outer loop
      vertex -16.5405 14.5056 0
      vertex -13.5331 11.8682 0
      vertex -14.2804 10.9577 0
    endloop
  endfacet
  facet normal 0 0 -1
    outer loop
      vertex -11.8682 13.5331 0
      vertex -14.5056 16.5405 0
      vertex -13.3928 17.4538 0
    endloop
  endfacet
  facet normal 0 0 -1
    outer loop
      vertex -17.4538 13.3928 0
      vertex -14.2804 10.9577 0
      vertex -14.9665 10.0003 0
    endloop
  endfacet
  facet normal 0 0 -1
    outer loop
      vertex -12.7279 12.7279 0
      vertex -15.5563 15.5563 0
      vertex -14.5056 16.5405 0
    endloop
  endfacet
  facet normal 0 0 -1
    outer loop
      vertex -18.2923 12.2225 0
      vertex -14.9665 10.0003 0
      vertex -15.5885 9 0
    endloop
  endfacet
  facet normal 0 0 -1
    outer loop
      vertex -19.0526 11 0
      vertex -15.5885 9 0
      vertex -16.1437 7.9612 0
    endloop
  endfacet
  facet normal 0 0 -1
    outer loop
      vertex -13.5331 11.8682 0
      vertex -16.5405 14.5056 0
      vertex -15.5563 15.5563 0
    endloop
  endfacet
  facet normal 0 0 -1
    outer loop
      vertex -19.7312 9.73035 0
      vertex -16.1437 7.9612 0
      vertex -16.6298 6.8883 0
    endloop
  endfacet
  facet normal 0 0 -1
    outer loop
      vertex -20.3253 8.41903 0
      vertex -16.6298 6.8883 0
      vertex -17.0447 5.78591 0
    endloop
  endfacet
  facet normal 0 0 -1
    outer loop
      vertex -20.8325 7.07167 0
      vertex -17.0447 5.78591 0
      vertex -17.3867 4.65874 0
    endloop
  endfacet
  facet normal 0 0 -1
    outer loop
      vertex -14.2804 10.9577 0
      vertex -17.4538 13.3928 0
      vertex -16.5405 14.5056 0
    endloop
  endfacet
  facet normal 0 0 -1
    outer loop
      vertex -21.2504 5.69402 0
      vertex -17.3867 4.65874 0
      vertex -17.6541 3.51163 0
    endloop
  endfacet
  facet normal 0 0 -1
    outer loop
      vertex -21.5773 4.29199 0
      vertex -17.6541 3.51163 0
      vertex -17.846 2.34947 0
    endloop
  endfacet
  facet normal 0 0 -1
    outer loop
      vertex -21.8118 2.87158 0
      vertex -17.846 2.34947 0
      vertex -17.9615 1.17726 0
    endloop
  endfacet
  facet normal 0 0 -1
    outer loop
      vertex -14.9665 10.0003 0
      vertex -18.2923 12.2225 0
      vertex -17.4538 13.3928 0
    endloop
  endfacet
  facet normal 0 0 -1
    outer loop
      vertex -21.9529 1.43887 0
      vertex -17.9615 1.17726 0
      vertex -18 0 0
    endloop
  endfacet
  facet normal 0 0 -1
    outer loop
      vertex -21.2504 -5.69402 0
      vertex -17.3867 -4.65874 0
      vertex -20.8325 -7.07167 0
    endloop
  endfacet
  facet normal -0 0 -1
    outer loop
      vertex -17.3867 -4.65874 0
      vertex -21.2504 -5.69402 0
      vertex -17.6541 -3.51163 0
    endloop
  endfacet
  facet normal 0 0 -1
    outer loop
      vertex -15.5885 9 0
      vertex -19.0526 11 0
      vertex -18.2923 12.2225 0
    endloop
  endfacet
  facet normal 0 0 -1
    outer loop
      vertex -21.5773 -4.29199 0
      vertex -17.6541 -3.51163 0
      vertex -21.2504 -5.69402 0
    endloop
  endfacet
  facet normal 0 0 -1
    outer loop
      vertex -16.1437 7.9612 0
      vertex -19.7312 9.73035 0
      vertex -19.0526 11 0
    endloop
  endfacet
  facet normal -0 0 -1
    outer loop
      vertex -17.6541 -3.51163 0
      vertex -21.5773 -4.29199 0
      vertex -17.846 -2.34947 0
    endloop
  endfacet
  facet normal 0 0 -1
    outer loop
      vertex -16.6298 6.8883 0
      vertex -20.3253 8.41903 0
      vertex -19.7312 9.73035 0
    endloop
  endfacet
  facet normal 0 0 -1
    outer loop
      vertex -21.8118 -2.87158 0
      vertex -17.846 -2.34947 0
      vertex -21.5773 -4.29199 0
    endloop
  endfacet
  facet normal 0 0 -1
    outer loop
      vertex -17.0447 5.78591 0
      vertex -20.8325 7.07167 0
      vertex -20.3253 8.41903 0
    endloop
  endfacet
  facet normal -0 0 -1
    outer loop
      vertex -17.846 -2.34947 0
      vertex -21.8118 -2.87158 0
      vertex -17.9615 -1.17726 0
    endloop
  endfacet
  facet normal 0 0 -1
    outer loop
      vertex -17.3867 4.65874 0
      vertex -21.2504 5.69402 0
      vertex -20.8325 7.07167 0
    endloop
  endfacet
  facet normal 0 0 -1
    outer loop
      vertex -21.9529 -1.43887 0
      vertex -17.9615 -1.17726 0
      vertex -21.8118 -2.87158 0
    endloop
  endfacet
  facet normal 0 0 -1
    outer loop
      vertex -17.6541 3.51163 0
      vertex -21.5773 4.29199 0
      vertex -21.2504 5.69402 0
    endloop
  endfacet
  facet normal -0 0 -1
    outer loop
      vertex -17.9615 -1.17726 0
      vertex -21.9529 -1.43887 0
      vertex -18 0 0
    endloop
  endfacet
  facet normal 0 0 -1
    outer loop
      vertex -17.846 2.34947 0
      vertex -21.8118 2.87158 0
      vertex -21.5773 4.29199 0
    endloop
  endfacet
  facet normal 0 0 -1
    outer loop
      vertex -22 0 0
      vertex -18 0 0
      vertex -21.9529 -1.43887 0
    endloop
  endfacet
  facet normal 0 0 -1
    outer loop
      vertex -17.9615 1.17726 0
      vertex -21.9529 1.43887 0
      vertex -21.8118 2.87158 0
    endloop
  endfacet
  facet normal 0 0 -1
    outer loop
      vertex -18 0 0
      vertex -22 0 0
      vertex -21.9529 1.43887 0
    endloop
  endfacet
  facet normal -0 0 -1
    outer loop
      vertex 3.89711 27.25 0
      vertex 1.90526 26.1 0
      vertex 3.74161 27.5001 0
    endloop
  endfacet
  facet normal 0 0 -1
    outer loop
      vertex 1.82923 26.2223 0
      vertex 3.74161 27.5001 0
      vertex 1.90526 26.1 0
    endloop
  endfacet
  facet normal -0 0 -1
    outer loop
      vertex 3.74161 27.5001 0
      vertex 1.82923 26.2223 0
      vertex 3.57009 27.7394 0
    endloop
  endfacet
  facet normal 0 0 -1
    outer loop
      vertex 1.74538 26.3393 0
      vertex 3.57009 27.7394 0
      vertex 1.82923 26.2223 0
    endloop
  endfacet
  facet normal -0 0 -1
    outer loop
      vertex 3.57009 27.7394 0
      vertex 1.74538 26.3393 0
      vertex 3.38328 27.9671 0
    endloop
  endfacet
  facet normal 0 0 -1
    outer loop
      vertex 1.65405 26.4506 0
      vertex 3.38328 27.9671 0
      vertex 1.74538 26.3393 0
    endloop
  endfacet
  facet normal -0 0 -1
    outer loop
      vertex 3.38328 27.9671 0
      vertex 1.65405 26.4506 0
      vertex 3.18198 28.182 0
    endloop
  endfacet
  facet normal 0 0 -1
    outer loop
      vertex 1.55563 26.5556 0
      vertex 3.18198 28.182 0
      vertex 1.65405 26.4506 0
    endloop
  endfacet
  facet normal -0 0 -1
    outer loop
      vertex 3.18198 28.182 0
      vertex 1.55563 26.5556 0
      vertex 2.96706 28.3833 0
    endloop
  endfacet
  facet normal 0 0 -1
    outer loop
      vertex 1.45056 26.654 0
      vertex 2.96706 28.3833 0
      vertex 1.55563 26.5556 0
    endloop
  endfacet
  facet normal -0 0 -1
    outer loop
      vertex 2.96706 28.3833 0
      vertex 1.45056 26.654 0
      vertex 2.73943 28.5701 0
    endloop
  endfacet
  facet normal 0 0 -1
    outer loop
      vertex 1.33927 26.7454 0
      vertex 2.73943 28.5701 0
      vertex 1.45056 26.654 0
    endloop
  endfacet
  facet normal -0 0 -1
    outer loop
      vertex 2.73943 28.5701 0
      vertex 1.33927 26.7454 0
      vertex 2.50007 28.7416 0
    endloop
  endfacet
  facet normal 0 0 -1
    outer loop
      vertex 1.22225 26.8292 0
      vertex 2.50007 28.7416 0
      vertex 1.33927 26.7454 0
    endloop
  endfacet
  facet normal -0 0 -1
    outer loop
      vertex 2.50007 28.7416 0
      vertex 1.22225 26.8292 0
      vertex 2.25 28.8971 0
    endloop
  endfacet
  facet normal 0 0 -1
    outer loop
      vertex 1.1 26.9053 0
      vertex 2.25 28.8971 0
      vertex 1.22225 26.8292 0
    endloop
  endfacet
  facet normal -0 0 -1
    outer loop
      vertex 2.25 28.8971 0
      vertex 1.1 26.9053 0
      vertex 1.9903 29.0359 0
    endloop
  endfacet
  facet normal 0 0 -1
    outer loop
      vertex 0.973035 26.9731 0
      vertex 1.9903 29.0359 0
      vertex 1.1 26.9053 0
    endloop
  endfacet
  facet normal -0 0 -1
    outer loop
      vertex 1.9903 29.0359 0
      vertex 0.973035 26.9731 0
      vertex 1.72207 29.1575 0
    endloop
  endfacet
  facet normal 0 0 -1
    outer loop
      vertex 0.841903 27.0325 0
      vertex 1.72207 29.1575 0
      vertex 0.973035 26.9731 0
    endloop
  endfacet
  facet normal -0 0 -1
    outer loop
      vertex 1.72207 29.1575 0
      vertex 0.841903 27.0325 0
      vertex 1.44648 29.2612 0
    endloop
  endfacet
  facet normal 0 0 -1
    outer loop
      vertex 0.707167 27.0832 0
      vertex 1.44648 29.2612 0
      vertex 0.841903 27.0325 0
    endloop
  endfacet
  facet normal -0 0 -1
    outer loop
      vertex 1.44648 29.2612 0
      vertex 0.707167 27.0832 0
      vertex 1.16469 29.3467 0
    endloop
  endfacet
  facet normal 0 0 -1
    outer loop
      vertex 0.569402 27.125 0
      vertex 1.16469 29.3467 0
      vertex 0.707167 27.0832 0
    endloop
  endfacet
  facet normal -0 0 -1
    outer loop
      vertex 1.16469 29.3467 0
      vertex 0.569402 27.125 0
      vertex 0.877906 29.4135 0
    endloop
  endfacet
  facet normal 0 0 -1
    outer loop
      vertex 0.429198 27.1577 0
      vertex 0.877906 29.4135 0
      vertex 0.569402 27.125 0
    endloop
  endfacet
  facet normal -0 0 -1
    outer loop
      vertex 0.877906 29.4135 0
      vertex 0.429198 27.1577 0
      vertex 0.587367 29.4615 0
    endloop
  endfacet
  facet normal 0 0 -1
    outer loop
      vertex 0.287157 27.1812 0
      vertex 0.587367 29.4615 0
      vertex 0.429198 27.1577 0
    endloop
  endfacet
  facet normal -0 0 -1
    outer loop
      vertex 0.587367 29.4615 0
      vertex 0.287157 27.1812 0
      vertex 0.294313 29.4904 0
    endloop
  endfacet
  facet normal 0 0 -1
    outer loop
      vertex 0.143887 27.1953 0
      vertex 0.294313 29.4904 0
      vertex 0.287157 27.1812 0
    endloop
  endfacet
  facet normal 0 0 -1
    outer loop
      vertex 0 27.2 0
      vertex 0.294313 29.4904 0
      vertex 0.143887 27.1953 0
    endloop
  endfacet
  facet normal 0 0 -1
    outer loop
      vertex 0 27.2 0
      vertex 0 29.5 0
      vertex 0.294313 29.4904 0
    endloop
  endfacet
  facet normal 0 0 -1
    outer loop
      vertex -0.143887 27.1953 0
      vertex 0 29.5 0
      vertex 0 27.2 0
    endloop
  endfacet
  facet normal 0 0 -1
    outer loop
      vertex -0.294313 29.4904 0
      vertex -0.143887 27.1953 0
      vertex -0.287157 27.1812 0
    endloop
  endfacet
  facet normal 0 0 -1
    outer loop
      vertex -0.143887 27.1953 0
      vertex -0.294313 29.4904 0
      vertex 0 29.5 0
    endloop
  endfacet
  facet normal 0 0 -1
    outer loop
      vertex -0.587367 29.4615 0
      vertex -0.287157 27.1812 0
      vertex -0.429198 27.1577 0
    endloop
  endfacet
  facet normal 0 0 -1
    outer loop
      vertex -0.877906 29.4135 0
      vertex -0.429198 27.1577 0
      vertex -0.569402 27.125 0
    endloop
  endfacet
  facet normal 0 0 -1
    outer loop
      vertex -0.287157 27.1812 0
      vertex -0.587367 29.4615 0
      vertex -0.294313 29.4904 0
    endloop
  endfacet
  facet normal 0 0 -1
    outer loop
      vertex -1.16469 29.3467 0
      vertex -0.569402 27.125 0
      vertex -0.707167 27.0832 0
    endloop
  endfacet
  facet normal 0 0 -1
    outer loop
      vertex -1.44648 29.2612 0
      vertex -0.707167 27.0832 0
      vertex -0.841903 27.0325 0
    endloop
  endfacet
  facet normal 0 0 -1
    outer loop
      vertex -0.429198 27.1577 0
      vertex -0.877906 29.4135 0
      vertex -0.587367 29.4615 0
    endloop
  endfacet
  facet normal 0 0 -1
    outer loop
      vertex -1.72207 29.1575 0
      vertex -0.841903 27.0325 0
      vertex -0.973035 26.9731 0
    endloop
  endfacet
  facet normal 0 0 -1
    outer loop
      vertex -1.9903 29.0359 0
      vertex -0.973035 26.9731 0
      vertex -1.1 26.9053 0
    endloop
  endfacet
  facet normal 0 0 -1
    outer loop
      vertex -0.569402 27.125 0
      vertex -1.16469 29.3467 0
      vertex -0.877906 29.4135 0
    endloop
  endfacet
  facet normal 0 0 -1
    outer loop
      vertex -2.25 28.8971 0
      vertex -1.1 26.9053 0
      vertex -1.22225 26.8292 0
    endloop
  endfacet
  facet normal 0 0 -1
    outer loop
      vertex -2.25 28.8971 0
      vertex -1.22225 26.8292 0
      vertex -1.33927 26.7454 0
    endloop
  endfacet
  facet normal 0 0 -1
    outer loop
      vertex -0.707167 27.0832 0
      vertex -1.44648 29.2612 0
      vertex -1.16469 29.3467 0
    endloop
  endfacet
  facet normal 0 0 -1
    outer loop
      vertex -2.25 28.8971 0
      vertex -1.33927 26.7454 0
      vertex -1.45056 26.654 0
    endloop
  endfacet
  facet normal 0 0 -1
    outer loop
      vertex -2.25 28.8971 0
      vertex -1.45056 26.654 0
      vertex -1.55563 26.5556 0
    endloop
  endfacet
  facet normal 0 0 -1
    outer loop
      vertex -2.25 28.8971 0
      vertex -1.55563 26.5556 0
      vertex -1.65405 26.4506 0
    endloop
  endfacet
  facet normal 0 0 -1
    outer loop
      vertex -0.841903 27.0325 0
      vertex -1.72207 29.1575 0
      vertex -1.44648 29.2612 0
    endloop
  endfacet
  facet normal 0 0 -1
    outer loop
      vertex -2.25 28.8971 0
      vertex -1.65405 26.4506 0
      vertex -1.74538 26.3393 0
    endloop
  endfacet
  facet normal 0 0 -1
    outer loop
      vertex -2.25 28.8971 0
      vertex -1.74538 26.3393 0
      vertex -1.82923 26.2223 0
    endloop
  endfacet
  facet normal 0 0 -1
    outer loop
      vertex -2.25 28.8971 0
      vertex -1.82923 26.2223 0
      vertex -1.90526 26.1 0
    endloop
  endfacet
  facet normal 0 0 -1
    outer loop
      vertex -2.25 28.8971 0
      vertex -1.90526 26.1 0
      vertex -1.97312 25.973 0
    endloop
  endfacet
  facet normal 0 0 -1
    outer loop
      vertex -0.973035 26.9731 0
      vertex -1.9903 29.0359 0
      vertex -1.72207 29.1575 0
    endloop
  endfacet
  facet normal 0 0 -1
    outer loop
      vertex -2.25 28.8971 0
      vertex -1.97312 25.973 0
      vertex -2.03253 25.8419 0
    endloop
  endfacet
  facet normal 0 0 -1
    outer loop
      vertex -2.25 28.8971 0
      vertex -2.03253 25.8419 0
      vertex -2.08325 25.7072 0
    endloop
  endfacet
  facet normal 0 0 -1
    outer loop
      vertex -2.25 28.8971 0
      vertex -2.08325 25.7072 0
      vertex -2.12504 25.5694 0
    endloop
  endfacet
  facet normal 0 0 -1
    outer loop
      vertex -2.25 28.8971 0
      vertex -2.12504 25.5694 0
      vertex -2.15773 25.4292 0
    endloop
  endfacet
  facet normal 0 0 -1
    outer loop
      vertex -2.25 28.8971 0
      vertex -2.15773 25.4292 0
      vertex -2.18118 25.2872 0
    endloop
  endfacet
  facet normal 0 0 -1
    outer loop
      vertex -2.25 28.8971 0
      vertex -2.18118 25.2872 0
      vertex -2.19529 25.1439 0
    endloop
  endfacet
  facet normal 0 0 -1
    outer loop
      vertex -1.1 26.9053 0
      vertex -2.25 28.8971 0
      vertex -1.9903 29.0359 0
    endloop
  endfacet
  facet normal 0 0 -1
    outer loop
      vertex -2.25 28.8971 0
      vertex -2.19529 25.1439 0
      vertex -2.2 25 0
    endloop
  endfacet
  facet normal 0 0 -1
    outer loop
      vertex -2.2 25 0
      vertex -4.49037 25.2943 0
      vertex -4.4615 25.5874 0
    endloop
  endfacet
  facet normal 0.973878 0.227071 0
    outer loop
      vertex 21.5773 4.29199 4.5
      vertex 21.2504 5.69402 0
      vertex 21.2504 5.69402 4.5
    endloop
  endfacet
  facet normal 0.973878 0.227071 0
    outer loop
      vertex 21.2504 5.69402 0
      vertex 21.5773 4.29199 4.5
      vertex 21.5773 4.29199 0
    endloop
  endfacet
  facet normal -0.812888 0.58242 0
    outer loop
      vertex -18.2923 12.2225 0
      vertex -17.4538 13.3928 4.5
      vertex -17.4538 13.3928 0
    endloop
  endfacet
  facet normal -0.812888 0.58242 0
    outer loop
      vertex -17.4538 13.3928 4.5
      vertex -18.2923 12.2225 0
      vertex -18.2923 12.2225 4.5
    endloop
  endfacet
  facet normal -0.849171 0.528118 0
    outer loop
      vertex -19.0526 11 0
      vertex -18.2923 12.2225 4.5
      vertex -18.2923 12.2225 0
    endloop
  endfacet
  facet normal -0.849171 0.528118 0
    outer loop
      vertex -18.2923 12.2225 4.5
      vertex -19.0526 11 0
      vertex -19.0526 11 4.5
    endloop
  endfacet
  facet normal -0.881933 0.471374 0
    outer loop
      vertex -19.7312 9.73035 0
      vertex -19.0526 11 4.5
      vertex -19.0526 11 0
    endloop
  endfacet
  facet normal -0.881933 0.471374 0
    outer loop
      vertex -19.0526 11 4.5
      vertex -19.7312 9.73035 0
      vertex -19.7312 9.73035 4.5
    endloop
  endfacet
  facet normal -0.995185 0.0980105 0
    outer loop
      vertex -21.9529 1.43887 0
      vertex -21.8118 2.87158 4.5
      vertex -21.8118 2.87158 0
    endloop
  endfacet
  facet normal -0.995185 0.0980105 0
    outer loop
      vertex -21.8118 2.87158 4.5
      vertex -21.9529 1.43887 0
      vertex -21.9529 1.43887 4.5
    endloop
  endfacet
  facet normal 0 0 1
    outer loop
      vertex 2.2 25 4.5
      vertex 4.5 25 4.5
      vertex 4.49037 25.2943 4.5
    endloop
  endfacet
  facet normal 0 0 1
    outer loop
      vertex 18 0 4.5
      vertex 22 0 4.5
      vertex 21.9529 1.43887 4.5
    endloop
  endfacet
  facet normal 0 0 1
    outer loop
      vertex 17.9615 1.17726 4.5
      vertex 21.9529 1.43887 4.5
      vertex 21.8118 2.87158 4.5
    endloop
  endfacet
  facet normal 0 0 1
    outer loop
      vertex 22 0 4.5
      vertex 18 0 4.5
      vertex 21.9529 -1.43887 4.5
    endloop
  endfacet
  facet normal 0 0 1
    outer loop
      vertex 17.846 2.34947 4.5
      vertex 21.8118 2.87158 4.5
      vertex 21.5773 4.29199 4.5
    endloop
  endfacet
  facet normal -0 0 1
    outer loop
      vertex 17.9615 -1.17726 4.5
      vertex 21.9529 -1.43887 4.5
      vertex 18 0 4.5
    endloop
  endfacet
  facet normal 0 0 1
    outer loop
      vertex 17.6541 3.51163 4.5
      vertex 21.5773 4.29199 4.5
      vertex 21.2504 5.69402 4.5
    endloop
  endfacet
  facet normal 0 0 1
    outer loop
      vertex 21.9529 -1.43887 4.5
      vertex 17.9615 -1.17726 4.5
      vertex 21.8118 -2.87158 4.5
    endloop
  endfacet
  facet normal 0 0 1
    outer loop
      vertex 17.3867 4.65874 4.5
      vertex 21.2504 5.69402 4.5
      vertex 20.8325 7.07167 4.5
    endloop
  endfacet
  facet normal -0 0 1
    outer loop
      vertex 17.846 -2.34947 4.5
      vertex 21.8118 -2.87158 4.5
      vertex 17.9615 -1.17726 4.5
    endloop
  endfacet
  facet normal 0 0 1
    outer loop
      vertex 17.0447 5.78591 4.5
      vertex 20.8325 7.07167 4.5
      vertex 20.3253 8.41903 4.5
    endloop
  endfacet
  facet normal 0 0 1
    outer loop
      vertex 21.8118 -2.87158 4.5
      vertex 17.846 -2.34947 4.5
      vertex 21.5773 -4.29199 4.5
    endloop
  endfacet
  facet normal 0 0 1
    outer loop
      vertex 16.6298 6.8883 4.5
      vertex 20.3253 8.41903 4.5
      vertex 19.7312 9.73035 4.5
    endloop
  endfacet
  facet normal -0 0 1
    outer loop
      vertex 17.6541 -3.51163 4.5
      vertex 21.5773 -4.29199 4.5
      vertex 17.846 -2.34947 4.5
    endloop
  endfacet
  facet normal 0 0 1
    outer loop
      vertex 16.1437 7.9612 4.5
      vertex 19.7312 9.73035 4.5
      vertex 19.0526 11 4.5
    endloop
  endfacet
  facet normal 0 0 1
    outer loop
      vertex 21.5773 -4.29199 4.5
      vertex 17.6541 -3.51163 4.5
      vertex 21.2504 -5.69402 4.5
    endloop
  endfacet
  facet normal 0 0 1
    outer loop
      vertex 15.5885 9 4.5
      vertex 19.0526 11 4.5
      vertex 18.2923 12.2225 4.5
    endloop
  endfacet
  facet normal -0 0 1
    outer loop
      vertex 17.3867 -4.65874 4.5
      vertex 21.2504 -5.69402 4.5
      vertex 17.6541 -3.51163 4.5
    endloop
  endfacet
  facet normal 0 0 1
    outer loop
      vertex 21.2504 -5.69402 4.5
      vertex 17.3867 -4.65874 4.5
      vertex 20.8325 -7.07167 4.5
    endloop
  endfacet
  facet normal 0 0 1
    outer loop
      vertex 21.9529 1.43887 4.5
      vertex 17.9615 1.17726 4.5
      vertex 18 0 4.5
    endloop
  endfacet
  facet normal 0 0 1
    outer loop
      vertex 21.8118 2.87158 4.5
      vertex 17.846 2.34947 4.5
      vertex 17.9615 1.17726 4.5
    endloop
  endfacet
  facet normal 0 0 1
    outer loop
      vertex 21.5773 4.29199 4.5
      vertex 17.6541 3.51163 4.5
      vertex 17.846 2.34947 4.5
    endloop
  endfacet
  facet normal 0 0 1
    outer loop
      vertex 14.9665 10.0003 4.5
      vertex 18.2923 12.2225 4.5
      vertex 17.4538 13.3928 4.5
    endloop
  endfacet
  facet normal 0 0 1
    outer loop
      vertex 21.2504 5.69402 4.5
      vertex 17.3867 4.65874 4.5
      vertex 17.6541 3.51163 4.5
    endloop
  endfacet
  facet normal 0 0 1
    outer loop
      vertex 20.8325 7.07167 4.5
      vertex 17.0447 5.78591 4.5
      vertex 17.3867 4.65874 4.5
    endloop
  endfacet
  facet normal 0 0 1
    outer loop
      vertex 20.3253 8.41903 4.5
      vertex 16.6298 6.8883 4.5
      vertex 17.0447 5.78591 4.5
    endloop
  endfacet
  facet normal 0 0 1
    outer loop
      vertex 14.2804 10.9577 4.5
      vertex 17.4538 13.3928 4.5
      vertex 16.5405 14.5056 4.5
    endloop
  endfacet
  facet normal 0 0 1
    outer loop
      vertex 19.7312 9.73035 4.5
      vertex 16.1437 7.9612 4.5
      vertex 16.6298 6.8883 4.5
    endloop
  endfacet
  facet normal 0 0 1
    outer loop
      vertex 19.0526 11 4.5
      vertex 15.5885 9 4.5
      vertex 16.1437 7.9612 4.5
    endloop
  endfacet
  facet normal 0 0 1
    outer loop
      vertex 13.5331 11.8682 4.5
      vertex 16.5405 14.5056 4.5
      vertex 15.5563 15.5563 4.5
    endloop
  endfacet
  facet normal 0 0 1
    outer loop
      vertex 18.2923 12.2225 4.5
      vertex 14.9665 10.0003 4.5
      vertex 15.5885 9 4.5
    endloop
  endfacet
  facet normal 0 0 1
    outer loop
      vertex 12.7279 12.7279 4.5
      vertex 15.5563 15.5563 4.5
      vertex 14.5056 16.5405 4.5
    endloop
  endfacet
  facet normal 0 0 1
    outer loop
      vertex 17.4538 13.3928 4.5
      vertex 14.2804 10.9577 4.5
      vertex 14.9665 10.0003 4.5
    endloop
  endfacet
  facet normal 0 0 1
    outer loop
      vertex 16.5405 14.5056 4.5
      vertex 13.5331 11.8682 4.5
      vertex 14.2804 10.9577 4.5
    endloop
  endfacet
  facet normal 0 0 1
    outer loop
      vertex 11.8682 13.5331 4.5
      vertex 14.5056 16.5405 4.5
      vertex 13.3928 17.4538 4.5
    endloop
  endfacet
  facet normal 0 0 1
    outer loop
      vertex 15.5563 15.5563 4.5
      vertex 12.7279 12.7279 4.5
      vertex 13.5331 11.8682 4.5
    endloop
  endfacet
  facet normal 0 0 1
    outer loop
      vertex 10.9577 14.2804 4.5
      vertex 13.3928 17.4538 4.5
      vertex 12.2225 18.2923 4.5
    endloop
  endfacet
  facet normal 0 0 1
    outer loop
      vertex 14.5056 16.5405 4.5
      vertex 11.8682 13.5331 4.5
      vertex 12.7279 12.7279 4.5
    endloop
  endfacet
  facet normal 0 0 1
    outer loop
      vertex 10.0003 14.9665 4.5
      vertex 12.2225 18.2923 4.5
      vertex 11 19.0526 4.5
    endloop
  endfacet
  facet normal 0 0 1
    outer loop
      vertex 13.3928 17.4538 4.5
      vertex 10.9577 14.2804 4.5
      vertex 11.8682 13.5331 4.5
    endloop
  endfacet
  facet normal 0 0 1
    outer loop
      vertex 12.2225 18.2923 4.5
      vertex 10.0003 14.9665 4.5
      vertex 10.9577 14.2804 4.5
    endloop
  endfacet
  facet normal 0 0 1
    outer loop
      vertex 9 15.5885 4.5
      vertex 11 19.0526 4.5
      vertex 9.73035 19.7312 4.5
    endloop
  endfacet
  facet normal 0 0 1
    outer loop
      vertex 11 19.0526 4.5
      vertex 9 15.5885 4.5
      vertex 10.0003 14.9665 4.5
    endloop
  endfacet
  facet normal 0 0 1
    outer loop
      vertex 7.9612 16.1437 4.5
      vertex 9.73035 19.7312 4.5
      vertex 8.41903 20.3253 4.5
    endloop
  endfacet
  facet normal 0 0 1
    outer loop
      vertex 9.73035 19.7312 4.5
      vertex 7.9612 16.1437 4.5
      vertex 9 15.5885 4.5
    endloop
  endfacet
  facet normal 0 0 1
    outer loop
      vertex 6.8883 16.6298 4.5
      vertex 8.41903 20.3253 4.5
      vertex 7.07167 20.8325 4.5
    endloop
  endfacet
  facet normal 0 0 1
    outer loop
      vertex 8.41903 20.3253 4.5
      vertex 6.8883 16.6298 4.5
      vertex 7.9612 16.1437 4.5
    endloop
  endfacet
  facet normal 0 0 1
    outer loop
      vertex 7.07167 20.8325 4.5
      vertex 5.78591 17.0447 4.5
      vertex 6.8883 16.6298 4.5
    endloop
  endfacet
  facet normal 0 0 1
    outer loop
      vertex 5.69402 21.2504 4.5
      vertex 5.78591 17.0447 4.5
      vertex 7.07167 20.8325 4.5
    endloop
  endfacet
  facet normal 0 0 1
    outer loop
      vertex 5.69402 21.2504 4.5
      vertex 4.65874 17.3867 4.5
      vertex 5.78591 17.0447 4.5
    endloop
  endfacet
  facet normal 0 0 1
    outer loop
      vertex 4.5 21.5288 4.5
      vertex 4.65874 17.3867 4.5
      vertex 5.69402 21.2504 4.5
    endloop
  endfacet
  facet normal 0 0 1
    outer loop
      vertex 2.19529 25.1439 4.5
      vertex 4.49037 25.2943 4.5
      vertex 4.4615 25.5874 4.5
    endloop
  endfacet
  facet normal 0 0 1
    outer loop
      vertex 2.18118 25.2872 4.5
      vertex 4.4615 25.5874 4.5
      vertex 4.41353 25.8779 4.5
    endloop
  endfacet
  facet normal 0 0 1
    outer loop
      vertex 2.15773 25.4292 4.5
      vertex 4.41353 25.8779 4.5
      vertex 4.34667 26.1647 4.5
    endloop
  endfacet
  facet normal 0 0 1
    outer loop
      vertex 2.12504 25.5694 4.5
      vertex 4.34667 26.1647 4.5
      vertex 4.26118 26.4465 4.5
    endloop
  endfacet
  facet normal 0 0 1
    outer loop
      vertex 4.5 25 4.5
      vertex 2.15773 24.5708 4.5
      vertex 2.12504 24.4306 4.5
    endloop
  endfacet
  facet normal 0 0 1
    outer loop
      vertex 2.08325 25.7072 4.5
      vertex 4.26118 26.4465 4.5
      vertex 4.15746 26.7221 4.5
    endloop
  endfacet
  facet normal 0 0 1
    outer loop
      vertex 2.03253 25.8419 4.5
      vertex 4.15746 26.7221 4.5
      vertex 4.03593 26.9903 4.5
    endloop
  endfacet
  facet normal 0 0 1
    outer loop
      vertex 1.97312 25.973 4.5
      vertex 4.03593 26.9903 4.5
      vertex 3.89711 27.25 4.5
    endloop
  endfacet
  facet normal 0 0 1
    outer loop
      vertex 1.90526 26.1 4.5
      vertex 3.89711 27.25 4.5
      vertex 3.74161 27.5001 4.5
    endloop
  endfacet
  facet normal 0 0 1
    outer loop
      vertex 1.82923 26.2223 4.5
      vertex 3.74161 27.5001 4.5
      vertex 3.57009 27.7394 4.5
    endloop
  endfacet
  facet normal 0 0 1
    outer loop
      vertex 4.5 25 4.5
      vertex 2.12504 24.4306 4.5
      vertex 2.08325 24.2928 4.5
    endloop
  endfacet
  facet normal 0 0 1
    outer loop
      vertex 1.74538 26.3393 4.5
      vertex 3.57009 27.7394 4.5
      vertex 3.38328 27.9671 4.5
    endloop
  endfacet
  facet normal 0 0 1
    outer loop
      vertex 1.65405 26.4506 4.5
      vertex 3.38328 27.9671 4.5
      vertex 3.18198 28.182 4.5
    endloop
  endfacet
  facet normal 0 0 1
    outer loop
      vertex 1.55563 26.5556 4.5
      vertex 3.18198 28.182 4.5
      vertex 2.96706 28.3833 4.5
    endloop
  endfacet
  facet normal 0 0 1
    outer loop
      vertex 1.45056 26.654 4.5
      vertex 2.96706 28.3833 4.5
      vertex 2.73943 28.5701 4.5
    endloop
  endfacet
  facet normal 0 0 1
    outer loop
      vertex 1.33927 26.7454 4.5
      vertex 2.73943 28.5701 4.5
      vertex 2.50007 28.7416 4.5
    endloop
  endfacet
  facet normal 0 0 1
    outer loop
      vertex 4.5 25 4.5
      vertex 2.2 25 4.5
      vertex 2.19529 24.8561 4.5
    endloop
  endfacet
  facet normal 0 0 1
    outer loop
      vertex 1.22225 26.8292 4.5
      vertex 2.50007 28.7416 4.5
      vertex 2.25 28.8971 4.5
    endloop
  endfacet
  facet normal 0 0 1
    outer loop
      vertex 4.5 25 4.5
      vertex 2.19529 24.8561 4.5
      vertex 2.18118 24.7128 4.5
    endloop
  endfacet
  facet normal 0 0 1
    outer loop
      vertex 4.5 25 4.5
      vertex 2.18118 24.7128 4.5
      vertex 2.15773 24.5708 4.5
    endloop
  endfacet
  facet normal 0 0 1
    outer loop
      vertex 4.5 25 4.5
      vertex 2.08325 24.2928 4.5
      vertex 2.03253 24.1581 4.5
    endloop
  endfacet
  facet normal 0 0 1
    outer loop
      vertex 1.97312 24.027 4.5
      vertex 4.5 25 4.5
      vertex 2.03253 24.1581 4.5
    endloop
  endfacet
  facet normal 0 0 1
    outer loop
      vertex 4.5 25 4.5
      vertex 1.97312 24.027 4.5
      vertex 4.5 21.5288 4.5
    endloop
  endfacet
  facet normal -0 0 1
    outer loop
      vertex 1.90526 23.9 4.5
      vertex 4.5 21.5288 4.5
      vertex 1.97312 24.027 4.5
    endloop
  endfacet
  facet normal -0 0 1
    outer loop
      vertex 1.82923 23.7777 4.5
      vertex 4.5 21.5288 4.5
      vertex 1.90526 23.9 4.5
    endloop
  endfacet
  facet normal -0 0 1
    outer loop
      vertex 1.74538 23.6607 4.5
      vertex 4.5 21.5288 4.5
      vertex 1.82923 23.7777 4.5
    endloop
  endfacet
  facet normal -0 0 1
    outer loop
      vertex 1.65405 23.5494 4.5
      vertex 4.5 21.5288 4.5
      vertex 1.74538 23.6607 4.5
    endloop
  endfacet
  facet normal 0 0 1
    outer loop
      vertex 4.5 21.5288 4.5
      vertex 3.51163 17.6541 4.5
      vertex 4.65874 17.3867 4.5
    endloop
  endfacet
  facet normal -0 0 1
    outer loop
      vertex 1.55563 23.4444 4.5
      vertex 4.5 21.5288 4.5
      vertex 1.65405 23.5494 4.5
    endloop
  endfacet
  facet normal -0 0 1
    outer loop
      vertex 1.45056 23.346 4.5
      vertex 4.5 21.5288 4.5
      vertex 1.55563 23.4444 4.5
    endloop
  endfacet
  facet normal -0 0 1
    outer loop
      vertex 1.33927 23.2546 4.5
      vertex 4.5 21.5288 4.5
      vertex 1.45056 23.346 4.5
    endloop
  endfacet
  facet normal 0 0 1
    outer loop
      vertex 4.5 21.5288 4.5
      vertex 2.34947 17.846 4.5
      vertex 3.51163 17.6541 4.5
    endloop
  endfacet
  facet normal -0 0 1
    outer loop
      vertex 1.22225 23.1708 4.5
      vertex 4.5 21.5288 4.5
      vertex 1.33927 23.2546 4.5
    endloop
  endfacet
  facet normal -0 0 1
    outer loop
      vertex 1.1 23.0947 4.5
      vertex 4.5 21.5288 4.5
      vertex 1.22225 23.1708 4.5
    endloop
  endfacet
  facet normal -0 0 1
    outer loop
      vertex 0.973035 23.0269 4.5
      vertex 4.5 21.5288 4.5
      vertex 1.1 23.0947 4.5
    endloop
  endfacet
  facet normal -0 0 1
    outer loop
      vertex 0.841903 22.9675 4.5
      vertex 4.5 21.5288 4.5
      vertex 0.973035 23.0269 4.5
    endloop
  endfacet
  facet normal 0 0 1
    outer loop
      vertex 4.5 21.5288 4.5
      vertex 1.17726 17.9615 4.5
      vertex 2.34947 17.846 4.5
    endloop
  endfacet
  facet normal 0 0 1
    outer loop
      vertex 4.5 21.5288 4.5
      vertex 0.841903 22.9675 4.5
      vertex 1.17726 17.9615 4.5
    endloop
  endfacet
  facet normal -0 0 1
    outer loop
      vertex 0.707167 22.9168 4.5
      vertex 1.17726 17.9615 4.5
      vertex 0.841903 22.9675 4.5
    endloop
  endfacet
  facet normal -0 0 1
    outer loop
      vertex 0.569402 22.875 4.5
      vertex 1.17726 17.9615 4.5
      vertex 0.707167 22.9168 4.5
    endloop
  endfacet
  facet normal -0 0 1
    outer loop
      vertex 0.429198 22.8423 4.5
      vertex 1.17726 17.9615 4.5
      vertex 0.569402 22.875 4.5
    endloop
  endfacet
  facet normal -0 0 1
    outer loop
      vertex 0.287157 22.8188 4.5
      vertex 1.17726 17.9615 4.5
      vertex 0.429198 22.8423 4.5
    endloop
  endfacet
  facet normal 0 0 1
    outer loop
      vertex 0 18 4.5
      vertex 0.287157 22.8188 4.5
      vertex 0.143887 22.8047 4.5
    endloop
  endfacet
  facet normal 0 0 1
    outer loop
      vertex 0 18 4.5
      vertex 0.143887 22.8047 4.5
      vertex 0 22.8 4.5
    endloop
  endfacet
  facet normal 0 0 1
    outer loop
      vertex 0.287157 22.8188 4.5
      vertex 0 18 4.5
      vertex 1.17726 17.9615 4.5
    endloop
  endfacet
  facet normal 0 0 1
    outer loop
      vertex -0.143887 22.8047 4.5
      vertex 0 18 4.5
      vertex 0 22.8 4.5
    endloop
  endfacet
  facet normal 0 0 1
    outer loop
      vertex -0.287157 22.8188 4.5
      vertex 0 18 4.5
      vertex -0.143887 22.8047 4.5
    endloop
  endfacet
  facet normal 0 0 1
    outer loop
      vertex -1.17726 17.9615 4.5
      vertex -0.287157 22.8188 4.5
      vertex -0.429198 22.8423 4.5
    endloop
  endfacet
  facet normal 0 0 1
    outer loop
      vertex -1.17726 17.9615 4.5
      vertex -0.429198 22.8423 4.5
      vertex -0.569402 22.875 4.5
    endloop
  endfacet
  facet normal 0 0 1
    outer loop
      vertex -1.17726 17.9615 4.5
      vertex -0.569402 22.875 4.5
      vertex -0.707167 22.9168 4.5
    endloop
  endfacet
  facet normal 0 0 1
    outer loop
      vertex -1.17726 17.9615 4.5
      vertex -0.707167 22.9168 4.5
      vertex -0.841903 22.9675 4.5
    endloop
  endfacet
  facet normal 0 0 1
    outer loop
      vertex -4.5 21.5288 4.5
      vertex -0.841903 22.9675 4.5
      vertex -0.973035 23.0269 4.5
    endloop
  endfacet
  facet normal 0 0 1
    outer loop
      vertex -4.5 21.5288 4.5
      vertex -0.973035 23.0269 4.5
      vertex -1.1 23.0947 4.5
    endloop
  endfacet
  facet normal 0 0 1
    outer loop
      vertex -0.287157 22.8188 4.5
      vertex -1.17726 17.9615 4.5
      vertex 0 18 4.5
    endloop
  endfacet
  facet normal 0 0 1
    outer loop
      vertex -4.5 21.5288 4.5
      vertex -1.1 23.0947 4.5
      vertex -1.22225 23.1708 4.5
    endloop
  endfacet
  facet normal 0 0 1
    outer loop
      vertex -4.5 21.5288 4.5
      vertex -1.22225 23.1708 4.5
      vertex -1.33927 23.2546 4.5
    endloop
  endfacet
  facet normal 0 0 1
    outer loop
      vertex -4.5 21.5288 4.5
      vertex -1.33927 23.2546 4.5
      vertex -1.45056 23.346 4.5
    endloop
  endfacet
  facet normal 0 0 1
    outer loop
      vertex -4.5 21.5288 4.5
      vertex -1.45056 23.346 4.5
      vertex -1.55563 23.4444 4.5
    endloop
  endfacet
  facet normal 0 0 1
    outer loop
      vertex -4.5 21.5288 4.5
      vertex -1.55563 23.4444 4.5
      vertex -1.65405 23.5494 4.5
    endloop
  endfacet
  facet normal 0 0 1
    outer loop
      vertex -4.5 21.5288 4.5
      vertex -1.65405 23.5494 4.5
      vertex -1.74538 23.6607 4.5
    endloop
  endfacet
  facet normal 0 0 1
    outer loop
      vertex -4.5 21.5288 4.5
      vertex -1.74538 23.6607 4.5
      vertex -1.82923 23.7777 4.5
    endloop
  endfacet
  facet normal 0 0 1
    outer loop
      vertex -4.5 21.5288 4.5
      vertex -1.82923 23.7777 4.5
      vertex -1.90526 23.9 4.5
    endloop
  endfacet
  facet normal 0 0 1
    outer loop
      vertex -4.5 21.5288 4.5
      vertex -1.90526 23.9 4.5
      vertex -1.97312 24.027 4.5
    endloop
  endfacet
  facet normal 0 0 1
    outer loop
      vertex -4.5 25 4.5
      vertex -1.97312 24.027 4.5
      vertex -2.03253 24.1581 4.5
    endloop
  endfacet
  facet normal 0 0 1
    outer loop
      vertex -4.5 25 4.5
      vertex -2.03253 24.1581 4.5
      vertex -2.08325 24.2928 4.5
    endloop
  endfacet
  facet normal 0 0 1
    outer loop
      vertex -4.5 25 4.5
      vertex -2.08325 24.2928 4.5
      vertex -2.12504 24.4306 4.5
    endloop
  endfacet
  facet normal 0 0 1
    outer loop
      vertex -4.5 25 4.5
      vertex -2.12504 24.4306 4.5
      vertex -2.15773 24.5708 4.5
    endloop
  endfacet
  facet normal 0 0 1
    outer loop
      vertex -4.5 25 4.5
      vertex -2.15773 24.5708 4.5
      vertex -2.18118 24.7128 4.5
    endloop
  endfacet
  facet normal 0 0 1
    outer loop
      vertex -0.841903 22.9675 4.5
      vertex -4.5 21.5288 4.5
      vertex -1.17726 17.9615 4.5
    endloop
  endfacet
  facet normal 0 0 1
    outer loop
      vertex -4.5 25 4.5
      vertex -2.18118 24.7128 4.5
      vertex -2.19529 24.8561 4.5
    endloop
  endfacet
  facet normal -0 0 1
    outer loop
      vertex -4.5 25 4.5
      vertex -2.19529 24.8561 4.5
      vertex -2.2 25 4.5
    endloop
  endfacet
  facet normal 0 0 1
    outer loop
      vertex -1.90526 26.1 4.5
      vertex -3.89711 27.25 4.5
      vertex -1.97312 25.973 4.5
    endloop
  endfacet
  facet normal -0 0 1
    outer loop
      vertex -4.03593 26.9903 4.5
      vertex -1.97312 25.973 4.5
      vertex -3.89711 27.25 4.5
    endloop
  endfacet
  facet normal 0 0 1
    outer loop
      vertex -1.97312 25.973 4.5
      vertex -4.03593 26.9903 4.5
      vertex -2.03253 25.8419 4.5
    endloop
  endfacet
  facet normal -0 0 1
    outer loop
      vertex -4.15746 26.7221 4.5
      vertex -2.03253 25.8419 4.5
      vertex -4.03593 26.9903 4.5
    endloop
  endfacet
  facet normal 0 0 1
    outer loop
      vertex -2.03253 25.8419 4.5
      vertex -4.15746 26.7221 4.5
      vertex -2.08325 25.7072 4.5
    endloop
  endfacet
  facet normal -0 0 1
    outer loop
      vertex -4.26118 26.4465 4.5
      vertex -2.08325 25.7072 4.5
      vertex -4.15746 26.7221 4.5
    endloop
  endfacet
  facet normal 0 0 1
    outer loop
      vertex -1.97312 24.027 4.5
      vertex -4.5 25 4.5
      vertex -4.5 21.5288 4.5
    endloop
  endfacet
  facet normal 0 0 1
    outer loop
      vertex -2.08325 25.7072 4.5
      vertex -4.26118 26.4465 4.5
      vertex -2.12504 25.5694 4.5
    endloop
  endfacet
  facet normal -0 0 1
    outer loop
      vertex -4.34667 26.1647 4.5
      vertex -2.12504 25.5694 4.5
      vertex -4.26118 26.4465 4.5
    endloop
  endfacet
  facet normal 0 0 1
    outer loop
      vertex -2.12504 25.5694 4.5
      vertex -4.34667 26.1647 4.5
      vertex -2.15773 25.4292 4.5
    endloop
  endfacet
  facet normal -0 0 1
    outer loop
      vertex -4.41353 25.8779 4.5
      vertex -2.15773 25.4292 4.5
      vertex -4.34667 26.1647 4.5
    endloop
  endfacet
  facet normal 0 0 1
    outer loop
      vertex -2.15773 25.4292 4.5
      vertex -4.41353 25.8779 4.5
      vertex -2.18118 25.2872 4.5
    endloop
  endfacet
  facet normal -0 0 1
    outer loop
      vertex -4.4615 25.5874 4.5
      vertex -2.18118 25.2872 4.5
      vertex -4.41353 25.8779 4.5
    endloop
  endfacet
  facet normal 0 0 1
    outer loop
      vertex -2.18118 25.2872 4.5
      vertex -4.4615 25.5874 4.5
      vertex -2.19529 25.1439 4.5
    endloop
  endfacet
  facet normal -0 0 1
    outer loop
      vertex -4.49037 25.2943 4.5
      vertex -2.19529 25.1439 4.5
      vertex -4.4615 25.5874 4.5
    endloop
  endfacet
  facet normal 0 0 1
    outer loop
      vertex -2.19529 25.1439 4.5
      vertex -4.49037 25.2943 4.5
      vertex -2.2 25 4.5
    endloop
  endfacet
  facet normal 0 0 1
    outer loop
      vertex -2.2 25 4.5
      vertex -4.49037 25.2943 4.5
      vertex -4.5 25 4.5
    endloop
  endfacet
  facet normal 0 0 1
    outer loop
      vertex -1.17726 17.9615 4.5
      vertex -4.5 21.5288 4.5
      vertex -2.34947 17.846 4.5
    endloop
  endfacet
  facet normal 0 0 1
    outer loop
      vertex -2.34947 17.846 4.5
      vertex -4.5 21.5288 4.5
      vertex -3.51163 17.6541 4.5
    endloop
  endfacet
  facet normal 0 0 1
    outer loop
      vertex -4.5 21.5288 4.5
      vertex -4.65874 17.3867 4.5
      vertex -3.51163 17.6541 4.5
    endloop
  endfacet
  facet normal -0 0 1
    outer loop
      vertex -5.69402 21.2504 4.5
      vertex -4.65874 17.3867 4.5
      vertex -4.5 21.5288 4.5
    endloop
  endfacet
  facet normal 0 0 1
    outer loop
      vertex -5.69402 21.2504 4.5
      vertex -5.78591 17.0447 4.5
      vertex -4.65874 17.3867 4.5
    endloop
  endfacet
  facet normal -0 0 1
    outer loop
      vertex -7.07167 20.8325 4.5
      vertex -5.78591 17.0447 4.5
      vertex -5.69402 21.2504 4.5
    endloop
  endfacet
  facet normal 0 0 1
    outer loop
      vertex -5.78591 17.0447 4.5
      vertex -7.07167 20.8325 4.5
      vertex -6.8883 16.6298 4.5
    endloop
  endfacet
  facet normal -0 0 1
    outer loop
      vertex -8.41903 20.3253 4.5
      vertex -6.8883 16.6298 4.5
      vertex -7.07167 20.8325 4.5
    endloop
  endfacet
  facet normal 0 0 1
    outer loop
      vertex -6.8883 16.6298 4.5
      vertex -8.41903 20.3253 4.5
      vertex -7.9612 16.1437 4.5
    endloop
  endfacet
  facet normal -0 0 1
    outer loop
      vertex -9.73035 19.7312 4.5
      vertex -7.9612 16.1437 4.5
      vertex -8.41903 20.3253 4.5
    endloop
  endfacet
  facet normal 0 0 1
    outer loop
      vertex -7.9612 16.1437 4.5
      vertex -9.73035 19.7312 4.5
      vertex -9 15.5885 4.5
    endloop
  endfacet
  facet normal -0 0 1
    outer loop
      vertex -11 19.0526 4.5
      vertex -9 15.5885 4.5
      vertex -9.73035 19.7312 4.5
    endloop
  endfacet
  facet normal 0 0 1
    outer loop
      vertex -9 15.5885 4.5
      vertex -11 19.0526 4.5
      vertex -10.0003 14.9665 4.5
    endloop
  endfacet
  facet normal -0 0 1
    outer loop
      vertex -12.2225 18.2923 4.5
      vertex -10.0003 14.9665 4.5
      vertex -11 19.0526 4.5
    endloop
  endfacet
  facet normal 0 0 1
    outer loop
      vertex -10.0003 14.9665 4.5
      vertex -12.2225 18.2923 4.5
      vertex -10.9577 14.2804 4.5
    endloop
  endfacet
  facet normal -0 0 1
    outer loop
      vertex -13.3928 17.4538 4.5
      vertex -10.9577 14.2804 4.5
      vertex -12.2225 18.2923 4.5
    endloop
  endfacet
  facet normal 0 0 1
    outer loop
      vertex -10.9577 14.2804 4.5
      vertex -13.3928 17.4538 4.5
      vertex -11.8682 13.5331 4.5
    endloop
  endfacet
  facet normal -0 0 1
    outer loop
      vertex -14.5056 16.5405 4.5
      vertex -11.8682 13.5331 4.5
      vertex -13.3928 17.4538 4.5
    endloop
  endfacet
  facet normal 0 0 1
    outer loop
      vertex -11.8682 13.5331 4.5
      vertex -14.5056 16.5405 4.5
      vertex -12.7279 12.7279 4.5
    endloop
  endfacet
  facet normal -0 0 1
    outer loop
      vertex -15.5563 15.5563 4.5
      vertex -12.7279 12.7279 4.5
      vertex -14.5056 16.5405 4.5
    endloop
  endfacet
  facet normal 0 0 1
    outer loop
      vertex -12.7279 12.7279 4.5
      vertex -15.5563 15.5563 4.5
      vertex -13.5331 11.8682 4.5
    endloop
  endfacet
  facet normal -0 0 1
    outer loop
      vertex -16.5405 14.5056 4.5
      vertex -13.5331 11.8682 4.5
      vertex -15.5563 15.5563 4.5
    endloop
  endfacet
  facet normal 0 0 1
    outer loop
      vertex -13.5331 11.8682 4.5
      vertex -16.5405 14.5056 4.5
      vertex -14.2804 10.9577 4.5
    endloop
  endfacet
  facet normal -0 0 1
    outer loop
      vertex -17.4538 13.3928 4.5
      vertex -14.2804 10.9577 4.5
      vertex -16.5405 14.5056 4.5
    endloop
  endfacet
  facet normal 0 0 1
    outer loop
      vertex -14.2804 10.9577 4.5
      vertex -17.4538 13.3928 4.5
      vertex -14.9665 10.0003 4.5
    endloop
  endfacet
  facet normal -0 0 1
    outer loop
      vertex -18.2923 12.2225 4.5
      vertex -14.9665 10.0003 4.5
      vertex -17.4538 13.3928 4.5
    endloop
  endfacet
  facet normal 0 0 1
    outer loop
      vertex -14.9665 10.0003 4.5
      vertex -18.2923 12.2225 4.5
      vertex -15.5885 9 4.5
    endloop
  endfacet
  facet normal -0 0 1
    outer loop
      vertex -19.0526 11 4.5
      vertex -15.5885 9 4.5
      vertex -18.2923 12.2225 4.5
    endloop
  endfacet
  facet normal 0 0 1
    outer loop
      vertex -15.5885 9 4.5
      vertex -19.0526 11 4.5
      vertex -16.1437 7.9612 4.5
    endloop
  endfacet
  facet normal -0 0 1
    outer loop
      vertex -19.7312 9.73035 4.5
      vertex -16.1437 7.9612 4.5
      vertex -19.0526 11 4.5
    endloop
  endfacet
  facet normal 0 0 1
    outer loop
      vertex -16.1437 7.9612 4.5
      vertex -19.7312 9.73035 4.5
      vertex -16.6298 6.8883 4.5
    endloop
  endfacet
  facet normal -0 0 1
    outer loop
      vertex -20.3253 8.41903 4.5
      vertex -16.6298 6.8883 4.5
      vertex -19.7312 9.73035 4.5
    endloop
  endfacet
  facet normal 0 0 1
    outer loop
      vertex -16.6298 6.8883 4.5
      vertex -20.3253 8.41903 4.5
      vertex -17.0447 5.78591 4.5
    endloop
  endfacet
  facet normal 0 0 1
    outer loop
      vertex -17.0447 5.78591 4.5
      vertex -20.8325 7.07167 4.5
      vertex -17.3867 4.65874 4.5
    endloop
  endfacet
  facet normal -0 0 1
    outer loop
      vertex -20.8325 7.07167 4.5
      vertex -17.0447 5.78591 4.5
      vertex -20.3253 8.41903 4.5
    endloop
  endfacet
  facet normal -0 0 1
    outer loop
      vertex 17.0447 -5.78591 4.5
      vertex 20.8325 -7.07167 4.5
      vertex 17.3867 -4.65874 4.5
    endloop
  endfacet
  facet normal 0 0 1
    outer loop
      vertex 20.8325 -7.07167 4.5
      vertex 17.0447 -5.78591 4.5
      vertex 20.3253 -8.41903 4.5
    endloop
  endfacet
  facet normal -0 0 1
    outer loop
      vertex 16.6298 -6.8883 4.5
      vertex 20.3253 -8.41903 4.5
      vertex 17.0447 -5.78591 4.5
    endloop
  endfacet
  facet normal 0 0 1
    outer loop
      vertex 20.3253 -8.41903 4.5
      vertex 16.6298 -6.8883 4.5
      vertex 19.7312 -9.73035 4.5
    endloop
  endfacet
  facet normal -0 0 1
    outer loop
      vertex 16.1437 -7.9612 4.5
      vertex 19.7312 -9.73035 4.5
      vertex 16.6298 -6.8883 4.5
    endloop
  endfacet
  facet normal 0 0 1
    outer loop
      vertex 19.7312 -9.73035 4.5
      vertex 16.1437 -7.9612 4.5
      vertex 19.0526 -11 4.5
    endloop
  endfacet
  facet normal -0 0 1
    outer loop
      vertex 15.5885 -9 4.5
      vertex 19.0526 -11 4.5
      vertex 16.1437 -7.9612 4.5
    endloop
  endfacet
  facet normal 0 0 1
    outer loop
      vertex 19.0526 -11 4.5
      vertex 15.5885 -9 4.5
      vertex 18.2923 -12.2225 4.5
    endloop
  endfacet
  facet normal -0 0 1
    outer loop
      vertex 14.9665 -10.0003 4.5
      vertex 18.2923 -12.2225 4.5
      vertex 15.5885 -9 4.5
    endloop
  endfacet
  facet normal 0 0 1
    outer loop
      vertex 18.2923 -12.2225 4.5
      vertex 14.9665 -10.0003 4.5
      vertex 17.4538 -13.3928 4.5
    endloop
  endfacet
  facet normal -0 0 1
    outer loop
      vertex 14.2804 -10.9577 4.5
      vertex 17.4538 -13.3928 4.5
      vertex 14.9665 -10.0003 4.5
    endloop
  endfacet
  facet normal 0 0 1
    outer loop
      vertex 17.4538 -13.3928 4.5
      vertex 14.2804 -10.9577 4.5
      vertex 16.5405 -14.5056 4.5
    endloop
  endfacet
  facet normal -0 0 1
    outer loop
      vertex 13.5331 -11.8682 4.5
      vertex 16.5405 -14.5056 4.5
      vertex 14.2804 -10.9577 4.5
    endloop
  endfacet
  facet normal 0 0 1
    outer loop
      vertex 16.5405 -14.5056 4.5
      vertex 13.5331 -11.8682 4.5
      vertex 15.5563 -15.5563 4.5
    endloop
  endfacet
  facet normal -0 0 1
    outer loop
      vertex 12.7279 -12.7279 4.5
      vertex 15.5563 -15.5563 4.5
      vertex 13.5331 -11.8682 4.5
    endloop
  endfacet
  facet normal 0 0 1
    outer loop
      vertex 15.5563 -15.5563 4.5
      vertex 12.7279 -12.7279 4.5
      vertex 14.5056 -16.5405 4.5
    endloop
  endfacet
  facet normal -0 0 1
    outer loop
      vertex 11.8682 -13.5331 4.5
      vertex 14.5056 -16.5405 4.5
      vertex 12.7279 -12.7279 4.5
    endloop
  endfacet
  facet normal 0 0 1
    outer loop
      vertex 14.5056 -16.5405 4.5
      vertex 11.8682 -13.5331 4.5
      vertex 13.3928 -17.4538 4.5
    endloop
  endfacet
  facet normal -0 0 1
    outer loop
      vertex 10.9577 -14.2804 4.5
      vertex 13.3928 -17.4538 4.5
      vertex 11.8682 -13.5331 4.5
    endloop
  endfacet
  facet normal 0 0 1
    outer loop
      vertex 13.3928 -17.4538 4.5
      vertex 10.9577 -14.2804 4.5
      vertex 12.2225 -18.2923 4.5
    endloop
  endfacet
  facet normal -0 0 1
    outer loop
      vertex 10.0003 -14.9665 4.5
      vertex 12.2225 -18.2923 4.5
      vertex 10.9577 -14.2804 4.5
    endloop
  endfacet
  facet normal 0 0 1
    outer loop
      vertex 12.2225 -18.2923 4.5
      vertex 10.0003 -14.9665 4.5
      vertex 11 -19.0526 4.5
    endloop
  endfacet
  facet normal -0 0 1
    outer loop
      vertex 9 -15.5885 4.5
      vertex 11 -19.0526 4.5
      vertex 10.0003 -14.9665 4.5
    endloop
  endfacet
  facet normal 0 0 1
    outer loop
      vertex 11 -19.0526 4.5
      vertex 9 -15.5885 4.5
      vertex 9.73035 -19.7312 4.5
    endloop
  endfacet
  facet normal -0 0 1
    outer loop
      vertex 7.9612 -16.1437 4.5
      vertex 9.73035 -19.7312 4.5
      vertex 9 -15.5885 4.5
    endloop
  endfacet
  facet normal 0 0 1
    outer loop
      vertex 9.73035 -19.7312 4.5
      vertex 7.9612 -16.1437 4.5
      vertex 8.41903 -20.3253 4.5
    endloop
  endfacet
  facet normal -0 0 1
    outer loop
      vertex 6.8883 -16.6298 4.5
      vertex 8.41903 -20.3253 4.5
      vertex 7.9612 -16.1437 4.5
    endloop
  endfacet
  facet normal 0 0 1
    outer loop
      vertex 8.41903 -20.3253 4.5
      vertex 6.8883 -16.6298 4.5
      vertex 7.07167 -20.8325 4.5
    endloop
  endfacet
  facet normal -0 0 1
    outer loop
      vertex 5.78591 -17.0447 4.5
      vertex 7.07167 -20.8325 4.5
      vertex 6.8883 -16.6298 4.5
    endloop
  endfacet
  facet normal 0 0 1
    outer loop
      vertex 5.78591 -17.0447 4.5
      vertex 5.69402 -21.2504 4.5
      vertex 7.07167 -20.8325 4.5
    endloop
  endfacet
  facet normal -0 0 1
    outer loop
      vertex 4.65874 -17.3867 4.5
      vertex 5.69402 -21.2504 4.5
      vertex 5.78591 -17.0447 4.5
    endloop
  endfacet
  facet normal 0 0 1
    outer loop
      vertex 4.65874 -17.3867 4.5
      vertex 4.29199 -21.5773 4.5
      vertex 5.69402 -21.2504 4.5
    endloop
  endfacet
  facet normal -0 0 1
    outer loop
      vertex 3.51163 -17.6541 4.5
      vertex 4.29199 -21.5773 4.5
      vertex 4.65874 -17.3867 4.5
    endloop
  endfacet
  facet normal 0 0 1
    outer loop
      vertex 3.51163 -17.6541 4.5
      vertex 2.87158 -21.8118 4.5
      vertex 4.29199 -21.5773 4.5
    endloop
  endfacet
  facet normal -0 0 1
    outer loop
      vertex 2.34947 -17.846 4.5
      vertex 2.87158 -21.8118 4.5
      vertex 3.51163 -17.6541 4.5
    endloop
  endfacet
  facet normal 0 0 1
    outer loop
      vertex 2.34947 -17.846 4.5
      vertex 1.43887 -21.9529 4.5
      vertex 2.87158 -21.8118 4.5
    endloop
  endfacet
  facet normal -0 0 1
    outer loop
      vertex 1.17726 -17.9615 4.5
      vertex 1.43887 -21.9529 4.5
      vertex 2.34947 -17.846 4.5
    endloop
  endfacet
  facet normal -0 0 1
    outer loop
      vertex 0 -18 4.5
      vertex 1.43887 -21.9529 4.5
      vertex 1.17726 -17.9615 4.5
    endloop
  endfacet
  facet normal 0 0 1
    outer loop
      vertex 0 -18 4.5
      vertex 0 -22 4.5
      vertex 1.43887 -21.9529 4.5
    endloop
  endfacet
  facet normal 0 0 1
    outer loop
      vertex -1.17726 -17.9615 4.5
      vertex 0 -22 4.5
      vertex 0 -18 4.5
    endloop
  endfacet
  facet normal 0 0 1
    outer loop
      vertex -1.17726 -17.9615 4.5
      vertex -1.43887 -21.9529 4.5
      vertex 0 -22 4.5
    endloop
  endfacet
  facet normal 0 0 1
    outer loop
      vertex -2.34947 -17.846 4.5
      vertex -1.43887 -21.9529 4.5
      vertex -1.17726 -17.9615 4.5
    endloop
  endfacet
  facet normal 0 0 1
    outer loop
      vertex -2.34947 -17.846 4.5
      vertex -2.87158 -21.8118 4.5
      vertex -1.43887 -21.9529 4.5
    endloop
  endfacet
  facet normal 0 0 1
    outer loop
      vertex -3.51163 -17.6541 4.5
      vertex -2.87158 -21.8118 4.5
      vertex -2.34947 -17.846 4.5
    endloop
  endfacet
  facet normal 0 0 1
    outer loop
      vertex -3.51163 -17.6541 4.5
      vertex -4.29199 -21.5773 4.5
      vertex -2.87158 -21.8118 4.5
    endloop
  endfacet
  facet normal 0 0 1
    outer loop
      vertex -4.65874 -17.3867 4.5
      vertex -4.29199 -21.5773 4.5
      vertex -3.51163 -17.6541 4.5
    endloop
  endfacet
  facet normal 0 0 1
    outer loop
      vertex -4.65874 -17.3867 4.5
      vertex -5.69402 -21.2504 4.5
      vertex -4.29199 -21.5773 4.5
    endloop
  endfacet
  facet normal 0 0 1
    outer loop
      vertex -5.78591 -17.0447 4.5
      vertex -5.69402 -21.2504 4.5
      vertex -4.65874 -17.3867 4.5
    endloop
  endfacet
  facet normal 0 0 1
    outer loop
      vertex -7.07167 -20.8325 4.5
      vertex -5.78591 -17.0447 4.5
      vertex -6.8883 -16.6298 4.5
    endloop
  endfacet
  facet normal 0 0 1
    outer loop
      vertex -5.78591 -17.0447 4.5
      vertex -7.07167 -20.8325 4.5
      vertex -5.69402 -21.2504 4.5
    endloop
  endfacet
  facet normal 0 0 1
    outer loop
      vertex -8.41903 -20.3253 4.5
      vertex -6.8883 -16.6298 4.5
      vertex -7.9612 -16.1437 4.5
    endloop
  endfacet
  facet normal 0 0 1
    outer loop
      vertex -6.8883 -16.6298 4.5
      vertex -8.41903 -20.3253 4.5
      vertex -7.07167 -20.8325 4.5
    endloop
  endfacet
  facet normal 0 0 1
    outer loop
      vertex -9.73035 -19.7312 4.5
      vertex -7.9612 -16.1437 4.5
      vertex -9 -15.5885 4.5
    endloop
  endfacet
  facet normal 0 0 1
    outer loop
      vertex -7.9612 -16.1437 4.5
      vertex -9.73035 -19.7312 4.5
      vertex -8.41903 -20.3253 4.5
    endloop
  endfacet
  facet normal 0 0 1
    outer loop
      vertex -11 -19.0526 4.5
      vertex -9 -15.5885 4.5
      vertex -10.0003 -14.9665 4.5
    endloop
  endfacet
  facet normal 0 0 1
    outer loop
      vertex -12.2225 -18.2923 4.5
      vertex -10.0003 -14.9665 4.5
      vertex -10.9577 -14.2804 4.5
    endloop
  endfacet
  facet normal 0 0 1
    outer loop
      vertex -9 -15.5885 4.5
      vertex -11 -19.0526 4.5
      vertex -9.73035 -19.7312 4.5
    endloop
  endfacet
  facet normal 0 0 1
    outer loop
      vertex -13.3928 -17.4538 4.5
      vertex -10.9577 -14.2804 4.5
      vertex -11.8682 -13.5331 4.5
    endloop
  endfacet
  facet normal 0 0 1
    outer loop
      vertex -10.0003 -14.9665 4.5
      vertex -12.2225 -18.2923 4.5
      vertex -11 -19.0526 4.5
    endloop
  endfacet
  facet normal 0 0 1
    outer loop
      vertex -14.5056 -16.5405 4.5
      vertex -11.8682 -13.5331 4.5
      vertex -12.7279 -12.7279 4.5
    endloop
  endfacet
  facet normal 0 0 1
    outer loop
      vertex -10.9577 -14.2804 4.5
      vertex -13.3928 -17.4538 4.5
      vertex -12.2225 -18.2923 4.5
    endloop
  endfacet
  facet normal 0 0 1
    outer loop
      vertex -15.5563 -15.5563 4.5
      vertex -12.7279 -12.7279 4.5
      vertex -13.5331 -11.8682 4.5
    endloop
  endfacet
  facet normal 0 0 1
    outer loop
      vertex -16.5405 -14.5056 4.5
      vertex -13.5331 -11.8682 4.5
      vertex -14.2804 -10.9577 4.5
    endloop
  endfacet
  facet normal 0 0 1
    outer loop
      vertex -11.8682 -13.5331 4.5
      vertex -14.5056 -16.5405 4.5
      vertex -13.3928 -17.4538 4.5
    endloop
  endfacet
  facet normal 0 0 1
    outer loop
      vertex -17.4538 -13.3928 4.5
      vertex -14.2804 -10.9577 4.5
      vertex -14.9665 -10.0003 4.5
    endloop
  endfacet
  facet normal 0 0 1
    outer loop
      vertex -12.7279 -12.7279 4.5
      vertex -15.5563 -15.5563 4.5
      vertex -14.5056 -16.5405 4.5
    endloop
  endfacet
  facet normal 0 0 1
    outer loop
      vertex -18.2923 -12.2225 4.5
      vertex -14.9665 -10.0003 4.5
      vertex -15.5885 -9 4.5
    endloop
  endfacet
  facet normal 0 0 1
    outer loop
      vertex -19.0526 -11 4.5
      vertex -15.5885 -9 4.5
      vertex -16.1437 -7.9612 4.5
    endloop
  endfacet
  facet normal 0 0 1
    outer loop
      vertex -13.5331 -11.8682 4.5
      vertex -16.5405 -14.5056 4.5
      vertex -15.5563 -15.5563 4.5
    endloop
  endfacet
  facet normal 0 0 1
    outer loop
      vertex -19.7312 -9.73035 4.5
      vertex -16.1437 -7.9612 4.5
      vertex -16.6298 -6.8883 4.5
    endloop
  endfacet
  facet normal 0 0 1
    outer loop
      vertex -20.3253 -8.41903 4.5
      vertex -16.6298 -6.8883 4.5
      vertex -17.0447 -5.78591 4.5
    endloop
  endfacet
  facet normal 0 0 1
    outer loop
      vertex -20.8325 -7.07167 4.5
      vertex -17.0447 -5.78591 4.5
      vertex -17.3867 -4.65874 4.5
    endloop
  endfacet
  facet normal 0 0 1
    outer loop
      vertex -14.2804 -10.9577 4.5
      vertex -17.4538 -13.3928 4.5
      vertex -16.5405 -14.5056 4.5
    endloop
  endfacet
  facet normal 0 0 1
    outer loop
      vertex -21.2504 -5.69402 4.5
      vertex -17.3867 -4.65874 4.5
      vertex -17.6541 -3.51163 4.5
    endloop
  endfacet
  facet normal 0 0 1
    outer loop
      vertex -21.5773 -4.29199 4.5
      vertex -17.6541 -3.51163 4.5
      vertex -17.846 -2.34947 4.5
    endloop
  endfacet
  facet normal 0 0 1
    outer loop
      vertex -21.8118 -2.87158 4.5
      vertex -17.846 -2.34947 4.5
      vertex -17.9615 -1.17726 4.5
    endloop
  endfacet
  facet normal 0 0 1
    outer loop
      vertex -14.9665 -10.0003 4.5
      vertex -18.2923 -12.2225 4.5
      vertex -17.4538 -13.3928 4.5
    endloop
  endfacet
  facet normal 0 0 1
    outer loop
      vertex -21.9529 -1.43887 4.5
      vertex -17.9615 -1.17726 4.5
      vertex -18 0 4.5
    endloop
  endfacet
  facet normal -0 0 1
    outer loop
      vertex -21.2504 5.69402 4.5
      vertex -17.3867 4.65874 4.5
      vertex -20.8325 7.07167 4.5
    endloop
  endfacet
  facet normal 0 0 1
    outer loop
      vertex -17.3867 4.65874 4.5
      vertex -21.2504 5.69402 4.5
      vertex -17.6541 3.51163 4.5
    endloop
  endfacet
  facet normal 0 0 1
    outer loop
      vertex -15.5885 -9 4.5
      vertex -19.0526 -11 4.5
      vertex -18.2923 -12.2225 4.5
    endloop
  endfacet
  facet normal -0 0 1
    outer loop
      vertex -21.5773 4.29199 4.5
      vertex -17.6541 3.51163 4.5
      vertex -21.2504 5.69402 4.5
    endloop
  endfacet
  facet normal 0 0 1
    outer loop
      vertex -16.1437 -7.9612 4.5
      vertex -19.7312 -9.73035 4.5
      vertex -19.0526 -11 4.5
    endloop
  endfacet
  facet normal 0 0 1
    outer loop
      vertex -17.6541 3.51163 4.5
      vertex -21.5773 4.29199 4.5
      vertex -17.846 2.34947 4.5
    endloop
  endfacet
  facet normal 0 0 1
    outer loop
      vertex -16.6298 -6.8883 4.5
      vertex -20.3253 -8.41903 4.5
      vertex -19.7312 -9.73035 4.5
    endloop
  endfacet
  facet normal -0 0 1
    outer loop
      vertex -21.8118 2.87158 4.5
      vertex -17.846 2.34947 4.5
      vertex -21.5773 4.29199 4.5
    endloop
  endfacet
  facet normal 0 0 1
    outer loop
      vertex -17.0447 -5.78591 4.5
      vertex -20.8325 -7.07167 4.5
      vertex -20.3253 -8.41903 4.5
    endloop
  endfacet
  facet normal 0 0 1
    outer loop
      vertex -17.846 2.34947 4.5
      vertex -21.8118 2.87158 4.5
      vertex -17.9615 1.17726 4.5
    endloop
  endfacet
  facet normal 0 0 1
    outer loop
      vertex -17.3867 -4.65874 4.5
      vertex -21.2504 -5.69402 4.5
      vertex -20.8325 -7.07167 4.5
    endloop
  endfacet
  facet normal -0 0 1
    outer loop
      vertex -21.9529 1.43887 4.5
      vertex -17.9615 1.17726 4.5
      vertex -21.8118 2.87158 4.5
    endloop
  endfacet
  facet normal 0 0 1
    outer loop
      vertex -17.6541 -3.51163 4.5
      vertex -21.5773 -4.29199 4.5
      vertex -21.2504 -5.69402 4.5
    endloop
  endfacet
  facet normal 0 0 1
    outer loop
      vertex -17.9615 1.17726 4.5
      vertex -21.9529 1.43887 4.5
      vertex -18 0 4.5
    endloop
  endfacet
  facet normal 0 0 1
    outer loop
      vertex -17.846 -2.34947 4.5
      vertex -21.8118 -2.87158 4.5
      vertex -21.5773 -4.29199 4.5
    endloop
  endfacet
  facet normal 0 0 1
    outer loop
      vertex -22 0 4.5
      vertex -18 0 4.5
      vertex -21.9529 1.43887 4.5
    endloop
  endfacet
  facet normal 0 0 1
    outer loop
      vertex -17.9615 -1.17726 4.5
      vertex -21.9529 -1.43887 4.5
      vertex -21.8118 -2.87158 4.5
    endloop
  endfacet
  facet normal 0 0 1
    outer loop
      vertex -18 0 4.5
      vertex -22 0 4.5
      vertex -21.9529 -1.43887 4.5
    endloop
  endfacet
  facet normal 0 0 1
    outer loop
      vertex 4.49037 25.2943 4.5
      vertex 2.19529 25.1439 4.5
      vertex 2.2 25 4.5
    endloop
  endfacet
  facet normal 0 0 1
    outer loop
      vertex 4.4615 25.5874 4.5
      vertex 2.18118 25.2872 4.5
      vertex 2.19529 25.1439 4.5
    endloop
  endfacet
  facet normal 0 0 1
    outer loop
      vertex 4.41353 25.8779 4.5
      vertex 2.15773 25.4292 4.5
      vertex 2.18118 25.2872 4.5
    endloop
  endfacet
  facet normal 0 0 1
    outer loop
      vertex 4.34667 26.1647 4.5
      vertex 2.12504 25.5694 4.5
      vertex 2.15773 25.4292 4.5
    endloop
  endfacet
  facet normal 0 0 1
    outer loop
      vertex 4.26118 26.4465 4.5
      vertex 2.08325 25.7072 4.5
      vertex 2.12504 25.5694 4.5
    endloop
  endfacet
  facet normal 0 0 1
    outer loop
      vertex 4.15746 26.7221 4.5
      vertex 2.03253 25.8419 4.5
      vertex 2.08325 25.7072 4.5
    endloop
  endfacet
  facet normal 0 0 1
    outer loop
      vertex 1.1 26.9053 4.5
      vertex 2.25 28.8971 4.5
      vertex 1.9903 29.0359 4.5
    endloop
  endfacet
  facet normal 0 0 1
    outer loop
      vertex 4.03593 26.9903 4.5
      vertex 1.97312 25.973 4.5
      vertex 2.03253 25.8419 4.5
    endloop
  endfacet
  facet normal 0 0 1
    outer loop
      vertex 3.89711 27.25 4.5
      vertex 1.90526 26.1 4.5
      vertex 1.97312 25.973 4.5
    endloop
  endfacet
  facet normal 0 0 1
    outer loop
      vertex 3.74161 27.5001 4.5
      vertex 1.82923 26.2223 4.5
      vertex 1.90526 26.1 4.5
    endloop
  endfacet
  facet normal 0 0 1
    outer loop
      vertex 3.57009 27.7394 4.5
      vertex 1.74538 26.3393 4.5
      vertex 1.82923 26.2223 4.5
    endloop
  endfacet
  facet normal 0 0 1
    outer loop
      vertex 0.973035 26.9731 4.5
      vertex 1.9903 29.0359 4.5
      vertex 1.72207 29.1575 4.5
    endloop
  endfacet
  facet normal 0 0 1
    outer loop
      vertex 3.38328 27.9671 4.5
      vertex 1.65405 26.4506 4.5
      vertex 1.74538 26.3393 4.5
    endloop
  endfacet
  facet normal 0 0 1
    outer loop
      vertex 3.18198 28.182 4.5
      vertex 1.55563 26.5556 4.5
      vertex 1.65405 26.4506 4.5
    endloop
  endfacet
  facet normal 0 0 1
    outer loop
      vertex 2.96706 28.3833 4.5
      vertex 1.45056 26.654 4.5
      vertex 1.55563 26.5556 4.5
    endloop
  endfacet
  facet normal 0 0 1
    outer loop
      vertex 0.841903 27.0325 4.5
      vertex 1.72207 29.1575 4.5
      vertex 1.44648 29.2612 4.5
    endloop
  endfacet
  facet normal 0 0 1
    outer loop
      vertex 2.73943 28.5701 4.5
      vertex 1.33927 26.7454 4.5
      vertex 1.45056 26.654 4.5
    endloop
  endfacet
  facet normal 0 0 1
    outer loop
      vertex 2.50007 28.7416 4.5
      vertex 1.22225 26.8292 4.5
      vertex 1.33927 26.7454 4.5
    endloop
  endfacet
  facet normal 0 0 1
    outer loop
      vertex 0.707167 27.0832 4.5
      vertex 1.44648 29.2612 4.5
      vertex 1.16469 29.3467 4.5
    endloop
  endfacet
  facet normal 0 0 1
    outer loop
      vertex 2.25 28.8971 4.5
      vertex 1.1 26.9053 4.5
      vertex 1.22225 26.8292 4.5
    endloop
  endfacet
  facet normal 0 0 1
    outer loop
      vertex 1.9903 29.0359 4.5
      vertex 0.973035 26.9731 4.5
      vertex 1.1 26.9053 4.5
    endloop
  endfacet
  facet normal 0 0 1
    outer loop
      vertex 0.569402 27.125 4.5
      vertex 1.16469 29.3467 4.5
      vertex 0.877906 29.4135 4.5
    endloop
  endfacet
  facet normal 0 0 1
    outer loop
      vertex 1.72207 29.1575 4.5
      vertex 0.841903 27.0325 4.5
      vertex 0.973035 26.9731 4.5
    endloop
  endfacet
  facet normal 0 0 1
    outer loop
      vertex 1.44648 29.2612 4.5
      vertex 0.707167 27.0832 4.5
      vertex 0.841903 27.0325 4.5
    endloop
  endfacet
  facet normal 0 0 1
    outer loop
      vertex 0.429198 27.1577 4.5
      vertex 0.877906 29.4135 4.5
      vertex 0.587367 29.4615 4.5
    endloop
  endfacet
  facet normal 0 0 1
    outer loop
      vertex 1.16469 29.3467 4.5
      vertex 0.569402 27.125 4.5
      vertex 0.707167 27.0832 4.5
    endloop
  endfacet
  facet normal 0 0 1
    outer loop
      vertex 0.877906 29.4135 4.5
      vertex 0.429198 27.1577 4.5
      vertex 0.569402 27.125 4.5
    endloop
  endfacet
  facet normal 0 0 1
    outer loop
      vertex 0.287157 27.1812 4.5
      vertex 0.587367 29.4615 4.5
      vertex 0.294313 29.4904 4.5
    endloop
  endfacet
  facet normal 0 0 1
    outer loop
      vertex 0.587367 29.4615 4.5
      vertex 0.287157 27.1812 4.5
      vertex 0.429198 27.1577 4.5
    endloop
  endfacet
  facet normal 0 0 1
    outer loop
      vertex 0.294313 29.4904 4.5
      vertex 0.143887 27.1953 4.5
      vertex 0.287157 27.1812 4.5
    endloop
  endfacet
  facet normal 0 0 1
    outer loop
      vertex 0 29.5 4.5
      vertex 0.143887 27.1953 4.5
      vertex 0.294313 29.4904 4.5
    endloop
  endfacet
  facet normal 0 0 1
    outer loop
      vertex 0 29.5 4.5
      vertex 0 27.2 4.5
      vertex 0.143887 27.1953 4.5
    endloop
  endfacet
  facet normal 0 0 1
    outer loop
      vertex 0 29.5 4.5
      vertex -0.143887 27.1953 4.5
      vertex 0 27.2 4.5
    endloop
  endfacet
  facet normal -0 0 1
    outer loop
      vertex -0.294313 29.4904 4.5
      vertex -0.143887 27.1953 4.5
      vertex 0 29.5 4.5
    endloop
  endfacet
  facet normal 0 0 1
    outer loop
      vertex -0.143887 27.1953 4.5
      vertex -0.294313 29.4904 4.5
      vertex -0.287157 27.1812 4.5
    endloop
  endfacet
  facet normal -0 0 1
    outer loop
      vertex -0.587367 29.4615 4.5
      vertex -0.287157 27.1812 4.5
      vertex -0.294313 29.4904 4.5
    endloop
  endfacet
  facet normal 0 0 1
    outer loop
      vertex -0.287157 27.1812 4.5
      vertex -0.587367 29.4615 4.5
      vertex -0.429198 27.1577 4.5
    endloop
  endfacet
  facet normal -0 0 1
    outer loop
      vertex -0.877906 29.4135 4.5
      vertex -0.429198 27.1577 4.5
      vertex -0.587367 29.4615 4.5
    endloop
  endfacet
  facet normal 0 0 1
    outer loop
      vertex -0.429198 27.1577 4.5
      vertex -0.877906 29.4135 4.5
      vertex -0.569402 27.125 4.5
    endloop
  endfacet
  facet normal -0 0 1
    outer loop
      vertex -1.16469 29.3467 4.5
      vertex -0.569402 27.125 4.5
      vertex -0.877906 29.4135 4.5
    endloop
  endfacet
  facet normal 0 0 1
    outer loop
      vertex -0.569402 27.125 4.5
      vertex -1.16469 29.3467 4.5
      vertex -0.707167 27.0832 4.5
    endloop
  endfacet
  facet normal -0 0 1
    outer loop
      vertex -1.44648 29.2612 4.5
      vertex -0.707167 27.0832 4.5
      vertex -1.16469 29.3467 4.5
    endloop
  endfacet
  facet normal 0 0 1
    outer loop
      vertex -0.707167 27.0832 4.5
      vertex -1.44648 29.2612 4.5
      vertex -0.841903 27.0325 4.5
    endloop
  endfacet
  facet normal -0 0 1
    outer loop
      vertex -1.72207 29.1575 4.5
      vertex -0.841903 27.0325 4.5
      vertex -1.44648 29.2612 4.5
    endloop
  endfacet
  facet normal 0 0 1
    outer loop
      vertex -0.841903 27.0325 4.5
      vertex -1.72207 29.1575 4.5
      vertex -0.973035 26.9731 4.5
    endloop
  endfacet
  facet normal -0 0 1
    outer loop
      vertex -1.9903 29.0359 4.5
      vertex -0.973035 26.9731 4.5
      vertex -1.72207 29.1575 4.5
    endloop
  endfacet
  facet normal 0 0 1
    outer loop
      vertex -0.973035 26.9731 4.5
      vertex -1.9903 29.0359 4.5
      vertex -1.1 26.9053 4.5
    endloop
  endfacet
  facet normal -0 0 1
    outer loop
      vertex -2.25 28.8971 4.5
      vertex -1.1 26.9053 4.5
      vertex -1.9903 29.0359 4.5
    endloop
  endfacet
  facet normal 0 0 1
    outer loop
      vertex -1.1 26.9053 4.5
      vertex -2.25 28.8971 4.5
      vertex -1.22225 26.8292 4.5
    endloop
  endfacet
  facet normal -0 0 1
    outer loop
      vertex -2.50007 28.7416 4.5
      vertex -1.22225 26.8292 4.5
      vertex -2.25 28.8971 4.5
    endloop
  endfacet
  facet normal 0 0 1
    outer loop
      vertex -1.22225 26.8292 4.5
      vertex -2.50007 28.7416 4.5
      vertex -1.33927 26.7454 4.5
    endloop
  endfacet
  facet normal -0 0 1
    outer loop
      vertex -2.73943 28.5701 4.5
      vertex -1.33927 26.7454 4.5
      vertex -2.50007 28.7416 4.5
    endloop
  endfacet
  facet normal 0 0 1
    outer loop
      vertex -1.33927 26.7454 4.5
      vertex -2.73943 28.5701 4.5
      vertex -1.45056 26.654 4.5
    endloop
  endfacet
  facet normal -0 0 1
    outer loop
      vertex -2.96706 28.3833 4.5
      vertex -1.45056 26.654 4.5
      vertex -2.73943 28.5701 4.5
    endloop
  endfacet
  facet normal 0 0 1
    outer loop
      vertex -1.45056 26.654 4.5
      vertex -2.96706 28.3833 4.5
      vertex -1.55563 26.5556 4.5
    endloop
  endfacet
  facet normal -0 0 1
    outer loop
      vertex -3.18198 28.182 4.5
      vertex -1.55563 26.5556 4.5
      vertex -2.96706 28.3833 4.5
    endloop
  endfacet
  facet normal 0 0 1
    outer loop
      vertex -1.55563 26.5556 4.5
      vertex -3.18198 28.182 4.5
      vertex -1.65405 26.4506 4.5
    endloop
  endfacet
  facet normal -0 0 1
    outer loop
      vertex -3.38328 27.9671 4.5
      vertex -1.65405 26.4506 4.5
      vertex -3.18198 28.182 4.5
    endloop
  endfacet
  facet normal 0 0 1
    outer loop
      vertex -1.65405 26.4506 4.5
      vertex -3.38328 27.9671 4.5
      vertex -1.74538 26.3393 4.5
    endloop
  endfacet
  facet normal -0 0 1
    outer loop
      vertex -3.57009 27.7394 4.5
      vertex -1.74538 26.3393 4.5
      vertex -3.38328 27.9671 4.5
    endloop
  endfacet
  facet normal 0 0 1
    outer loop
      vertex -1.74538 26.3393 4.5
      vertex -3.57009 27.7394 4.5
      vertex -1.82923 26.2223 4.5
    endloop
  endfacet
  facet normal -0 0 1
    outer loop
      vertex -3.74161 27.5001 4.5
      vertex -1.82923 26.2223 4.5
      vertex -3.57009 27.7394 4.5
    endloop
  endfacet
  facet normal -0 0 1
    outer loop
      vertex -3.89711 27.25 4.5
      vertex -1.90526 26.1 4.5
      vertex -3.74161 27.5001 4.5
    endloop
  endfacet
  facet normal 0 0 1
    outer loop
      vertex -1.82923 26.2223 4.5
      vertex -3.74161 27.5001 4.5
      vertex -1.90526 26.1 4.5
    endloop
  endfacet
  facet normal -0.528118 0.849171 0
    outer loop
      vertex -11 19.0526 0
      vertex -12.2225 18.2923 4.5
      vertex -11 19.0526 4.5
    endloop
  endfacet
  facet normal -0.528118 0.849171 0
    outer loop
      vertex -12.2225 18.2923 4.5
      vertex -11 19.0526 0
      vertex -12.2225 18.2923 0
    endloop
  endfacet
  facet normal 0.0327165 -0.999465 0
    outer loop
      vertex 0 -22 0
      vertex 1.43887 -21.9529 4.5
      vertex 0 -22 4.5
    endloop
  endfacet
  facet normal 0.0327165 -0.999465 0
    outer loop
      vertex 1.43887 -21.9529 4.5
      vertex 0 -22 0
      vertex 1.43887 -21.9529 0
    endloop
  endfacet
  facet normal 0.162888 -0.986645 0
    outer loop
      vertex 2.87158 -21.8118 0
      vertex 4.29199 -21.5773 4.5
      vertex 2.87158 -21.8118 4.5
    endloop
  endfacet
  facet normal 0.162888 -0.986645 0
    outer loop
      vertex 4.29199 -21.5773 4.5
      vertex 2.87158 -21.8118 0
      vertex 4.29199 -21.5773 0
    endloop
  endfacet
  facet normal 0.290281 -0.956941 0
    outer loop
      vertex 5.69402 -21.2504 0
      vertex 7.07167 -20.8325 4.5
      vertex 5.69402 -21.2504 4.5
    endloop
  endfacet
  facet normal 0.290281 -0.956941 0
    outer loop
      vertex 7.07167 -20.8325 4.5
      vertex 5.69402 -21.2504 0
      vertex 7.07167 -20.8325 0
    endloop
  endfacet
  facet normal 0.683634 -0.729825 0
    outer loop
      vertex 14.5056 -16.5405 0
      vertex 15.5563 -15.5563 4.5
      vertex 14.5056 -16.5405 4.5
    endloop
  endfacet
  facet normal 0.683634 -0.729825 0
    outer loop
      vertex 15.5563 -15.5563 4.5
      vertex 14.5056 -16.5405 0
      vertex 15.5563 -15.5563 0
    endloop
  endfacet
  facet normal 0.58242 -0.812888 0
    outer loop
      vertex 12.2225 -18.2923 0
      vertex 13.3928 -17.4538 4.5
      vertex 12.2225 -18.2923 4.5
    endloop
  endfacet
  facet normal 0.58242 -0.812888 0
    outer loop
      vertex 13.3928 -17.4538 4.5
      vertex 12.2225 -18.2923 0
      vertex 13.3928 -17.4538 0
    endloop
  endfacet
  facet normal 0.634413 -0.772994 0
    outer loop
      vertex 13.3928 -17.4538 0
      vertex 14.5056 -16.5405 4.5
      vertex 13.3928 -17.4538 4.5
    endloop
  endfacet
  facet normal 0.634413 -0.772994 0
    outer loop
      vertex 14.5056 -16.5405 4.5
      vertex 13.3928 -17.4538 0
      vertex 14.5056 -16.5405 0
    endloop
  endfacet
  facet normal 0.471374 -0.881933 0
    outer loop
      vertex 9.73035 -19.7312 0
      vertex 11 -19.0526 4.5
      vertex 9.73035 -19.7312 4.5
    endloop
  endfacet
  facet normal 0.471374 -0.881933 0
    outer loop
      vertex 11 -19.0526 4.5
      vertex 9.73035 -19.7312 0
      vertex 11 -19.0526 0
    endloop
  endfacet
  facet normal 0.729825 -0.683634 0
    outer loop
      vertex 15.5563 -15.5563 4.5
      vertex 16.5405 -14.5056 0
      vertex 16.5405 -14.5056 4.5
    endloop
  endfacet
  facet normal 0.729825 -0.683634 0
    outer loop
      vertex 16.5405 -14.5056 0
      vertex 15.5563 -15.5563 4.5
      vertex 15.5563 -15.5563 0
    endloop
  endfacet
  facet normal 0.772994 -0.634413 0
    outer loop
      vertex 16.5405 -14.5056 4.5
      vertex 17.4538 -13.3928 0
      vertex 17.4538 -13.3928 4.5
    endloop
  endfacet
  facet normal 0.772994 -0.634413 0
    outer loop
      vertex 17.4538 -13.3928 0
      vertex 16.5405 -14.5056 4.5
      vertex 16.5405 -14.5056 0
    endloop
  endfacet
  facet normal 0.910877 -0.412677 0
    outer loop
      vertex 19.7312 -9.73035 4.5
      vertex 20.3253 -8.41903 0
      vertex 20.3253 -8.41903 4.5
    endloop
  endfacet
  facet normal 0.910877 -0.412677 0
    outer loop
      vertex 20.3253 -8.41903 0
      vertex 19.7312 -9.73035 4.5
      vertex 19.7312 -9.73035 0
    endloop
  endfacet
  facet normal -0.528118 -0.849171 0
    outer loop
      vertex -12.2225 -18.2923 0
      vertex -11 -19.0526 4.5
      vertex -12.2225 -18.2923 4.5
    endloop
  endfacet
  facet normal -0.528118 -0.849171 -0
    outer loop
      vertex -11 -19.0526 4.5
      vertex -12.2225 -18.2923 0
      vertex -11 -19.0526 0
    endloop
  endfacet
  facet normal -0.412677 -0.910877 0
    outer loop
      vertex -9.73035 -19.7312 0
      vertex -8.41903 -20.3253 4.5
      vertex -9.73035 -19.7312 4.5
    endloop
  endfacet
  facet normal -0.412677 -0.910877 -0
    outer loop
      vertex -8.41903 -20.3253 4.5
      vertex -9.73035 -19.7312 0
      vertex -8.41903 -20.3253 0
    endloop
  endfacet
  facet normal -0.290281 -0.956941 0
    outer loop
      vertex -7.07167 -20.8325 0
      vertex -5.69402 -21.2504 4.5
      vertex -7.07167 -20.8325 4.5
    endloop
  endfacet
  facet normal -0.290281 -0.956941 -0
    outer loop
      vertex -5.69402 -21.2504 4.5
      vertex -7.07167 -20.8325 0
      vertex -5.69402 -21.2504 0
    endloop
  endfacet
  facet normal -0.352305 -0.935885 0
    outer loop
      vertex -8.41903 -20.3253 0
      vertex -7.07167 -20.8325 4.5
      vertex -8.41903 -20.3253 4.5
    endloop
  endfacet
  facet normal -0.352305 -0.935885 -0
    outer loop
      vertex -7.07167 -20.8325 4.5
      vertex -8.41903 -20.3253 0
      vertex -7.07167 -20.8325 0
    endloop
  endfacet
  facet normal -0.227071 -0.973878 0
    outer loop
      vertex -5.69402 -21.2504 0
      vertex -4.29199 -21.5773 4.5
      vertex -5.69402 -21.2504 4.5
    endloop
  endfacet
  facet normal -0.227071 -0.973878 -0
    outer loop
      vertex -4.29199 -21.5773 4.5
      vertex -5.69402 -21.2504 0
      vertex -4.29199 -21.5773 0
    endloop
  endfacet
  facet normal -0.0980105 -0.995185 0
    outer loop
      vertex -2.87158 -21.8118 0
      vertex -1.43887 -21.9529 4.5
      vertex -2.87158 -21.8118 4.5
    endloop
  endfacet
  facet normal -0.0980105 -0.995185 -0
    outer loop
      vertex -1.43887 -21.9529 4.5
      vertex -2.87158 -21.8118 0
      vertex -1.43887 -21.9529 0
    endloop
  endfacet
  facet normal -0.881933 -0.471374 0
    outer loop
      vertex -19.0526 -11 0
      vertex -19.7312 -9.73035 4.5
      vertex -19.7312 -9.73035 0
    endloop
  endfacet
  facet normal -0.881933 -0.471374 0
    outer loop
      vertex -19.7312 -9.73035 4.5
      vertex -19.0526 -11 0
      vertex -19.0526 -11 4.5
    endloop
  endfacet
  facet normal -0.812888 -0.58242 0
    outer loop
      vertex -17.4538 -13.3928 0
      vertex -18.2923 -12.2225 4.5
      vertex -18.2923 -12.2225 0
    endloop
  endfacet
  facet normal -0.812888 -0.58242 0
    outer loop
      vertex -18.2923 -12.2225 4.5
      vertex -17.4538 -13.3928 0
      vertex -17.4538 -13.3928 4.5
    endloop
  endfacet
  facet normal -0.935885 -0.352305 0
    outer loop
      vertex -20.3253 -8.41903 0
      vertex -20.8325 -7.07167 4.5
      vertex -20.8325 -7.07167 0
    endloop
  endfacet
  facet normal -0.935885 -0.352305 0
    outer loop
      vertex -20.8325 -7.07167 4.5
      vertex -20.3253 -8.41903 0
      vertex -20.3253 -8.41903 4.5
    endloop
  endfacet
  facet normal -0.986645 -0.162888 0
    outer loop
      vertex -21.5773 -4.29199 0
      vertex -21.8118 -2.87158 4.5
      vertex -21.8118 -2.87158 0
    endloop
  endfacet
  facet normal -0.986645 -0.162888 0
    outer loop
      vertex -21.8118 -2.87158 4.5
      vertex -21.5773 -4.29199 0
      vertex -21.5773 -4.29199 4.5
    endloop
  endfacet
  facet normal -0.999465 -0.0327165 0
    outer loop
      vertex -21.9529 -1.43887 0
      vertex -22 0 4.5
      vertex -22 0 0
    endloop
  endfacet
  facet normal -0.999465 -0.0327165 0
    outer loop
      vertex -22 0 4.5
      vertex -21.9529 -1.43887 0
      vertex -21.9529 -1.43887 4.5
    endloop
  endfacet
  facet normal 0.935885 0.352305 0
    outer loop
      vertex 20.8325 7.07167 4.5
      vertex 20.3253 8.41903 0
      vertex 20.3253 8.41903 4.5
    endloop
  endfacet
  facet normal 0.935885 0.352305 0
    outer loop
      vertex 20.3253 8.41903 0
      vertex 20.8325 7.07167 4.5
      vertex 20.8325 7.07167 0
    endloop
  endfacet
  facet normal 0.812888 0.58242 0
    outer loop
      vertex 18.2923 12.2225 4.5
      vertex 17.4538 13.3928 0
      vertex 17.4538 13.3928 4.5
    endloop
  endfacet
  facet normal 0.812888 0.58242 0
    outer loop
      vertex 17.4538 13.3928 0
      vertex 18.2923 12.2225 4.5
      vertex 18.2923 12.2225 0
    endloop
  endfacet
  facet normal 0.352305 0.935885 -0
    outer loop
      vertex 8.41903 20.3253 0
      vertex 7.07167 20.8325 4.5
      vertex 8.41903 20.3253 4.5
    endloop
  endfacet
  facet normal 0.352305 0.935885 0
    outer loop
      vertex 7.07167 20.8325 4.5
      vertex 8.41903 20.3253 0
      vertex 7.07167 20.8325 0
    endloop
  endfacet
  facet normal 0.528118 0.849171 -0
    outer loop
      vertex 12.2225 18.2923 0
      vertex 11 19.0526 4.5
      vertex 12.2225 18.2923 4.5
    endloop
  endfacet
  facet normal 0.528118 0.849171 0
    outer loop
      vertex 11 19.0526 4.5
      vertex 12.2225 18.2923 0
      vertex 11 19.0526 0
    endloop
  endfacet
  facet normal 0.634413 0.772994 -0
    outer loop
      vertex 14.5056 16.5405 0
      vertex 13.3928 17.4538 4.5
      vertex 14.5056 16.5405 4.5
    endloop
  endfacet
  facet normal 0.634413 0.772994 0
    outer loop
      vertex 13.3928 17.4538 4.5
      vertex 14.5056 16.5405 0
      vertex 13.3928 17.4538 0
    endloop
  endfacet
  facet normal -0.935885 0.352305 0
    outer loop
      vertex -20.8325 7.07167 0
      vertex -20.3253 8.41903 4.5
      vertex -20.3253 8.41903 0
    endloop
  endfacet
  facet normal -0.935885 0.352305 0
    outer loop
      vertex -20.3253 8.41903 4.5
      vertex -20.8325 7.07167 0
      vertex -20.8325 7.07167 4.5
    endloop
  endfacet
  facet normal -0.58242 0.812888 0
    outer loop
      vertex -12.2225 18.2923 0
      vertex -13.3928 17.4538 4.5
      vertex -12.2225 18.2923 4.5
    endloop
  endfacet
  facet normal -0.58242 0.812888 0
    outer loop
      vertex -13.3928 17.4538 4.5
      vertex -12.2225 18.2923 0
      vertex -13.3928 17.4538 0
    endloop
  endfacet
  facet normal -0.290281 0.956941 0
    outer loop
      vertex -5.69402 21.2504 0
      vertex -7.07167 20.8325 4.5
      vertex -5.69402 21.2504 4.5
    endloop
  endfacet
  facet normal -0.290281 0.956941 0
    outer loop
      vertex -7.07167 20.8325 4.5
      vertex -5.69402 21.2504 0
      vertex -7.07167 20.8325 0
    endloop
  endfacet
  facet normal 0.999465 -0.0327165 0
    outer loop
      vertex 21.9529 -1.43887 4.5
      vertex 22 0 0
      vertex 22 0 4.5
    endloop
  endfacet
  facet normal 0.999465 -0.0327165 0
    outer loop
      vertex 22 0 0
      vertex 21.9529 -1.43887 4.5
      vertex 21.9529 -1.43887 0
    endloop
  endfacet
  facet normal 0.0980105 -0.995185 0
    outer loop
      vertex 1.43887 -21.9529 0
      vertex 2.87158 -21.8118 4.5
      vertex 1.43887 -21.9529 4.5
    endloop
  endfacet
  facet normal 0.0980105 -0.995185 0
    outer loop
      vertex 2.87158 -21.8118 4.5
      vertex 1.43887 -21.9529 0
      vertex 2.87158 -21.8118 0
    endloop
  endfacet
  facet normal 0.849171 -0.528118 0
    outer loop
      vertex 18.2923 -12.2225 4.5
      vertex 19.0526 -11 0
      vertex 19.0526 -11 4.5
    endloop
  endfacet
  facet normal 0.849171 -0.528118 0
    outer loop
      vertex 19.0526 -11 0
      vertex 18.2923 -12.2225 4.5
      vertex 18.2923 -12.2225 0
    endloop
  endfacet
  facet normal 0.986645 -0.162888 0
    outer loop
      vertex 21.5773 -4.29199 4.5
      vertex 21.8118 -2.87158 0
      vertex 21.8118 -2.87158 4.5
    endloop
  endfacet
  facet normal 0.986645 -0.162888 0
    outer loop
      vertex 21.8118 -2.87158 0
      vertex 21.5773 -4.29199 4.5
      vertex 21.5773 -4.29199 0
    endloop
  endfacet
  facet normal -0.58242 -0.812888 0
    outer loop
      vertex -13.3928 -17.4538 0
      vertex -12.2225 -18.2923 4.5
      vertex -13.3928 -17.4538 4.5
    endloop
  endfacet
  facet normal -0.58242 -0.812888 -0
    outer loop
      vertex -12.2225 -18.2923 4.5
      vertex -13.3928 -17.4538 0
      vertex -12.2225 -18.2923 0
    endloop
  endfacet
  facet normal -0.471374 -0.881933 0
    outer loop
      vertex -11 -19.0526 0
      vertex -9.73035 -19.7312 4.5
      vertex -11 -19.0526 4.5
    endloop
  endfacet
  facet normal -0.471374 -0.881933 -0
    outer loop
      vertex -9.73035 -19.7312 4.5
      vertex -11 -19.0526 0
      vertex -9.73035 -19.7312 0
    endloop
  endfacet
  facet normal -0.0327165 -0.999465 0
    outer loop
      vertex -1.43887 -21.9529 0
      vertex 0 -22 4.5
      vertex -1.43887 -21.9529 4.5
    endloop
  endfacet
  facet normal -0.0327165 -0.999465 -0
    outer loop
      vertex 0 -22 4.5
      vertex -1.43887 -21.9529 0
      vertex 0 -22 0
    endloop
  endfacet
  facet normal -0.849171 -0.528118 0
    outer loop
      vertex -18.2923 -12.2225 0
      vertex -19.0526 -11 4.5
      vertex -19.0526 -11 0
    endloop
  endfacet
  facet normal -0.849171 -0.528118 0
    outer loop
      vertex -19.0526 -11 4.5
      vertex -18.2923 -12.2225 0
      vertex -18.2923 -12.2225 4.5
    endloop
  endfacet
  facet normal -0.772994 -0.634413 0
    outer loop
      vertex -16.5405 -14.5056 0
      vertex -17.4538 -13.3928 4.5
      vertex -17.4538 -13.3928 0
    endloop
  endfacet
  facet normal -0.772994 -0.634413 0
    outer loop
      vertex -17.4538 -13.3928 4.5
      vertex -16.5405 -14.5056 0
      vertex -16.5405 -14.5056 4.5
    endloop
  endfacet
  facet normal -0.995185 -0.0980105 0
    outer loop
      vertex -21.8118 -2.87158 0
      vertex -21.9529 -1.43887 4.5
      vertex -21.9529 -1.43887 0
    endloop
  endfacet
  facet normal -0.995185 -0.0980105 0
    outer loop
      vertex -21.9529 -1.43887 4.5
      vertex -21.8118 -2.87158 0
      vertex -21.8118 -2.87158 4.5
    endloop
  endfacet
  facet normal -0.999507 -0.0313862 0
    outer loop
      vertex 17.9626 1.14223 3.55246
      vertex 17.9615 1.17726 4.5
      vertex 17.9615 1.17726 3.52123
    endloop
  endfacet
  facet normal -0.999475 -0.0323889 3.71086e-05
    outer loop
      vertex 17.9655 1.05282 3.62206
      vertex 17.9615 1.17726 4.5
      vertex 17.9626 1.14223 3.55246
    endloop
  endfacet
  facet normal -0.999456 -0.0329844 0.000121601
    outer loop
      vertex 17.9686 0.959121 3.68543
      vertex 17.9615 1.17726 4.5
      vertex 17.9655 1.05282 3.62206
    endloop
  endfacet
  facet normal -0.999463 -0.0327571 6.06572e-05
    outer loop
      vertex 17.9718 0.86159 3.74232
      vertex 17.9615 1.17726 4.5
      vertex 17.9686 0.959121 3.68543
    endloop
  endfacet
  facet normal -0.999466 -0.0326729 2.55401e-05
    outer loop
      vertex 17.9751 0.760682 3.79251
      vertex 17.9615 1.17726 4.5
      vertex 17.9718 0.86159 3.74232
    endloop
  endfacet
  facet normal -0.999465 -0.0327129 4.91029e-05
    outer loop
      vertex 17.9785 0.656868 3.83582
      vertex 17.9615 1.17726 4.5
      vertex 17.9751 0.760682 3.79251
    endloop
  endfacet
  facet normal -0.99946 -0.0328674 0.000170314
    outer loop
      vertex 17.982 0.550625 3.87209
      vertex 17.9615 1.17726 4.5
      vertex 17.9785 0.656868 3.83582
    endloop
  endfacet
  facet normal -0.999475 -0.0324117 -0.000284958
    outer loop
      vertex 17.9855 0.44244 3.90121
      vertex 17.9615 1.17726 4.5
      vertex 17.982 0.550625 3.87209
    endloop
  endfacet
  facet normal -0.999461 -0.032827 -5.3123e-05
    outer loop
      vertex 18 0 4.5
      vertex 17.9855 0.44244 3.90121
      vertex 17.9891 0.332798 3.92309
    endloop
  endfacet
  facet normal -0.999471 -0.0325126 0.000128437
    outer loop
      vertex 18 0 4.5
      vertex 17.9891 0.332798 3.92309
      vertex 17.9927 0.222188 3.93768
    endloop
  endfacet
  facet normal -0.999445 -0.0332986 -0.000182467
    outer loop
      vertex 18 0 4.5
      vertex 17.9927 0.222188 3.93768
      vertex 17.9964 0.111094 3.94497
    endloop
  endfacet
  facet normal -0.999475 -0.032388 -0
    outer loop
      vertex 18 0 4.5
      vertex 17.9964 0.111094 3.94497
      vertex 18 0 3.94497
    endloop
  endfacet
  facet normal -0.999466 -0.0326856 5.15094e-05
    outer loop
      vertex 17.9855 0.44244 3.90121
      vertex 18 0 4.5
      vertex 17.9615 1.17726 4.5
    endloop
  endfacet
  facet normal -0.999507 -0.0313862 0
    outer loop
      vertex 17.9615 1.17726 0
      vertex 17.9626 1.14223 0.947537
      vertex 17.9615 1.17726 0.978773
    endloop
  endfacet
  facet normal -0.999475 -0.0323889 -3.71088e-05
    outer loop
      vertex 17.9615 1.17726 0
      vertex 17.9655 1.05282 0.877942
      vertex 17.9626 1.14223 0.947537
    endloop
  endfacet
  facet normal -0.999456 -0.0329844 -0.0001216
    outer loop
      vertex 17.9615 1.17726 0
      vertex 17.9686 0.959121 0.814573
      vertex 17.9655 1.05282 0.877942
    endloop
  endfacet
  facet normal -0.999463 -0.0327571 -6.06567e-05
    outer loop
      vertex 17.9615 1.17726 0
      vertex 17.9718 0.86159 0.757681
      vertex 17.9686 0.959121 0.814573
    endloop
  endfacet
  facet normal -0.999466 -0.0326729 -2.55399e-05
    outer loop
      vertex 17.9615 1.17726 0
      vertex 17.9751 0.760682 0.707489
      vertex 17.9718 0.86159 0.757681
    endloop
  endfacet
  facet normal -0.999465 -0.0327129 -4.91034e-05
    outer loop
      vertex 17.9615 1.17726 0
      vertex 17.9785 0.656868 0.664181
      vertex 17.9751 0.760682 0.707489
    endloop
  endfacet
  facet normal -0.99946 -0.0328674 -0.000170311
    outer loop
      vertex 17.9615 1.17726 0
      vertex 17.982 0.550625 0.627908
      vertex 17.9785 0.656868 0.664181
    endloop
  endfacet
  facet normal -0.999475 -0.0324117 0.00028496
    outer loop
      vertex 17.9615 1.17726 0
      vertex 17.9855 0.44244 0.598789
      vertex 17.982 0.550625 0.627908
    endloop
  endfacet
  facet normal -0.999466 -0.0326856 -5.15095e-05
    outer loop
      vertex 18 0 0
      vertex 17.9855 0.44244 0.598789
      vertex 17.9615 1.17726 0
    endloop
  endfacet
  facet normal -0.999461 -0.032827 5.31235e-05
    outer loop
      vertex 17.9855 0.44244 0.598789
      vertex 18 0 0
      vertex 17.9891 0.332798 0.576908
    endloop
  endfacet
  facet normal -0.999471 -0.0325126 -0.00012844
    outer loop
      vertex 17.9891 0.332798 0.576908
      vertex 18 0 0
      vertex 17.9927 0.222188 0.562314
    endloop
  endfacet
  facet normal -0.999445 -0.0332986 0.000182468
    outer loop
      vertex 17.9927 0.222188 0.562314
      vertex 18 0 0
      vertex 17.9964 0.111094 0.555025
    endloop
  endfacet
  facet normal -0.999475 -0.032388 0
    outer loop
      vertex 17.9964 0.111094 0.555025
      vertex 18 0 0
      vertex 18 0 0.555025
    endloop
  endfacet
  facet normal 0.999507 -0.0313862 0
    outer loop
      vertex -17.9615 1.17726 4.5
      vertex -17.9626 1.14223 3.55246
      vertex -17.9615 1.17726 3.52123
    endloop
  endfacet
  facet normal 0.999475 -0.0323889 3.71086e-05
    outer loop
      vertex -17.9615 1.17726 4.5
      vertex -17.9655 1.05282 3.62206
      vertex -17.9626 1.14223 3.55246
    endloop
  endfacet
  facet normal 0.999456 -0.0329844 0.000121601
    outer loop
      vertex -17.9615 1.17726 4.5
      vertex -17.9686 0.959121 3.68543
      vertex -17.9655 1.05282 3.62206
    endloop
  endfacet
  facet normal 0.999463 -0.0327571 6.06572e-05
    outer loop
      vertex -17.9615 1.17726 4.5
      vertex -17.9718 0.86159 3.74232
      vertex -17.9686 0.959121 3.68543
    endloop
  endfacet
  facet normal 0.999466 -0.0326729 2.55401e-05
    outer loop
      vertex -17.9615 1.17726 4.5
      vertex -17.9751 0.760682 3.79251
      vertex -17.9718 0.86159 3.74232
    endloop
  endfacet
  facet normal 0.999465 -0.0327129 4.91029e-05
    outer loop
      vertex -17.9615 1.17726 4.5
      vertex -17.9785 0.656868 3.83582
      vertex -17.9751 0.760682 3.79251
    endloop
  endfacet
  facet normal 0.99946 -0.0328674 0.000170314
    outer loop
      vertex -17.9615 1.17726 4.5
      vertex -17.982 0.550625 3.87209
      vertex -17.9785 0.656868 3.83582
    endloop
  endfacet
  facet normal 0.999475 -0.0324117 -0.000284958
    outer loop
      vertex -17.9615 1.17726 4.5
      vertex -17.9855 0.44244 3.90121
      vertex -17.982 0.550625 3.87209
    endloop
  endfacet
  facet normal 0.999466 -0.0326856 5.15094e-05
    outer loop
      vertex -18 0 4.5
      vertex -17.9855 0.44244 3.90121
      vertex -17.9615 1.17726 4.5
    endloop
  endfacet
  facet normal 0.999461 -0.032827 -5.3123e-05
    outer loop
      vertex -17.9855 0.44244 3.90121
      vertex -18 0 4.5
      vertex -17.9891 0.332798 3.92309
    endloop
  endfacet
  facet normal 0.999471 -0.0325126 0.000128437
    outer loop
      vertex -17.9891 0.332798 3.92309
      vertex -18 0 4.5
      vertex -17.9927 0.222188 3.93768
    endloop
  endfacet
  facet normal 0.999445 -0.0332986 -0.000182467
    outer loop
      vertex -17.9927 0.222188 3.93768
      vertex -18 0 4.5
      vertex -17.9964 0.111094 3.94497
    endloop
  endfacet
  facet normal 0.999475 -0.032388 0
    outer loop
      vertex -17.9964 0.111094 3.94497
      vertex -18 0 4.5
      vertex -18 0 3.94497
    endloop
  endfacet
  facet normal 0.999507 -0.0313862 0
    outer loop
      vertex -17.9626 1.14223 0.947537
      vertex -17.9615 1.17726 0
      vertex -17.9615 1.17726 0.978773
    endloop
  endfacet
  facet normal 0.999475 -0.0323889 -3.71088e-05
    outer loop
      vertex -17.9655 1.05282 0.877942
      vertex -17.9615 1.17726 0
      vertex -17.9626 1.14223 0.947537
    endloop
  endfacet
  facet normal 0.999456 -0.0329844 -0.0001216
    outer loop
      vertex -17.9686 0.959121 0.814573
      vertex -17.9615 1.17726 0
      vertex -17.9655 1.05282 0.877942
    endloop
  endfacet
  facet normal 0.999463 -0.0327571 -6.06567e-05
    outer loop
      vertex -17.9718 0.86159 0.757681
      vertex -17.9615 1.17726 0
      vertex -17.9686 0.959121 0.814573
    endloop
  endfacet
  facet normal 0.999466 -0.0326729 -2.55399e-05
    outer loop
      vertex -17.9751 0.760682 0.707489
      vertex -17.9615 1.17726 0
      vertex -17.9718 0.86159 0.757681
    endloop
  endfacet
  facet normal 0.999465 -0.0327129 -4.91034e-05
    outer loop
      vertex -17.9785 0.656868 0.664181
      vertex -17.9615 1.17726 0
      vertex -17.9751 0.760682 0.707489
    endloop
  endfacet
  facet normal 0.99946 -0.0328674 -0.000170311
    outer loop
      vertex -17.982 0.550625 0.627908
      vertex -17.9615 1.17726 0
      vertex -17.9785 0.656868 0.664181
    endloop
  endfacet
  facet normal 0.999475 -0.0324117 0.00028496
    outer loop
      vertex -17.9855 0.44244 0.598789
      vertex -17.9615 1.17726 0
      vertex -17.982 0.550625 0.627908
    endloop
  endfacet
  facet normal 0.999461 -0.032827 5.31235e-05
    outer loop
      vertex -18 0 0
      vertex -17.9855 0.44244 0.598789
      vertex -17.9891 0.332798 0.576908
    endloop
  endfacet
  facet normal 0.999471 -0.0325126 -0.00012844
    outer loop
      vertex -18 0 0
      vertex -17.9891 0.332798 0.576908
      vertex -17.9927 0.222188 0.562314
    endloop
  endfacet
  facet normal 0.999445 -0.0332986 0.000182468
    outer loop
      vertex -18 0 0
      vertex -17.9927 0.222188 0.562314
      vertex -17.9964 0.111094 0.555025
    endloop
  endfacet
  facet normal 0.999475 -0.032388 0
    outer loop
      vertex -18 0 0
      vertex -17.9964 0.111094 0.555025
      vertex -18 0 0.555025
    endloop
  endfacet
  facet normal 0.999466 -0.0326856 -5.15095e-05
    outer loop
      vertex -17.9855 0.44244 0.598789
      vertex -18 0 0
      vertex -17.9615 1.17726 0
    endloop
  endfacet
  facet normal -0.0326856 -0.999466 0
    outer loop
      vertex 0 18 0
      vertex 1.17726 17.9615 4.5
      vertex 0 18 4.5
    endloop
  endfacet
  facet normal -0.0326856 -0.999466 -0
    outer loop
      vertex 1.17726 17.9615 4.5
      vertex 0 18 0
      vertex 1.17726 17.9615 0
    endloop
  endfacet
  facet normal 0.0326856 0.999466 -0
    outer loop
      vertex 0 -18 0
      vertex -1.17726 -17.9615 4.5
      vertex 0 -18 4.5
    endloop
  endfacet
  facet normal 0.0326856 0.999466 0
    outer loop
      vertex -1.17726 -17.9615 4.5
      vertex 0 -18 0
      vertex -1.17726 -17.9615 0
    endloop
  endfacet
  facet normal 0.729863 0.683594 0
    outer loop
      vertex -12.7279 -12.7279 4.5
      vertex -13.5331 -11.8682 0
      vertex -13.5331 -11.8682 4.5
    endloop
  endfacet
  facet normal 0.729863 0.683594 0
    outer loop
      vertex -13.5331 -11.8682 0
      vertex -12.7279 -12.7279 4.5
      vertex -12.7279 -12.7279 0
    endloop
  endfacet
  facet normal -0.683594 -0.729863 0
    outer loop
      vertex 11.8682 13.5331 0
      vertex 12.7279 12.7279 4.5
      vertex 11.8682 13.5331 4.5
    endloop
  endfacet
  facet normal -0.683594 -0.729863 -0
    outer loop
      vertex 12.7279 12.7279 4.5
      vertex 11.8682 13.5331 0
      vertex 12.7279 12.7279 0
    endloop
  endfacet
  facet normal 0.683594 -0.729863 0
    outer loop
      vertex -12.7279 12.7279 0
      vertex -11.8682 13.5331 4.5
      vertex -12.7279 12.7279 4.5
    endloop
  endfacet
  facet normal 0.683594 -0.729863 0
    outer loop
      vertex -11.8682 13.5331 4.5
      vertex -12.7279 12.7279 0
      vertex -11.8682 13.5331 0
    endloop
  endfacet
  facet normal 0.97389 0.227021 0
    outer loop
      vertex -17.3867 -4.65874 4.5
      vertex -17.6541 -3.51163 0
      vertex -17.6541 -3.51163 4.5
    endloop
  endfacet
  facet normal 0.97389 0.227021 0
    outer loop
      vertex -17.6541 -3.51163 0
      vertex -17.3867 -4.65874 4.5
      vertex -17.3867 -4.65874 0
    endloop
  endfacet
  facet normal -0.910872 -0.41269 0
    outer loop
      vertex 16.6298 6.8883 0
      vertex 16.1437 7.9612 4.5
      vertex 16.1437 7.9612 0
    endloop
  endfacet
  facet normal -0.910872 -0.41269 0
    outer loop
      vertex 16.1437 7.9612 4.5
      vertex 16.6298 6.8883 0
      vertex 16.6298 6.8883 4.5
    endloop
  endfacet
  facet normal -0.729863 -0.683594 0
    outer loop
      vertex 13.5331 11.8682 0
      vertex 12.7279 12.7279 4.5
      vertex 12.7279 12.7279 0
    endloop
  endfacet
  facet normal -0.729863 -0.683594 0
    outer loop
      vertex 12.7279 12.7279 4.5
      vertex 13.5331 11.8682 0
      vertex 13.5331 11.8682 4.5
    endloop
  endfacet
  facet normal -0.41269 -0.910872 0
    outer loop
      vertex 6.8883 16.6298 0
      vertex 7.9612 16.1437 4.5
      vertex 6.8883 16.6298 4.5
    endloop
  endfacet
  facet normal -0.41269 -0.910872 -0
    outer loop
      vertex 7.9612 16.1437 4.5
      vertex 6.8883 16.6298 0
      vertex 7.9612 16.1437 0
    endloop
  endfacet
  facet normal 0.849212 -0.528052 0
    outer loop
      vertex -15.5885 9 4.5
      vertex -14.9665 10.0003 0
      vertex -14.9665 10.0003 4.5
    endloop
  endfacet
  facet normal 0.849212 -0.528052 0
    outer loop
      vertex -14.9665 10.0003 0
      vertex -15.5885 9 4.5
      vertex -15.5885 9 0
    endloop
  endfacet
  facet normal 0.162917 -0.98664 0
    outer loop
      vertex -3.51163 17.6541 0
      vertex -2.34947 17.846 4.5
      vertex -3.51163 17.6541 4.5
    endloop
  endfacet
  facet normal 0.162917 -0.98664 0
    outer loop
      vertex -2.34947 17.846 4.5
      vertex -3.51163 17.6541 0
      vertex -2.34947 17.846 0
    endloop
  endfacet
  facet normal -0.881939 0.471364 0
    outer loop
      vertex 15.5885 -9 0
      vertex 16.1437 -7.9612 4.5
      vertex 16.1437 -7.9612 0
    endloop
  endfacet
  facet normal -0.881939 0.471364 0
    outer loop
      vertex 16.1437 -7.9612 4.5
      vertex 15.5885 -9 0
      vertex 15.5885 -9 4.5
    endloop
  endfacet
  facet normal -0.227021 0.97389 0
    outer loop
      vertex 4.65874 -17.3867 0
      vertex 3.51163 -17.6541 4.5
      vertex 4.65874 -17.3867 4.5
    endloop
  endfacet
  facet normal -0.227021 0.97389 0
    outer loop
      vertex 3.51163 -17.6541 4.5
      vertex 4.65874 -17.3867 0
      vertex 3.51163 -17.6541 0
    endloop
  endfacet
  facet normal -0.683594 0.729863 0
    outer loop
      vertex 12.7279 -12.7279 0
      vertex 11.8682 -13.5331 4.5
      vertex 12.7279 -12.7279 4.5
    endloop
  endfacet
  facet normal -0.683594 0.729863 0
    outer loop
      vertex 11.8682 -13.5331 4.5
      vertex 12.7279 -12.7279 0
      vertex 11.8682 -13.5331 0
    endloop
  endfacet
  facet normal 0.352242 0.935909 -0
    outer loop
      vertex -5.78591 -17.0447 0
      vertex -6.8883 -16.6298 4.5
      vertex -5.78591 -17.0447 4.5
    endloop
  endfacet
  facet normal 0.352242 0.935909 0
    outer loop
      vertex -6.8883 -16.6298 4.5
      vertex -5.78591 -17.0447 0
      vertex -6.8883 -16.6298 0
    endloop
  endfacet
  facet normal -0.995181 -0.0980518 0
    outer loop
      vertex 17.846 2.34947 0
      vertex 17.9007 1.79429 2.25
      vertex 17.846 2.34947 4.5
    endloop
  endfacet
  facet normal -0.995239 -0.0974664 0.000145852
    outer loop
      vertex 17.846 2.34947 0
      vertex 17.9011 1.79003 2.13268
      vertex 17.9007 1.79429 2.25
    endloop
  endfacet
  facet normal -0.995087 -0.099 -0.000260357
    outer loop
      vertex 17.846 2.34947 0
      vertex 17.9024 1.77727 2.01602
      vertex 17.9011 1.79003 2.13268
    endloop
  endfacet
  facet normal -0.995329 -0.0965422 0.000443992
    outer loop
      vertex 17.846 2.34947 0
      vertex 17.9044 1.75612 1.90068
      vertex 17.9024 1.77727 2.01602
    endloop
  endfacet
  facet normal -0.995182 -0.0980472 -3.03478e-05
    outer loop
      vertex 17.846 2.34947 0
      vertex 17.9073 1.72672 1.78733
      vertex 17.9044 1.75612 1.90068
    endloop
  endfacet
  facet normal -0.995173 -0.0981376 -6.21657e-05
    outer loop
      vertex 17.846 2.34947 0
      vertex 17.911 1.68927 1.67657
      vertex 17.9073 1.72672 1.78733
    endloop
  endfacet
  facet normal -0.995137 -0.0984977 -0.000205326
    outer loop
      vertex 17.846 2.34947 0
      vertex 17.9155 1.64403 1.56902
      vertex 17.911 1.68927 1.67657
    endloop
  endfacet
  facet normal -0.995175 -0.0981149 -3.15519e-05
    outer loop
      vertex 17.846 2.34947 0
      vertex 17.9207 1.59132 1.46525
      vertex 17.9155 1.64403 1.56902
    endloop
  endfacet
  facet normal -0.995178 -0.09809 -1.85331e-05
    outer loop
      vertex 17.846 2.34947 0
      vertex 17.9266 1.53148 1.3658
      vertex 17.9207 1.59132 1.46525
    endloop
  endfacet
  facet normal -0.995226 -0.0975919 0.000282643
    outer loop
      vertex 17.846 2.34947 0
      vertex 17.9331 1.46492 1.27117
      vertex 17.9266 1.53148 1.3658
    endloop
  endfacet
  facet normal -0.995168 -0.0981883 -0.000136398
    outer loop
      vertex 17.846 2.34947 0
      vertex 17.9403 1.39207 1.18182
      vertex 17.9331 1.46492 1.27117
    endloop
  endfacet
  facet normal -0.995216 -0.0977006 0.000262583
    outer loop
      vertex 17.846 2.34947 0
      vertex 17.948 1.31341 1.09817
      vertex 17.9403 1.39207 1.18182
    endloop
  endfacet
  facet normal -0.99517 -0.0981656 -0.000180432
    outer loop
      vertex 17.846 2.34947 0
      vertex 17.9563 1.22941 1.02059
      vertex 17.948 1.31341 1.09817
    endloop
  endfacet
  facet normal -0.995181 -0.098057 -6.00322e-05
    outer loop
      vertex 17.9615 1.17726 0
      vertex 17.9563 1.22941 1.02059
      vertex 17.846 2.34947 0
    endloop
  endfacet
  facet normal -0.995065 -0.0992203 0
    outer loop
      vertex 17.9563 1.22941 1.02059
      vertex 17.9615 1.17726 0
      vertex 17.9615 1.17726 0.978773
    endloop
  endfacet
  facet normal -0.995239 -0.0974664 -0.000145852
    outer loop
      vertex 17.9011 1.79003 2.36732
      vertex 17.846 2.34947 4.5
      vertex 17.9007 1.79429 2.25
    endloop
  endfacet
  facet normal -0.995087 -0.099 0.000260357
    outer loop
      vertex 17.9024 1.77727 2.48398
      vertex 17.846 2.34947 4.5
      vertex 17.9011 1.79003 2.36732
    endloop
  endfacet
  facet normal -0.995329 -0.0965421 -0.000444015
    outer loop
      vertex 17.9044 1.75612 2.59931
      vertex 17.846 2.34947 4.5
      vertex 17.9024 1.77727 2.48398
    endloop
  endfacet
  facet normal -0.995182 -0.0980472 3.03462e-05
    outer loop
      vertex 17.9073 1.72672 2.71267
      vertex 17.846 2.34947 4.5
      vertex 17.9044 1.75612 2.59931
    endloop
  endfacet
  facet normal -0.995173 -0.0981376 6.21657e-05
    outer loop
      vertex 17.911 1.68927 2.82343
      vertex 17.846 2.34947 4.5
      vertex 17.9073 1.72672 2.71267
    endloop
  endfacet
  facet normal -0.995137 -0.0984977 0.000205326
    outer loop
      vertex 17.9155 1.64403 2.93098
      vertex 17.846 2.34947 4.5
      vertex 17.911 1.68927 2.82343
    endloop
  endfacet
  facet normal -0.995175 -0.0981149 3.15519e-05
    outer loop
      vertex 17.9207 1.59132 3.03475
      vertex 17.846 2.34947 4.5
      vertex 17.9155 1.64403 2.93098
    endloop
  endfacet
  facet normal -0.995178 -0.09809 1.85331e-05
    outer loop
      vertex 17.9266 1.53148 3.1342
      vertex 17.846 2.34947 4.5
      vertex 17.9207 1.59132 3.03475
    endloop
  endfacet
  facet normal -0.995226 -0.0975919 -0.000282643
    outer loop
      vertex 17.9331 1.46492 3.22883
      vertex 17.846 2.34947 4.5
      vertex 17.9266 1.53148 3.1342
    endloop
  endfacet
  facet normal -0.995168 -0.0981883 0.000136398
    outer loop
      vertex 17.9403 1.39207 3.31818
      vertex 17.846 2.34947 4.5
      vertex 17.9331 1.46492 3.22883
    endloop
  endfacet
  facet normal -0.995216 -0.0977006 -0.000262583
    outer loop
      vertex 17.948 1.31341 3.40183
      vertex 17.846 2.34947 4.5
      vertex 17.9403 1.39207 3.31818
    endloop
  endfacet
  facet normal -0.99517 -0.0981656 0.000180432
    outer loop
      vertex 17.9563 1.22941 3.47941
      vertex 17.846 2.34947 4.5
      vertex 17.948 1.31341 3.40183
    endloop
  endfacet
  facet normal -0.995065 -0.0992203 -0
    outer loop
      vertex 17.9615 1.17726 4.5
      vertex 17.9563 1.22941 3.47941
      vertex 17.9615 1.17726 3.52123
    endloop
  endfacet
  facet normal -0.995181 -0.098057 6.00322e-05
    outer loop
      vertex 17.9563 1.22941 3.47941
      vertex 17.9615 1.17726 4.5
      vertex 17.846 2.34947 4.5
    endloop
  endfacet
  facet normal -0.956922 -0.290344 0
    outer loop
      vertex 17.3867 4.65874 0
      vertex 17.0447 5.78591 4.5
      vertex 17.0447 5.78591 0
    endloop
  endfacet
  facet normal -0.956922 -0.290344 0
    outer loop
      vertex 17.0447 5.78591 4.5
      vertex 17.3867 4.65874 0
      vertex 17.3867 4.65874 4.5
    endloop
  endfacet
  facet normal -0.77298 -0.63443 0
    outer loop
      vertex 14.2804 10.9577 0
      vertex 13.5331 11.8682 4.5
      vertex 13.5331 11.8682 0
    endloop
  endfacet
  facet normal -0.77298 -0.63443 0
    outer loop
      vertex 13.5331 11.8682 4.5
      vertex 14.2804 10.9577 0
      vertex 14.2804 10.9577 4.5
    endloop
  endfacet
  facet normal -0.881939 -0.471364 0
    outer loop
      vertex 16.1437 7.9612 0
      vertex 15.5885 9 4.5
      vertex 15.5885 9 0
    endloop
  endfacet
  facet normal -0.881939 -0.471364 0
    outer loop
      vertex 15.5885 9 4.5
      vertex 16.1437 7.9612 0
      vertex 16.1437 7.9612 4.5
    endloop
  endfacet
  facet normal -0.227021 -0.97389 0
    outer loop
      vertex 3.51163 17.6541 0
      vertex 4.65874 17.3867 4.5
      vertex 3.51163 17.6541 4.5
    endloop
  endfacet
  facet normal -0.227021 -0.97389 -0
    outer loop
      vertex 4.65874 17.3867 4.5
      vertex 3.51163 17.6541 0
      vertex 4.65874 17.3867 0
    endloop
  endfacet
  facet normal -0.162917 -0.98664 0
    outer loop
      vertex 2.34947 17.846 0
      vertex 3.51163 17.6541 4.5
      vertex 2.34947 17.846 4.5
    endloop
  endfacet
  facet normal -0.162917 -0.98664 -0
    outer loop
      vertex 3.51163 17.6541 4.5
      vertex 2.34947 17.846 0
      vertex 3.51163 17.6541 0
    endloop
  endfacet
  facet normal -0.528052 -0.849212 0
    outer loop
      vertex 9 15.5885 0
      vertex 10.0003 14.9665 4.5
      vertex 9 15.5885 4.5
    endloop
  endfacet
  facet normal -0.528052 -0.849212 -0
    outer loop
      vertex 10.0003 14.9665 4.5
      vertex 9 15.5885 0
      vertex 10.0003 14.9665 0
    endloop
  endfacet
  facet normal -0.471364 -0.881939 0
    outer loop
      vertex 7.9612 16.1437 0
      vertex 9 15.5885 4.5
      vertex 7.9612 16.1437 4.5
    endloop
  endfacet
  facet normal -0.471364 -0.881939 -0
    outer loop
      vertex 9 15.5885 4.5
      vertex 7.9612 16.1437 0
      vertex 9 15.5885 0
    endloop
  endfacet
  facet normal 0.97389 -0.227021 0
    outer loop
      vertex -17.6541 3.51163 4.5
      vertex -17.3867 4.65874 0
      vertex -17.3867 4.65874 4.5
    endloop
  endfacet
  facet normal 0.97389 -0.227021 0
    outer loop
      vertex -17.3867 4.65874 0
      vertex -17.6541 3.51163 4.5
      vertex -17.6541 3.51163 0
    endloop
  endfacet
  facet normal 0.729863 -0.683594 0
    outer loop
      vertex -13.5331 11.8682 4.5
      vertex -12.7279 12.7279 0
      vertex -12.7279 12.7279 4.5
    endloop
  endfacet
  facet normal 0.729863 -0.683594 0
    outer loop
      vertex -12.7279 12.7279 0
      vertex -13.5331 11.8682 4.5
      vertex -13.5331 11.8682 0
    endloop
  endfacet
  facet normal 0.98664 -0.162917 0
    outer loop
      vertex -17.846 2.34947 4.5
      vertex -17.6541 3.51163 0
      vertex -17.6541 3.51163 4.5
    endloop
  endfacet
  facet normal 0.98664 -0.162917 0
    outer loop
      vertex -17.6541 3.51163 0
      vertex -17.846 2.34947 4.5
      vertex -17.846 2.34947 0
    endloop
  endfacet
  facet normal 0.528052 -0.849212 0
    outer loop
      vertex -10.0003 14.9665 0
      vertex -9 15.5885 4.5
      vertex -10.0003 14.9665 4.5
    endloop
  endfacet
  facet normal 0.528052 -0.849212 0
    outer loop
      vertex -9 15.5885 4.5
      vertex -10.0003 14.9665 0
      vertex -9 15.5885 0
    endloop
  endfacet
  facet normal 0.63443 -0.77298 0
    outer loop
      vertex -11.8682 13.5331 0
      vertex -10.9577 14.2804 4.5
      vertex -11.8682 13.5331 4.5
    endloop
  endfacet
  facet normal 0.63443 -0.77298 0
    outer loop
      vertex -10.9577 14.2804 4.5
      vertex -11.8682 13.5331 0
      vertex -10.9577 14.2804 0
    endloop
  endfacet
  facet normal 0.227021 -0.97389 0
    outer loop
      vertex -4.65874 17.3867 0
      vertex -3.51163 17.6541 4.5
      vertex -4.65874 17.3867 4.5
    endloop
  endfacet
  facet normal 0.227021 -0.97389 0
    outer loop
      vertex -3.51163 17.6541 4.5
      vertex -4.65874 17.3867 0
      vertex -3.51163 17.6541 0
    endloop
  endfacet
  facet normal 0.290344 -0.956922 0
    outer loop
      vertex -5.78591 17.0447 0
      vertex -4.65874 17.3867 4.5
      vertex -5.78591 17.0447 4.5
    endloop
  endfacet
  facet normal 0.290344 -0.956922 0
    outer loop
      vertex -4.65874 17.3867 4.5
      vertex -5.78591 17.0447 0
      vertex -4.65874 17.3867 0
    endloop
  endfacet
  facet normal 0.098057 -0.995181 0
    outer loop
      vertex -2.34947 17.846 0
      vertex -1.17726 17.9615 4.5
      vertex -2.34947 17.846 4.5
    endloop
  endfacet
  facet normal 0.098057 -0.995181 0
    outer loop
      vertex -1.17726 17.9615 4.5
      vertex -2.34947 17.846 0
      vertex -1.17726 17.9615 0
    endloop
  endfacet
  facet normal -0.471364 0.881939 0
    outer loop
      vertex 9 -15.5885 0
      vertex 7.9612 -16.1437 4.5
      vertex 9 -15.5885 4.5
    endloop
  endfacet
  facet normal -0.471364 0.881939 0
    outer loop
      vertex 7.9612 -16.1437 4.5
      vertex 9 -15.5885 0
      vertex 7.9612 -16.1437 0
    endloop
  endfacet
  facet normal -0.63443 0.77298 0
    outer loop
      vertex 11.8682 -13.5331 0
      vertex 10.9577 -14.2804 4.5
      vertex 11.8682 -13.5331 4.5
    endloop
  endfacet
  facet normal -0.63443 0.77298 0
    outer loop
      vertex 10.9577 -14.2804 4.5
      vertex 11.8682 -13.5331 0
      vertex 10.9577 -14.2804 0
    endloop
  endfacet
  facet normal -0.849212 0.528052 0
    outer loop
      vertex 14.9665 -10.0003 0
      vertex 15.5885 -9 4.5
      vertex 15.5885 -9 0
    endloop
  endfacet
  facet normal -0.849212 0.528052 0
    outer loop
      vertex 15.5885 -9 4.5
      vertex 14.9665 -10.0003 0
      vertex 14.9665 -10.0003 4.5
    endloop
  endfacet
  facet normal 0.683594 0.729863 -0
    outer loop
      vertex -11.8682 -13.5331 0
      vertex -12.7279 -12.7279 4.5
      vertex -11.8682 -13.5331 4.5
    endloop
  endfacet
  facet normal 0.683594 0.729863 0
    outer loop
      vertex -12.7279 -12.7279 4.5
      vertex -11.8682 -13.5331 0
      vertex -12.7279 -12.7279 0
    endloop
  endfacet
  facet normal 0.582498 0.812832 -0
    outer loop
      vertex -10.0003 -14.9665 0
      vertex -10.9577 -14.2804 4.5
      vertex -10.0003 -14.9665 4.5
    endloop
  endfacet
  facet normal 0.582498 0.812832 0
    outer loop
      vertex -10.9577 -14.2804 4.5
      vertex -10.0003 -14.9665 0
      vertex -10.9577 -14.2804 0
    endloop
  endfacet
  facet normal 0.528052 0.849212 -0
    outer loop
      vertex -9 -15.5885 0
      vertex -10.0003 -14.9665 4.5
      vertex -9 -15.5885 4.5
    endloop
  endfacet
  facet normal 0.528052 0.849212 0
    outer loop
      vertex -10.0003 -14.9665 4.5
      vertex -9 -15.5885 0
      vertex -10.0003 -14.9665 0
    endloop
  endfacet
  facet normal 0.162917 0.98664 -0
    outer loop
      vertex -2.34947 -17.846 0
      vertex -3.51163 -17.6541 4.5
      vertex -2.34947 -17.846 4.5
    endloop
  endfacet
  facet normal 0.162917 0.98664 0
    outer loop
      vertex -3.51163 -17.6541 4.5
      vertex -2.34947 -17.846 0
      vertex -3.51163 -17.6541 0
    endloop
  endfacet
  facet normal 0.910872 0.41269 0
    outer loop
      vertex -16.1437 -7.9612 4.5
      vertex -16.6298 -6.8883 0
      vertex -16.6298 -6.8883 4.5
    endloop
  endfacet
  facet normal 0.910872 0.41269 0
    outer loop
      vertex -16.6298 -6.8883 0
      vertex -16.1437 -7.9612 4.5
      vertex -16.1437 -7.9612 0
    endloop
  endfacet
  facet normal -0.97389 -0.227021 0
    outer loop
      vertex 17.6541 3.51163 0
      vertex 17.3867 4.65874 4.5
      vertex 17.3867 4.65874 0
    endloop
  endfacet
  facet normal -0.97389 -0.227021 0
    outer loop
      vertex 17.3867 4.65874 4.5
      vertex 17.6541 3.51163 0
      vertex 17.6541 3.51163 4.5
    endloop
  endfacet
  facet normal -0.98664 -0.162917 0
    outer loop
      vertex 17.846 2.34947 0
      vertex 17.6541 3.51163 4.5
      vertex 17.6541 3.51163 0
    endloop
  endfacet
  facet normal -0.98664 -0.162917 0
    outer loop
      vertex 17.6541 3.51163 4.5
      vertex 17.846 2.34947 0
      vertex 17.846 2.34947 4.5
    endloop
  endfacet
  facet normal -0.935909 -0.352242 0
    outer loop
      vertex 17.0447 5.78591 0
      vertex 16.6298 6.8883 4.5
      vertex 16.6298 6.8883 0
    endloop
  endfacet
  facet normal -0.935909 -0.352242 0
    outer loop
      vertex 16.6298 6.8883 4.5
      vertex 17.0447 5.78591 0
      vertex 17.0447 5.78591 4.5
    endloop
  endfacet
  facet normal -0.812832 -0.582498 0
    outer loop
      vertex 14.9665 10.0003 0
      vertex 14.2804 10.9577 4.5
      vertex 14.2804 10.9577 0
    endloop
  endfacet
  facet normal -0.812832 -0.582498 0
    outer loop
      vertex 14.2804 10.9577 4.5
      vertex 14.9665 10.0003 0
      vertex 14.9665 10.0003 4.5
    endloop
  endfacet
  facet normal -0.849212 -0.528052 0
    outer loop
      vertex 15.5885 9 0
      vertex 14.9665 10.0003 4.5
      vertex 14.9665 10.0003 0
    endloop
  endfacet
  facet normal -0.849212 -0.528052 0
    outer loop
      vertex 14.9665 10.0003 4.5
      vertex 15.5885 9 0
      vertex 15.5885 9 4.5
    endloop
  endfacet
  facet normal -0.352242 -0.935909 0
    outer loop
      vertex 5.78591 17.0447 0
      vertex 6.8883 16.6298 4.5
      vertex 5.78591 17.0447 4.5
    endloop
  endfacet
  facet normal -0.352242 -0.935909 -0
    outer loop
      vertex 6.8883 16.6298 4.5
      vertex 5.78591 17.0447 0
      vertex 6.8883 16.6298 0
    endloop
  endfacet
  facet normal -0.290344 -0.956922 0
    outer loop
      vertex 4.65874 17.3867 0
      vertex 5.78591 17.0447 4.5
      vertex 4.65874 17.3867 4.5
    endloop
  endfacet
  facet normal -0.290344 -0.956922 -0
    outer loop
      vertex 5.78591 17.0447 4.5
      vertex 4.65874 17.3867 0
      vertex 5.78591 17.0447 0
    endloop
  endfacet
  facet normal -0.098057 -0.995181 0
    outer loop
      vertex 1.17726 17.9615 0
      vertex 2.34947 17.846 4.5
      vertex 1.17726 17.9615 4.5
    endloop
  endfacet
  facet normal -0.098057 -0.995181 -0
    outer loop
      vertex 2.34947 17.846 4.5
      vertex 1.17726 17.9615 0
      vertex 2.34947 17.846 0
    endloop
  endfacet
  facet normal -0.582498 -0.812832 0
    outer loop
      vertex 10.0003 14.9665 0
      vertex 10.9577 14.2804 4.5
      vertex 10.0003 14.9665 4.5
    endloop
  endfacet
  facet normal -0.582498 -0.812832 -0
    outer loop
      vertex 10.9577 14.2804 4.5
      vertex 10.0003 14.9665 0
      vertex 10.9577 14.2804 0
    endloop
  endfacet
  facet normal -0.63443 -0.77298 0
    outer loop
      vertex 10.9577 14.2804 0
      vertex 11.8682 13.5331 4.5
      vertex 10.9577 14.2804 4.5
    endloop
  endfacet
  facet normal -0.63443 -0.77298 -0
    outer loop
      vertex 11.8682 13.5331 4.5
      vertex 10.9577 14.2804 0
      vertex 11.8682 13.5331 0
    endloop
  endfacet
  facet normal 0.910872 -0.41269 0
    outer loop
      vertex -16.6298 6.8883 4.5
      vertex -16.1437 7.9612 0
      vertex -16.1437 7.9612 4.5
    endloop
  endfacet
  facet normal 0.910872 -0.41269 0
    outer loop
      vertex -16.1437 7.9612 0
      vertex -16.6298 6.8883 4.5
      vertex -16.6298 6.8883 0
    endloop
  endfacet
  facet normal 0.881939 -0.471364 0
    outer loop
      vertex -16.1437 7.9612 4.5
      vertex -15.5885 9 0
      vertex -15.5885 9 4.5
    endloop
  endfacet
  facet normal 0.881939 -0.471364 0
    outer loop
      vertex -15.5885 9 0
      vertex -16.1437 7.9612 4.5
      vertex -16.1437 7.9612 0
    endloop
  endfacet
  facet normal 0.935909 -0.352242 0
    outer loop
      vertex -17.0447 5.78591 4.5
      vertex -16.6298 6.8883 0
      vertex -16.6298 6.8883 4.5
    endloop
  endfacet
  facet normal 0.935909 -0.352242 0
    outer loop
      vertex -16.6298 6.8883 0
      vertex -17.0447 5.78591 4.5
      vertex -17.0447 5.78591 0
    endloop
  endfacet
  facet normal 0.956922 -0.290344 0
    outer loop
      vertex -17.3867 4.65874 4.5
      vertex -17.0447 5.78591 0
      vertex -17.0447 5.78591 4.5
    endloop
  endfacet
  facet normal 0.956922 -0.290344 0
    outer loop
      vertex -17.0447 5.78591 0
      vertex -17.3867 4.65874 4.5
      vertex -17.3867 4.65874 0
    endloop
  endfacet
  facet normal 0.995181 -0.0980518 0
    outer loop
      vertex -17.846 2.34947 4.5
      vertex -17.9007 1.79429 2.25
      vertex -17.846 2.34947 0
    endloop
  endfacet
  facet normal 0.995239 -0.0974664 -0.000145852
    outer loop
      vertex -17.846 2.34947 4.5
      vertex -17.9011 1.79003 2.36732
      vertex -17.9007 1.79429 2.25
    endloop
  endfacet
  facet normal 0.995087 -0.099 0.000260357
    outer loop
      vertex -17.846 2.34947 4.5
      vertex -17.9024 1.77727 2.48398
      vertex -17.9011 1.79003 2.36732
    endloop
  endfacet
  facet normal 0.995329 -0.0965421 -0.000444015
    outer loop
      vertex -17.846 2.34947 4.5
      vertex -17.9044 1.75612 2.59931
      vertex -17.9024 1.77727 2.48398
    endloop
  endfacet
  facet normal 0.995182 -0.0980472 3.03462e-05
    outer loop
      vertex -17.846 2.34947 4.5
      vertex -17.9073 1.72672 2.71267
      vertex -17.9044 1.75612 2.59931
    endloop
  endfacet
  facet normal 0.995173 -0.0981376 6.21657e-05
    outer loop
      vertex -17.846 2.34947 4.5
      vertex -17.911 1.68927 2.82343
      vertex -17.9073 1.72672 2.71267
    endloop
  endfacet
  facet normal 0.995137 -0.0984977 0.000205326
    outer loop
      vertex -17.846 2.34947 4.5
      vertex -17.9155 1.64403 2.93098
      vertex -17.911 1.68927 2.82343
    endloop
  endfacet
  facet normal 0.995175 -0.0981149 3.15519e-05
    outer loop
      vertex -17.846 2.34947 4.5
      vertex -17.9207 1.59132 3.03475
      vertex -17.9155 1.64403 2.93098
    endloop
  endfacet
  facet normal 0.995178 -0.09809 1.85331e-05
    outer loop
      vertex -17.846 2.34947 4.5
      vertex -17.9266 1.53148 3.1342
      vertex -17.9207 1.59132 3.03475
    endloop
  endfacet
  facet normal 0.995226 -0.0975919 -0.000282643
    outer loop
      vertex -17.846 2.34947 4.5
      vertex -17.9331 1.46492 3.22883
      vertex -17.9266 1.53148 3.1342
    endloop
  endfacet
  facet normal 0.995168 -0.0981883 0.000136398
    outer loop
      vertex -17.846 2.34947 4.5
      vertex -17.9403 1.39207 3.31818
      vertex -17.9331 1.46492 3.22883
    endloop
  endfacet
  facet normal 0.995216 -0.0977006 -0.000262583
    outer loop
      vertex -17.846 2.34947 4.5
      vertex -17.948 1.31341 3.40183
      vertex -17.9403 1.39207 3.31818
    endloop
  endfacet
  facet normal 0.99517 -0.0981656 0.000180432
    outer loop
      vertex -17.846 2.34947 4.5
      vertex -17.9563 1.22941 3.47941
      vertex -17.948 1.31341 3.40183
    endloop
  endfacet
  facet normal 0.995181 -0.098057 6.00322e-05
    outer loop
      vertex -17.9615 1.17726 4.5
      vertex -17.9563 1.22941 3.47941
      vertex -17.846 2.34947 4.5
    endloop
  endfacet
  facet normal 0.995065 -0.0992203 0
    outer loop
      vertex -17.9563 1.22941 3.47941
      vertex -17.9615 1.17726 4.5
      vertex -17.9615 1.17726 3.52123
    endloop
  endfacet
  facet normal 0.995239 -0.0974664 0.000145852
    outer loop
      vertex -17.9011 1.79003 2.13268
      vertex -17.846 2.34947 0
      vertex -17.9007 1.79429 2.25
    endloop
  endfacet
  facet normal 0.995087 -0.099 -0.000260357
    outer loop
      vertex -17.9024 1.77727 2.01602
      vertex -17.846 2.34947 0
      vertex -17.9011 1.79003 2.13268
    endloop
  endfacet
  facet normal 0.995329 -0.0965422 0.000443992
    outer loop
      vertex -17.9044 1.75612 1.90068
      vertex -17.846 2.34947 0
      vertex -17.9024 1.77727 2.01602
    endloop
  endfacet
  facet normal 0.995182 -0.0980472 -3.03478e-05
    outer loop
      vertex -17.9073 1.72672 1.78733
      vertex -17.846 2.34947 0
      vertex -17.9044 1.75612 1.90068
    endloop
  endfacet
  facet normal 0.995173 -0.0981376 -6.21657e-05
    outer loop
      vertex -17.911 1.68927 1.67657
      vertex -17.846 2.34947 0
      vertex -17.9073 1.72672 1.78733
    endloop
  endfacet
  facet normal 0.995137 -0.0984977 -0.000205326
    outer loop
      vertex -17.9155 1.64403 1.56902
      vertex -17.846 2.34947 0
      vertex -17.911 1.68927 1.67657
    endloop
  endfacet
  facet normal 0.995175 -0.0981149 -3.15519e-05
    outer loop
      vertex -17.9207 1.59132 1.46525
      vertex -17.846 2.34947 0
      vertex -17.9155 1.64403 1.56902
    endloop
  endfacet
  facet normal 0.995178 -0.09809 -1.85331e-05
    outer loop
      vertex -17.9266 1.53148 1.3658
      vertex -17.846 2.34947 0
      vertex -17.9207 1.59132 1.46525
    endloop
  endfacet
  facet normal 0.995226 -0.0975919 0.000282643
    outer loop
      vertex -17.9331 1.46492 1.27117
      vertex -17.846 2.34947 0
      vertex -17.9266 1.53148 1.3658
    endloop
  endfacet
  facet normal 0.995168 -0.0981883 -0.000136398
    outer loop
      vertex -17.9403 1.39207 1.18182
      vertex -17.846 2.34947 0
      vertex -17.9331 1.46492 1.27117
    endloop
  endfacet
  facet normal 0.995216 -0.0977006 0.000262583
    outer loop
      vertex -17.948 1.31341 1.09817
      vertex -17.846 2.34947 0
      vertex -17.9403 1.39207 1.18182
    endloop
  endfacet
  facet normal 0.99517 -0.0981656 -0.000180432
    outer loop
      vertex -17.9563 1.22941 1.02059
      vertex -17.846 2.34947 0
      vertex -17.948 1.31341 1.09817
    endloop
  endfacet
  facet normal 0.995065 -0.0992203 0
    outer loop
      vertex -17.9615 1.17726 0
      vertex -17.9563 1.22941 1.02059
      vertex -17.9615 1.17726 0.978773
    endloop
  endfacet
  facet normal 0.995181 -0.098057 -6.00322e-05
    outer loop
      vertex -17.9563 1.22941 1.02059
      vertex -17.9615 1.17726 0
      vertex -17.846 2.34947 0
    endloop
  endfacet
  facet normal 0.41269 -0.910872 0
    outer loop
      vertex -7.9612 16.1437 0
      vertex -6.8883 16.6298 4.5
      vertex -7.9612 16.1437 4.5
    endloop
  endfacet
  facet normal 0.41269 -0.910872 0
    outer loop
      vertex -6.8883 16.6298 4.5
      vertex -7.9612 16.1437 0
      vertex -6.8883 16.6298 0
    endloop
  endfacet
  facet normal 0.471364 -0.881939 0
    outer loop
      vertex -9 15.5885 0
      vertex -7.9612 16.1437 4.5
      vertex -9 15.5885 4.5
    endloop
  endfacet
  facet normal 0.471364 -0.881939 0
    outer loop
      vertex -7.9612 16.1437 4.5
      vertex -9 15.5885 0
      vertex -7.9612 16.1437 0
    endloop
  endfacet
  facet normal 0.582498 -0.812832 0
    outer loop
      vertex -10.9577 14.2804 0
      vertex -10.0003 14.9665 4.5
      vertex -10.9577 14.2804 4.5
    endloop
  endfacet
  facet normal 0.582498 -0.812832 0
    outer loop
      vertex -10.0003 14.9665 4.5
      vertex -10.9577 14.2804 0
      vertex -10.0003 14.9665 0
    endloop
  endfacet
  facet normal 0.352242 -0.935909 0
    outer loop
      vertex -6.8883 16.6298 0
      vertex -5.78591 17.0447 4.5
      vertex -6.8883 16.6298 4.5
    endloop
  endfacet
  facet normal 0.352242 -0.935909 0
    outer loop
      vertex -5.78591 17.0447 4.5
      vertex -6.8883 16.6298 0
      vertex -5.78591 17.0447 0
    endloop
  endfacet
  facet normal 0.0326856 -0.999466 0
    outer loop
      vertex -1.17726 17.9615 0
      vertex 0 18 4.5
      vertex -1.17726 17.9615 4.5
    endloop
  endfacet
  facet normal 0.0326856 -0.999466 0
    outer loop
      vertex 0 18 4.5
      vertex -1.17726 17.9615 0
      vertex 0 18 0
    endloop
  endfacet
  facet normal -0.0326856 0.999466 0
    outer loop
      vertex 1.17726 -17.9615 0
      vertex 0 -18 4.5
      vertex 1.17726 -17.9615 4.5
    endloop
  endfacet
  facet normal -0.0326856 0.999466 0
    outer loop
      vertex 0 -18 4.5
      vertex 1.17726 -17.9615 0
      vertex 0 -18 0
    endloop
  endfacet
  facet normal -0.162917 0.98664 0
    outer loop
      vertex 3.51163 -17.6541 0
      vertex 2.34947 -17.846 4.5
      vertex 3.51163 -17.6541 4.5
    endloop
  endfacet
  facet normal -0.162917 0.98664 0
    outer loop
      vertex 2.34947 -17.846 4.5
      vertex 3.51163 -17.6541 0
      vertex 2.34947 -17.846 0
    endloop
  endfacet
  facet normal -0.41269 0.910872 0
    outer loop
      vertex 7.9612 -16.1437 0
      vertex 6.8883 -16.6298 4.5
      vertex 7.9612 -16.1437 4.5
    endloop
  endfacet
  facet normal -0.41269 0.910872 0
    outer loop
      vertex 6.8883 -16.6298 4.5
      vertex 7.9612 -16.1437 0
      vertex 6.8883 -16.6298 0
    endloop
  endfacet
  facet normal -0.352242 0.935909 0
    outer loop
      vertex 6.8883 -16.6298 0
      vertex 5.78591 -17.0447 4.5
      vertex 6.8883 -16.6298 4.5
    endloop
  endfacet
  facet normal -0.352242 0.935909 0
    outer loop
      vertex 5.78591 -17.0447 4.5
      vertex 6.8883 -16.6298 0
      vertex 5.78591 -17.0447 0
    endloop
  endfacet
  facet normal -0.528052 0.849212 0
    outer loop
      vertex 10.0003 -14.9665 0
      vertex 9 -15.5885 4.5
      vertex 10.0003 -14.9665 4.5
    endloop
  endfacet
  facet normal -0.528052 0.849212 0
    outer loop
      vertex 9 -15.5885 4.5
      vertex 10.0003 -14.9665 0
      vertex 9 -15.5885 0
    endloop
  endfacet
  facet normal -0.582498 0.812832 0
    outer loop
      vertex 10.9577 -14.2804 0
      vertex 10.0003 -14.9665 4.5
      vertex 10.9577 -14.2804 4.5
    endloop
  endfacet
  facet normal -0.582498 0.812832 0
    outer loop
      vertex 10.0003 -14.9665 4.5
      vertex 10.9577 -14.2804 0
      vertex 10.0003 -14.9665 0
    endloop
  endfacet
  facet normal -0.77298 0.63443 0
    outer loop
      vertex 13.5331 -11.8682 0
      vertex 14.2804 -10.9577 4.5
      vertex 14.2804 -10.9577 0
    endloop
  endfacet
  facet normal -0.77298 0.63443 0
    outer loop
      vertex 14.2804 -10.9577 4.5
      vertex 13.5331 -11.8682 0
      vertex 13.5331 -11.8682 4.5
    endloop
  endfacet
  facet normal -0.910872 0.41269 0
    outer loop
      vertex 16.1437 -7.9612 0
      vertex 16.6298 -6.8883 4.5
      vertex 16.6298 -6.8883 0
    endloop
  endfacet
  facet normal -0.910872 0.41269 0
    outer loop
      vertex 16.6298 -6.8883 4.5
      vertex 16.1437 -7.9612 0
      vertex 16.1437 -7.9612 4.5
    endloop
  endfacet
  facet normal -0.98664 0.162917 0
    outer loop
      vertex 17.6541 -3.51163 0
      vertex 17.846 -2.34947 4.5
      vertex 17.846 -2.34947 0
    endloop
  endfacet
  facet normal -0.98664 0.162917 0
    outer loop
      vertex 17.846 -2.34947 4.5
      vertex 17.6541 -3.51163 0
      vertex 17.6541 -3.51163 4.5
    endloop
  endfacet
  facet normal -0.956922 0.290344 0
    outer loop
      vertex 17.0447 -5.78591 0
      vertex 17.3867 -4.65874 4.5
      vertex 17.3867 -4.65874 0
    endloop
  endfacet
  facet normal -0.956922 0.290344 0
    outer loop
      vertex 17.3867 -4.65874 4.5
      vertex 17.0447 -5.78591 0
      vertex 17.0447 -5.78591 4.5
    endloop
  endfacet
  facet normal 0.63443 0.77298 -0
    outer loop
      vertex -10.9577 -14.2804 0
      vertex -11.8682 -13.5331 4.5
      vertex -10.9577 -14.2804 4.5
    endloop
  endfacet
  facet normal 0.63443 0.77298 0
    outer loop
      vertex -11.8682 -13.5331 4.5
      vertex -10.9577 -14.2804 0
      vertex -11.8682 -13.5331 0
    endloop
  endfacet
  facet normal 0.471364 0.881939 -0
    outer loop
      vertex -7.9612 -16.1437 0
      vertex -9 -15.5885 4.5
      vertex -7.9612 -16.1437 4.5
    endloop
  endfacet
  facet normal 0.471364 0.881939 0
    outer loop
      vertex -9 -15.5885 4.5
      vertex -7.9612 -16.1437 0
      vertex -9 -15.5885 0
    endloop
  endfacet
  facet normal 0.227021 0.97389 -0
    outer loop
      vertex -3.51163 -17.6541 0
      vertex -4.65874 -17.3867 4.5
      vertex -3.51163 -17.6541 4.5
    endloop
  endfacet
  facet normal 0.227021 0.97389 0
    outer loop
      vertex -4.65874 -17.3867 4.5
      vertex -3.51163 -17.6541 0
      vertex -4.65874 -17.3867 0
    endloop
  endfacet
  facet normal 0.098057 0.995181 -0
    outer loop
      vertex -1.17726 -17.9615 0
      vertex -2.34947 -17.846 4.5
      vertex -1.17726 -17.9615 4.5
    endloop
  endfacet
  facet normal 0.098057 0.995181 0
    outer loop
      vertex -2.34947 -17.846 4.5
      vertex -1.17726 -17.9615 0
      vertex -2.34947 -17.846 0
    endloop
  endfacet
  facet normal 0.812832 0.582498 0
    outer loop
      vertex -14.2804 -10.9577 4.5
      vertex -14.9665 -10.0003 0
      vertex -14.9665 -10.0003 4.5
    endloop
  endfacet
  facet normal 0.812832 0.582498 0
    outer loop
      vertex -14.9665 -10.0003 0
      vertex -14.2804 -10.9577 4.5
      vertex -14.2804 -10.9577 0
    endloop
  endfacet
  facet normal 0.849212 0.528052 0
    outer loop
      vertex -14.9665 -10.0003 4.5
      vertex -15.5885 -9 0
      vertex -15.5885 -9 4.5
    endloop
  endfacet
  facet normal 0.849212 0.528052 0
    outer loop
      vertex -15.5885 -9 0
      vertex -14.9665 -10.0003 4.5
      vertex -14.9665 -10.0003 0
    endloop
  endfacet
  facet normal 0.956922 0.290344 0
    outer loop
      vertex -17.0447 -5.78591 4.5
      vertex -17.3867 -4.65874 0
      vertex -17.3867 -4.65874 4.5
    endloop
  endfacet
  facet normal 0.956922 0.290344 0
    outer loop
      vertex -17.3867 -4.65874 0
      vertex -17.0447 -5.78591 4.5
      vertex -17.0447 -5.78591 0
    endloop
  endfacet
  facet normal 0.98664 0.162917 0
    outer loop
      vertex -17.6541 -3.51163 4.5
      vertex -17.846 -2.34947 0
      vertex -17.846 -2.34947 4.5
    endloop
  endfacet
  facet normal 0.98664 0.162917 0
    outer loop
      vertex -17.846 -2.34947 0
      vertex -17.6541 -3.51163 4.5
      vertex -17.6541 -3.51163 0
    endloop
  endfacet
  facet normal 0.999475 0.032388 0
    outer loop
      vertex -18 0 4.5
      vertex -17.9964 -0.111094 3.94497
      vertex -18 0 3.94497
    endloop
  endfacet
  facet normal 0.999445 0.0332986 -0.000182467
    outer loop
      vertex -18 0 4.5
      vertex -17.9927 -0.222188 3.93768
      vertex -17.9964 -0.111094 3.94497
    endloop
  endfacet
  facet normal 0.999471 0.0325126 0.000128437
    outer loop
      vertex -18 0 4.5
      vertex -17.9891 -0.332798 3.92309
      vertex -17.9927 -0.222188 3.93768
    endloop
  endfacet
  facet normal 0.999461 0.032827 -5.3123e-05
    outer loop
      vertex -18 0 4.5
      vertex -17.9855 -0.44244 3.90121
      vertex -17.9891 -0.332798 3.92309
    endloop
  endfacet
  facet normal 0.999466 0.0326856 5.15094e-05
    outer loop
      vertex -17.9615 -1.17726 4.5
      vertex -17.9855 -0.44244 3.90121
      vertex -18 0 4.5
    endloop
  endfacet
  facet normal 0.999475 0.0324117 -0.000284958
    outer loop
      vertex -17.9855 -0.44244 3.90121
      vertex -17.9615 -1.17726 4.5
      vertex -17.982 -0.550625 3.87209
    endloop
  endfacet
  facet normal 0.99946 0.0328674 0.000170314
    outer loop
      vertex -17.982 -0.550625 3.87209
      vertex -17.9615 -1.17726 4.5
      vertex -17.9785 -0.656868 3.83582
    endloop
  endfacet
  facet normal 0.999465 0.0327129 4.91029e-05
    outer loop
      vertex -17.9785 -0.656868 3.83582
      vertex -17.9615 -1.17726 4.5
      vertex -17.9751 -0.760682 3.79251
    endloop
  endfacet
  facet normal 0.999466 0.0326729 2.55401e-05
    outer loop
      vertex -17.9751 -0.760682 3.79251
      vertex -17.9615 -1.17726 4.5
      vertex -17.9718 -0.86159 3.74232
    endloop
  endfacet
  facet normal 0.999463 0.0327571 6.06572e-05
    outer loop
      vertex -17.9718 -0.86159 3.74232
      vertex -17.9615 -1.17726 4.5
      vertex -17.9686 -0.959121 3.68543
    endloop
  endfacet
  facet normal 0.999456 0.0329844 0.000121601
    outer loop
      vertex -17.9686 -0.959121 3.68543
      vertex -17.9615 -1.17726 4.5
      vertex -17.9655 -1.05282 3.62206
    endloop
  endfacet
  facet normal 0.999475 0.0323889 3.71086e-05
    outer loop
      vertex -17.9655 -1.05282 3.62206
      vertex -17.9615 -1.17726 4.5
      vertex -17.9626 -1.14223 3.55246
    endloop
  endfacet
  facet normal 0.999507 0.0313862 0
    outer loop
      vertex -17.9626 -1.14223 3.55246
      vertex -17.9615 -1.17726 4.5
      vertex -17.9615 -1.17726 3.52123
    endloop
  endfacet
  facet normal 0.999475 0.032388 0
    outer loop
      vertex -17.9964 -0.111094 0.555025
      vertex -18 0 0
      vertex -18 0 0.555025
    endloop
  endfacet
  facet normal 0.999445 0.0332986 0.000182468
    outer loop
      vertex -17.9927 -0.222188 0.562314
      vertex -18 0 0
      vertex -17.9964 -0.111094 0.555025
    endloop
  endfacet
  facet normal 0.999471 0.0325126 -0.00012844
    outer loop
      vertex -17.9891 -0.332798 0.576908
      vertex -18 0 0
      vertex -17.9927 -0.222188 0.562314
    endloop
  endfacet
  facet normal 0.999461 0.032827 5.31235e-05
    outer loop
      vertex -17.9855 -0.44244 0.598789
      vertex -18 0 0
      vertex -17.9891 -0.332798 0.576908
    endloop
  endfacet
  facet normal 0.999475 0.0324117 0.00028496
    outer loop
      vertex -17.9615 -1.17726 0
      vertex -17.9855 -0.44244 0.598789
      vertex -17.982 -0.550625 0.627908
    endloop
  endfacet
  facet normal 0.99946 0.0328674 -0.000170311
    outer loop
      vertex -17.9615 -1.17726 0
      vertex -17.982 -0.550625 0.627908
      vertex -17.9785 -0.656868 0.664181
    endloop
  endfacet
  facet normal 0.999465 0.0327129 -4.91034e-05
    outer loop
      vertex -17.9615 -1.17726 0
      vertex -17.9785 -0.656868 0.664181
      vertex -17.9751 -0.760682 0.707489
    endloop
  endfacet
  facet normal 0.999466 0.0326729 -2.55399e-05
    outer loop
      vertex -17.9615 -1.17726 0
      vertex -17.9751 -0.760682 0.707489
      vertex -17.9718 -0.86159 0.757681
    endloop
  endfacet
  facet normal 0.999463 0.0327571 -6.06567e-05
    outer loop
      vertex -17.9615 -1.17726 0
      vertex -17.9718 -0.86159 0.757681
      vertex -17.9686 -0.959121 0.814573
    endloop
  endfacet
  facet normal 0.999456 0.0329844 -0.0001216
    outer loop
      vertex -17.9615 -1.17726 0
      vertex -17.9686 -0.959121 0.814573
      vertex -17.9655 -1.05282 0.877942
    endloop
  endfacet
  facet normal 0.999475 0.0323889 -3.71088e-05
    outer loop
      vertex -17.9615 -1.17726 0
      vertex -17.9655 -1.05282 0.877942
      vertex -17.9626 -1.14223 0.947537
    endloop
  endfacet
  facet normal 0.999466 0.0326856 -5.15095e-05
    outer loop
      vertex -17.9855 -0.44244 0.598789
      vertex -17.9615 -1.17726 0
      vertex -18 0 0
    endloop
  endfacet
  facet normal 0.999507 0.0313862 -0
    outer loop
      vertex -17.9615 -1.17726 0
      vertex -17.9626 -1.14223 0.947537
      vertex -17.9615 -1.17726 0.978773
    endloop
  endfacet
  facet normal 0.812832 -0.582498 0
    outer loop
      vertex -14.9665 10.0003 4.5
      vertex -14.2804 10.9577 0
      vertex -14.2804 10.9577 4.5
    endloop
  endfacet
  facet normal 0.812832 -0.582498 0
    outer loop
      vertex -14.2804 10.9577 0
      vertex -14.9665 10.0003 4.5
      vertex -14.9665 10.0003 0
    endloop
  endfacet
  facet normal 0.77298 -0.63443 0
    outer loop
      vertex -14.2804 10.9577 4.5
      vertex -13.5331 11.8682 0
      vertex -13.5331 11.8682 4.5
    endloop
  endfacet
  facet normal 0.77298 -0.63443 0
    outer loop
      vertex -13.5331 11.8682 0
      vertex -14.2804 10.9577 4.5
      vertex -14.2804 10.9577 0
    endloop
  endfacet
  facet normal -0.098057 0.995181 0
    outer loop
      vertex 2.34947 -17.846 0
      vertex 1.17726 -17.9615 4.5
      vertex 2.34947 -17.846 4.5
    endloop
  endfacet
  facet normal -0.098057 0.995181 0
    outer loop
      vertex 1.17726 -17.9615 4.5
      vertex 2.34947 -17.846 0
      vertex 1.17726 -17.9615 0
    endloop
  endfacet
  facet normal -0.290344 0.956922 0
    outer loop
      vertex 5.78591 -17.0447 0
      vertex 4.65874 -17.3867 4.5
      vertex 5.78591 -17.0447 4.5
    endloop
  endfacet
  facet normal -0.290344 0.956922 0
    outer loop
      vertex 4.65874 -17.3867 4.5
      vertex 5.78591 -17.0447 0
      vertex 4.65874 -17.3867 0
    endloop
  endfacet
  facet normal -0.729863 0.683594 0
    outer loop
      vertex 12.7279 -12.7279 0
      vertex 13.5331 -11.8682 4.5
      vertex 13.5331 -11.8682 0
    endloop
  endfacet
  facet normal -0.729863 0.683594 0
    outer loop
      vertex 13.5331 -11.8682 4.5
      vertex 12.7279 -12.7279 0
      vertex 12.7279 -12.7279 4.5
    endloop
  endfacet
  facet normal -0.812832 0.582498 0
    outer loop
      vertex 14.2804 -10.9577 0
      vertex 14.9665 -10.0003 4.5
      vertex 14.9665 -10.0003 0
    endloop
  endfacet
  facet normal -0.812832 0.582498 0
    outer loop
      vertex 14.9665 -10.0003 4.5
      vertex 14.2804 -10.9577 0
      vertex 14.2804 -10.9577 4.5
    endloop
  endfacet
  facet normal -0.935909 0.352242 0
    outer loop
      vertex 16.6298 -6.8883 0
      vertex 17.0447 -5.78591 4.5
      vertex 17.0447 -5.78591 0
    endloop
  endfacet
  facet normal -0.935909 0.352242 0
    outer loop
      vertex 17.0447 -5.78591 4.5
      vertex 16.6298 -6.8883 0
      vertex 16.6298 -6.8883 4.5
    endloop
  endfacet
  facet normal -0.995065 0.0992203 0
    outer loop
      vertex 17.9615 -1.17726 0
      vertex 17.9563 -1.22941 1.02059
      vertex 17.9615 -1.17726 0.978773
    endloop
  endfacet
  facet normal -0.995181 0.098057 -6.00322e-05
    outer loop
      vertex 17.846 -2.34947 0
      vertex 17.9563 -1.22941 1.02059
      vertex 17.9615 -1.17726 0
    endloop
  endfacet
  facet normal -0.99517 0.0981656 -0.000180432
    outer loop
      vertex 17.9563 -1.22941 1.02059
      vertex 17.846 -2.34947 0
      vertex 17.948 -1.31341 1.09817
    endloop
  endfacet
  facet normal -0.995216 0.0977006 0.000262583
    outer loop
      vertex 17.948 -1.31341 1.09817
      vertex 17.846 -2.34947 0
      vertex 17.9403 -1.39207 1.18182
    endloop
  endfacet
  facet normal -0.995168 0.0981883 -0.000136398
    outer loop
      vertex 17.9403 -1.39207 1.18182
      vertex 17.846 -2.34947 0
      vertex 17.9331 -1.46492 1.27117
    endloop
  endfacet
  facet normal -0.995226 0.0975919 0.000282643
    outer loop
      vertex 17.9331 -1.46492 1.27117
      vertex 17.846 -2.34947 0
      vertex 17.9266 -1.53148 1.3658
    endloop
  endfacet
  facet normal -0.995178 0.09809 -1.85331e-05
    outer loop
      vertex 17.9266 -1.53148 1.3658
      vertex 17.846 -2.34947 0
      vertex 17.9207 -1.59132 1.46525
    endloop
  endfacet
  facet normal -0.995175 0.0981149 -3.15519e-05
    outer loop
      vertex 17.9207 -1.59132 1.46525
      vertex 17.846 -2.34947 0
      vertex 17.9155 -1.64403 1.56902
    endloop
  endfacet
  facet normal -0.995137 0.0984977 -0.000205326
    outer loop
      vertex 17.9155 -1.64403 1.56902
      vertex 17.846 -2.34947 0
      vertex 17.911 -1.68927 1.67657
    endloop
  endfacet
  facet normal -0.995239 0.0974664 0.000145852
    outer loop
      vertex 17.9011 -1.79003 2.13268
      vertex 17.846 -2.34947 0
      vertex 17.9007 -1.79429 2.25
    endloop
  endfacet
  facet normal -0.995087 0.099 -0.000260357
    outer loop
      vertex 17.9024 -1.77727 2.01602
      vertex 17.846 -2.34947 0
      vertex 17.9011 -1.79003 2.13268
    endloop
  endfacet
  facet normal -0.995329 0.0965422 0.000443992
    outer loop
      vertex 17.9044 -1.75612 1.90068
      vertex 17.846 -2.34947 0
      vertex 17.9024 -1.77727 2.01602
    endloop
  endfacet
  facet normal -0.995182 0.0980472 -3.03478e-05
    outer loop
      vertex 17.9073 -1.72672 1.78733
      vertex 17.846 -2.34947 0
      vertex 17.9044 -1.75612 1.90068
    endloop
  endfacet
  facet normal -0.995173 0.0981376 -6.21657e-05
    outer loop
      vertex 17.911 -1.68927 1.67657
      vertex 17.846 -2.34947 0
      vertex 17.9073 -1.72672 1.78733
    endloop
  endfacet
  facet normal -0.995065 0.0992203 0
    outer loop
      vertex 17.9563 -1.22941 3.47941
      vertex 17.9615 -1.17726 4.5
      vertex 17.9615 -1.17726 3.52123
    endloop
  endfacet
  facet normal -0.99517 0.0981656 0.000180432
    outer loop
      vertex 17.846 -2.34947 4.5
      vertex 17.9563 -1.22941 3.47941
      vertex 17.948 -1.31341 3.40183
    endloop
  endfacet
  facet normal -0.995216 0.0977006 -0.000262583
    outer loop
      vertex 17.846 -2.34947 4.5
      vertex 17.948 -1.31341 3.40183
      vertex 17.9403 -1.39207 3.31818
    endloop
  endfacet
  facet normal -0.995168 0.0981883 0.000136398
    outer loop
      vertex 17.846 -2.34947 4.5
      vertex 17.9403 -1.39207 3.31818
      vertex 17.9331 -1.46492 3.22883
    endloop
  endfacet
  facet normal -0.995226 0.0975919 -0.000282643
    outer loop
      vertex 17.846 -2.34947 4.5
      vertex 17.9331 -1.46492 3.22883
      vertex 17.9266 -1.53148 3.1342
    endloop
  endfacet
  facet normal -0.995178 0.09809 1.85331e-05
    outer loop
      vertex 17.846 -2.34947 4.5
      vertex 17.9266 -1.53148 3.1342
      vertex 17.9207 -1.59132 3.03475
    endloop
  endfacet
  facet normal -0.995175 0.0981149 3.15519e-05
    outer loop
      vertex 17.846 -2.34947 4.5
      vertex 17.9207 -1.59132 3.03475
      vertex 17.9155 -1.64403 2.93098
    endloop
  endfacet
  facet normal -0.995137 0.0984977 0.000205326
    outer loop
      vertex 17.846 -2.34947 4.5
      vertex 17.9155 -1.64403 2.93098
      vertex 17.911 -1.68927 2.82343
    endloop
  endfacet
  facet normal -0.995173 0.0981376 6.21657e-05
    outer loop
      vertex 17.846 -2.34947 4.5
      vertex 17.911 -1.68927 2.82343
      vertex 17.9073 -1.72672 2.71267
    endloop
  endfacet
  facet normal -0.995181 0.0980518 0
    outer loop
      vertex 17.846 -2.34947 4.5
      vertex 17.9007 -1.79429 2.25
      vertex 17.846 -2.34947 0
    endloop
  endfacet
  facet normal -0.995239 0.0974664 -0.000145852
    outer loop
      vertex 17.9007 -1.79429 2.25
      vertex 17.846 -2.34947 4.5
      vertex 17.9011 -1.79003 2.36732
    endloop
  endfacet
  facet normal -0.995087 0.099 0.000260357
    outer loop
      vertex 17.9011 -1.79003 2.36732
      vertex 17.846 -2.34947 4.5
      vertex 17.9024 -1.77727 2.48398
    endloop
  endfacet
  facet normal -0.995181 0.098057 6.00322e-05
    outer loop
      vertex 17.9563 -1.22941 3.47941
      vertex 17.846 -2.34947 4.5
      vertex 17.9615 -1.17726 4.5
    endloop
  endfacet
  facet normal -0.995182 0.0980472 3.03462e-05
    outer loop
      vertex 17.9044 -1.75612 2.59931
      vertex 17.846 -2.34947 4.5
      vertex 17.9073 -1.72672 2.71267
    endloop
  endfacet
  facet normal -0.995329 0.0965421 -0.000444015
    outer loop
      vertex 17.9024 -1.77727 2.48398
      vertex 17.846 -2.34947 4.5
      vertex 17.9044 -1.75612 2.59931
    endloop
  endfacet
  facet normal -0.97389 0.227021 0
    outer loop
      vertex 17.3867 -4.65874 0
      vertex 17.6541 -3.51163 4.5
      vertex 17.6541 -3.51163 0
    endloop
  endfacet
  facet normal -0.97389 0.227021 0
    outer loop
      vertex 17.6541 -3.51163 4.5
      vertex 17.3867 -4.65874 0
      vertex 17.3867 -4.65874 4.5
    endloop
  endfacet
  facet normal 0.41269 0.910872 -0
    outer loop
      vertex -6.8883 -16.6298 0
      vertex -7.9612 -16.1437 4.5
      vertex -6.8883 -16.6298 4.5
    endloop
  endfacet
  facet normal 0.41269 0.910872 0
    outer loop
      vertex -7.9612 -16.1437 4.5
      vertex -6.8883 -16.6298 0
      vertex -7.9612 -16.1437 0
    endloop
  endfacet
  facet normal 0.290344 0.956922 -0
    outer loop
      vertex -4.65874 -17.3867 0
      vertex -5.78591 -17.0447 4.5
      vertex -4.65874 -17.3867 4.5
    endloop
  endfacet
  facet normal 0.290344 0.956922 0
    outer loop
      vertex -5.78591 -17.0447 4.5
      vertex -4.65874 -17.3867 0
      vertex -5.78591 -17.0447 0
    endloop
  endfacet
  facet normal 0.77298 0.63443 0
    outer loop
      vertex -13.5331 -11.8682 4.5
      vertex -14.2804 -10.9577 0
      vertex -14.2804 -10.9577 4.5
    endloop
  endfacet
  facet normal 0.77298 0.63443 0
    outer loop
      vertex -14.2804 -10.9577 0
      vertex -13.5331 -11.8682 4.5
      vertex -13.5331 -11.8682 0
    endloop
  endfacet
  facet normal 0.881939 0.471364 0
    outer loop
      vertex -15.5885 -9 4.5
      vertex -16.1437 -7.9612 0
      vertex -16.1437 -7.9612 4.5
    endloop
  endfacet
  facet normal 0.881939 0.471364 0
    outer loop
      vertex -16.1437 -7.9612 0
      vertex -15.5885 -9 4.5
      vertex -15.5885 -9 0
    endloop
  endfacet
  facet normal 0.935909 0.352242 0
    outer loop
      vertex -16.6298 -6.8883 4.5
      vertex -17.0447 -5.78591 0
      vertex -17.0447 -5.78591 4.5
    endloop
  endfacet
  facet normal 0.935909 0.352242 0
    outer loop
      vertex -17.0447 -5.78591 0
      vertex -16.6298 -6.8883 4.5
      vertex -16.6298 -6.8883 0
    endloop
  endfacet
  facet normal 0.995065 0.0992203 0
    outer loop
      vertex -17.9615 -1.17726 4.5
      vertex -17.9563 -1.22941 3.47941
      vertex -17.9615 -1.17726 3.52123
    endloop
  endfacet
  facet normal 0.995181 0.098057 6.00322e-05
    outer loop
      vertex -17.846 -2.34947 4.5
      vertex -17.9563 -1.22941 3.47941
      vertex -17.9615 -1.17726 4.5
    endloop
  endfacet
  facet normal 0.99517 0.0981656 0.000180432
    outer loop
      vertex -17.9563 -1.22941 3.47941
      vertex -17.846 -2.34947 4.5
      vertex -17.948 -1.31341 3.40183
    endloop
  endfacet
  facet normal 0.995216 0.0977006 -0.000262583
    outer loop
      vertex -17.948 -1.31341 3.40183
      vertex -17.846 -2.34947 4.5
      vertex -17.9403 -1.39207 3.31818
    endloop
  endfacet
  facet normal 0.995168 0.0981883 0.000136398
    outer loop
      vertex -17.9403 -1.39207 3.31818
      vertex -17.846 -2.34947 4.5
      vertex -17.9331 -1.46492 3.22883
    endloop
  endfacet
  facet normal 0.995226 0.0975919 -0.000282643
    outer loop
      vertex -17.9331 -1.46492 3.22883
      vertex -17.846 -2.34947 4.5
      vertex -17.9266 -1.53148 3.1342
    endloop
  endfacet
  facet normal 0.995178 0.09809 1.85331e-05
    outer loop
      vertex -17.9266 -1.53148 3.1342
      vertex -17.846 -2.34947 4.5
      vertex -17.9207 -1.59132 3.03475
    endloop
  endfacet
  facet normal 0.995175 0.0981149 3.15519e-05
    outer loop
      vertex -17.9207 -1.59132 3.03475
      vertex -17.846 -2.34947 4.5
      vertex -17.9155 -1.64403 2.93098
    endloop
  endfacet
  facet normal 0.995137 0.0984977 0.000205326
    outer loop
      vertex -17.9155 -1.64403 2.93098
      vertex -17.846 -2.34947 4.5
      vertex -17.911 -1.68927 2.82343
    endloop
  endfacet
  facet normal 0.995239 0.0974664 -0.000145852
    outer loop
      vertex -17.9011 -1.79003 2.36732
      vertex -17.846 -2.34947 4.5
      vertex -17.9007 -1.79429 2.25
    endloop
  endfacet
  facet normal 0.995087 0.099 0.000260357
    outer loop
      vertex -17.9024 -1.77727 2.48398
      vertex -17.846 -2.34947 4.5
      vertex -17.9011 -1.79003 2.36732
    endloop
  endfacet
  facet normal 0.995329 0.0965421 -0.000444015
    outer loop
      vertex -17.9044 -1.75612 2.59931
      vertex -17.846 -2.34947 4.5
      vertex -17.9024 -1.77727 2.48398
    endloop
  endfacet
  facet normal 0.995182 0.0980472 3.03462e-05
    outer loop
      vertex -17.9073 -1.72672 2.71267
      vertex -17.846 -2.34947 4.5
      vertex -17.9044 -1.75612 2.59931
    endloop
  endfacet
  facet normal 0.995173 0.0981376 6.21657e-05
    outer loop
      vertex -17.911 -1.68927 2.82343
      vertex -17.846 -2.34947 4.5
      vertex -17.9073 -1.72672 2.71267
    endloop
  endfacet
  facet normal 0.995065 0.0992203 0
    outer loop
      vertex -17.9563 -1.22941 1.02059
      vertex -17.9615 -1.17726 0
      vertex -17.9615 -1.17726 0.978773
    endloop
  endfacet
  facet normal 0.99517 0.0981656 -0.000180432
    outer loop
      vertex -17.846 -2.34947 0
      vertex -17.9563 -1.22941 1.02059
      vertex -17.948 -1.31341 1.09817
    endloop
  endfacet
  facet normal 0.995216 0.0977006 0.000262583
    outer loop
      vertex -17.846 -2.34947 0
      vertex -17.948 -1.31341 1.09817
      vertex -17.9403 -1.39207 1.18182
    endloop
  endfacet
  facet normal 0.995168 0.0981883 -0.000136398
    outer loop
      vertex -17.846 -2.34947 0
      vertex -17.9403 -1.39207 1.18182
      vertex -17.9331 -1.46492 1.27117
    endloop
  endfacet
  facet normal 0.995226 0.0975919 0.000282643
    outer loop
      vertex -17.846 -2.34947 0
      vertex -17.9331 -1.46492 1.27117
      vertex -17.9266 -1.53148 1.3658
    endloop
  endfacet
  facet normal 0.995178 0.09809 -1.85331e-05
    outer loop
      vertex -17.846 -2.34947 0
      vertex -17.9266 -1.53148 1.3658
      vertex -17.9207 -1.59132 1.46525
    endloop
  endfacet
  facet normal 0.995175 0.0981149 -3.15519e-05
    outer loop
      vertex -17.846 -2.34947 0
      vertex -17.9207 -1.59132 1.46525
      vertex -17.9155 -1.64403 1.56902
    endloop
  endfacet
  facet normal 0.995137 0.0984977 -0.000205326
    outer loop
      vertex -17.846 -2.34947 0
      vertex -17.9155 -1.64403 1.56902
      vertex -17.911 -1.68927 1.67657
    endloop
  endfacet
  facet normal 0.995173 0.0981376 -6.21657e-05
    outer loop
      vertex -17.846 -2.34947 0
      vertex -17.911 -1.68927 1.67657
      vertex -17.9073 -1.72672 1.78733
    endloop
  endfacet
  facet normal 0.995181 0.0980518 -0
    outer loop
      vertex -17.846 -2.34947 0
      vertex -17.9007 -1.79429 2.25
      vertex -17.846 -2.34947 4.5
    endloop
  endfacet
  facet normal 0.995239 0.0974664 0.000145852
    outer loop
      vertex -17.9007 -1.79429 2.25
      vertex -17.846 -2.34947 0
      vertex -17.9011 -1.79003 2.13268
    endloop
  endfacet
  facet normal 0.995087 0.099 -0.000260357
    outer loop
      vertex -17.9011 -1.79003 2.13268
      vertex -17.846 -2.34947 0
      vertex -17.9024 -1.77727 2.01602
    endloop
  endfacet
  facet normal 0.995181 0.098057 -6.00322e-05
    outer loop
      vertex -17.9563 -1.22941 1.02059
      vertex -17.846 -2.34947 0
      vertex -17.9615 -1.17726 0
    endloop
  endfacet
  facet normal 0.995182 0.0980472 -3.03478e-05
    outer loop
      vertex -17.9044 -1.75612 1.90068
      vertex -17.846 -2.34947 0
      vertex -17.9073 -1.72672 1.78733
    endloop
  endfacet
  facet normal 0.995329 0.0965422 0.000443992
    outer loop
      vertex -17.9024 -1.77727 2.01602
      vertex -17.846 -2.34947 0
      vertex -17.9044 -1.75612 1.90068
    endloop
  endfacet
  facet normal -0.999475 0.032388 0
    outer loop
      vertex 17.9964 -0.111094 3.94497
      vertex 18 0 4.5
      vertex 18 0 3.94497
    endloop
  endfacet
  facet normal -0.999445 0.0332986 -0.000182467
    outer loop
      vertex 17.9927 -0.222188 3.93768
      vertex 18 0 4.5
      vertex 17.9964 -0.111094 3.94497
    endloop
  endfacet
  facet normal -0.999471 0.0325126 0.000128437
    outer loop
      vertex 17.9891 -0.332798 3.92309
      vertex 18 0 4.5
      vertex 17.9927 -0.222188 3.93768
    endloop
  endfacet
  facet normal -0.999461 0.032827 -5.3123e-05
    outer loop
      vertex 17.9855 -0.44244 3.90121
      vertex 18 0 4.5
      vertex 17.9891 -0.332798 3.92309
    endloop
  endfacet
  facet normal -0.999475 0.0324117 -0.000284958
    outer loop
      vertex 17.9615 -1.17726 4.5
      vertex 17.9855 -0.44244 3.90121
      vertex 17.982 -0.550625 3.87209
    endloop
  endfacet
  facet normal -0.99946 0.0328674 0.000170314
    outer loop
      vertex 17.9615 -1.17726 4.5
      vertex 17.982 -0.550625 3.87209
      vertex 17.9785 -0.656868 3.83582
    endloop
  endfacet
  facet normal -0.999465 0.0327129 4.91029e-05
    outer loop
      vertex 17.9615 -1.17726 4.5
      vertex 17.9785 -0.656868 3.83582
      vertex 17.9751 -0.760682 3.79251
    endloop
  endfacet
  facet normal -0.999466 0.0326729 2.55401e-05
    outer loop
      vertex 17.9615 -1.17726 4.5
      vertex 17.9751 -0.760682 3.79251
      vertex 17.9718 -0.86159 3.74232
    endloop
  endfacet
  facet normal -0.999463 0.0327571 6.06572e-05
    outer loop
      vertex 17.9615 -1.17726 4.5
      vertex 17.9718 -0.86159 3.74232
      vertex 17.9686 -0.959121 3.68543
    endloop
  endfacet
  facet normal -0.999456 0.0329844 0.000121601
    outer loop
      vertex 17.9615 -1.17726 4.5
      vertex 17.9686 -0.959121 3.68543
      vertex 17.9655 -1.05282 3.62206
    endloop
  endfacet
  facet normal -0.999475 0.0323889 3.71086e-05
    outer loop
      vertex 17.9615 -1.17726 4.5
      vertex 17.9655 -1.05282 3.62206
      vertex 17.9626 -1.14223 3.55246
    endloop
  endfacet
  facet normal -0.999466 0.0326856 5.15094e-05
    outer loop
      vertex 17.9855 -0.44244 3.90121
      vertex 17.9615 -1.17726 4.5
      vertex 18 0 4.5
    endloop
  endfacet
  facet normal -0.999507 0.0313862 0
    outer loop
      vertex 17.9615 -1.17726 4.5
      vertex 17.9626 -1.14223 3.55246
      vertex 17.9615 -1.17726 3.52123
    endloop
  endfacet
  facet normal -0.999475 0.032388 0
    outer loop
      vertex 18 0 0
      vertex 17.9964 -0.111094 0.555025
      vertex 18 0 0.555025
    endloop
  endfacet
  facet normal -0.999445 0.0332986 0.000182468
    outer loop
      vertex 18 0 0
      vertex 17.9927 -0.222188 0.562314
      vertex 17.9964 -0.111094 0.555025
    endloop
  endfacet
  facet normal -0.999471 0.0325126 -0.00012844
    outer loop
      vertex 18 0 0
      vertex 17.9891 -0.332798 0.576908
      vertex 17.9927 -0.222188 0.562314
    endloop
  endfacet
  facet normal -0.999461 0.032827 5.31235e-05
    outer loop
      vertex 18 0 0
      vertex 17.9855 -0.44244 0.598789
      vertex 17.9891 -0.332798 0.576908
    endloop
  endfacet
  facet normal -0.999466 0.0326856 -5.15095e-05
    outer loop
      vertex 17.9615 -1.17726 0
      vertex 17.9855 -0.44244 0.598789
      vertex 18 0 0
    endloop
  endfacet
  facet normal -0.999475 0.0324117 0.00028496
    outer loop
      vertex 17.9855 -0.44244 0.598789
      vertex 17.9615 -1.17726 0
      vertex 17.982 -0.550625 0.627908
    endloop
  endfacet
  facet normal -0.99946 0.0328674 -0.000170311
    outer loop
      vertex 17.982 -0.550625 0.627908
      vertex 17.9615 -1.17726 0
      vertex 17.9785 -0.656868 0.664181
    endloop
  endfacet
  facet normal -0.999465 0.0327129 -4.91034e-05
    outer loop
      vertex 17.9785 -0.656868 0.664181
      vertex 17.9615 -1.17726 0
      vertex 17.9751 -0.760682 0.707489
    endloop
  endfacet
  facet normal -0.999466 0.0326729 -2.55399e-05
    outer loop
      vertex 17.9751 -0.760682 0.707489
      vertex 17.9615 -1.17726 0
      vertex 17.9718 -0.86159 0.757681
    endloop
  endfacet
  facet normal -0.999463 0.0327571 -6.06567e-05
    outer loop
      vertex 17.9718 -0.86159 0.757681
      vertex 17.9615 -1.17726 0
      vertex 17.9686 -0.959121 0.814573
    endloop
  endfacet
  facet normal -0.999456 0.0329844 -0.0001216
    outer loop
      vertex 17.9686 -0.959121 0.814573
      vertex 17.9615 -1.17726 0
      vertex 17.9655 -1.05282 0.877942
    endloop
  endfacet
  facet normal -0.999475 0.0323889 -3.71088e-05
    outer loop
      vertex 17.9655 -1.05282 0.877942
      vertex 17.9615 -1.17726 0
      vertex 17.9626 -1.14223 0.947537
    endloop
  endfacet
  facet normal -0.999507 0.0313862 0
    outer loop
      vertex 17.9626 -1.14223 0.947537
      vertex 17.9615 -1.17726 0
      vertex 17.9615 -1.17726 0.978773
    endloop
  endfacet
  facet normal 0.683602 0.729855 -0
    outer loop
      vertex 3.18198 28.182 0
      vertex 2.96706 28.3833 4.5
      vertex 3.18198 28.182 4.5
    endloop
  endfacet
  facet normal 0.683602 0.729855 0
    outer loop
      vertex 2.96706 28.3833 4.5
      vertex 3.18198 28.182 0
      vertex 2.96706 28.3833 0
    endloop
  endfacet
  facet normal -0.352176 0.935934 0
    outer loop
      vertex -1.44648 29.2612 0
      vertex -1.72207 29.1575 4.5
      vertex -1.44648 29.2612 4.5
    endloop
  endfacet
  facet normal -0.352176 0.935934 0
    outer loop
      vertex -1.72207 29.1575 4.5
      vertex -1.44648 29.2612 0
      vertex -1.72207 29.1575 0
    endloop
  endfacet
  facet normal -0.910851 0.412736 0
    outer loop
      vertex -4.15746 26.7221 0
      vertex -4.03593 26.9903 4.5
      vertex -4.03593 26.9903 0
    endloop
  endfacet
  facet normal -0.910851 0.412736 0
    outer loop
      vertex -4.03593 26.9903 4.5
      vertex -4.15746 26.7221 0
      vertex -4.15746 26.7221 4.5
    endloop
  endfacet
  facet normal 0.910851 0.412736 0
    outer loop
      vertex 4.15746 26.7221 4.5
      vertex 4.03593 26.9903 0
      vertex 4.03593 26.9903 4.5
    endloop
  endfacet
  facet normal 0.910851 0.412736 0
    outer loop
      vertex 4.03593 26.9903 0
      vertex 4.15746 26.7221 4.5
      vertex 4.15746 26.7221 0
    endloop
  endfacet
  facet normal 0.881911 0.471416 0
    outer loop
      vertex 4.03593 26.9903 4.5
      vertex 3.89711 27.25 0
      vertex 3.89711 27.25 4.5
    endloop
  endfacet
  facet normal 0.881911 0.471416 0
    outer loop
      vertex 3.89711 27.25 0
      vertex 4.03593 26.9903 4.5
      vertex 4.03593 26.9903 0
    endloop
  endfacet
  facet normal 0.412895 0.910779 -0
    outer loop
      vertex 1.9903 29.0359 0
      vertex 1.72207 29.1575 4.5
      vertex 1.9903 29.0359 4.5
    endloop
  endfacet
  facet normal 0.412895 0.910779 0
    outer loop
      vertex 1.72207 29.1575 4.5
      vertex 1.9903 29.0359 0
      vertex 1.72207 29.1575 0
    endloop
  endfacet
  facet normal -0.729823 0.683636 0
    outer loop
      vertex -3.38328 27.9671 0
      vertex -3.18198 28.182 4.5
      vertex -3.18198 28.182 0
    endloop
  endfacet
  facet normal -0.729823 0.683636 0
    outer loop
      vertex -3.18198 28.182 4.5
      vertex -3.38328 27.9671 0
      vertex -3.38328 27.9671 4.5
    endloop
  endfacet
  facet normal -0.163001 0.986626 0
    outer loop
      vertex -0.587367 29.4615 0
      vertex -0.877906 29.4135 4.5
      vertex -0.587367 29.4615 4.5
    endloop
  endfacet
  facet normal -0.163001 0.986626 0
    outer loop
      vertex -0.877906 29.4135 4.5
      vertex -0.587367 29.4615 0
      vertex -0.877906 29.4135 0
    endloop
  endfacet
  facet normal 0.986639 0.162923 0
    outer loop
      vertex 4.4615 25.5874 4.5
      vertex 4.41353 25.8779 0
      vertex 4.41353 25.8779 4.5
    endloop
  endfacet
  facet normal 0.986639 0.162923 0
    outer loop
      vertex 4.41353 25.8779 0
      vertex 4.4615 25.5874 4.5
      vertex 4.4615 25.5874 0
    endloop
  endfacet
  facet normal 0.973886 0.227036 0
    outer loop
      vertex 4.41353 25.8779 4.5
      vertex 4.34667 26.1647 0
      vertex 4.34667 26.1647 4.5
    endloop
  endfacet
  facet normal 0.973886 0.227036 0
    outer loop
      vertex 4.34667 26.1647 0
      vertex 4.41353 25.8779 4.5
      vertex 4.41353 25.8779 0
    endloop
  endfacet
  facet normal 0.849236 0.528014 0
    outer loop
      vertex 3.89711 27.25 4.5
      vertex 3.74161 27.5001 0
      vertex 3.74161 27.5001 4.5
    endloop
  endfacet
  facet normal 0.849236 0.528014 0
    outer loop
      vertex 3.74161 27.5001 0
      vertex 3.89711 27.25 4.5
      vertex 3.89711 27.25 0
    endloop
  endfacet
  facet normal 0.729823 0.683636 0
    outer loop
      vertex 3.38328 27.9671 4.5
      vertex 3.18198 28.182 0
      vertex 3.18198 28.182 4.5
    endloop
  endfacet
  facet normal 0.729823 0.683636 0
    outer loop
      vertex 3.18198 28.182 0
      vertex 3.38328 27.9671 4.5
      vertex 3.38328 27.9671 0
    endloop
  endfacet
  facet normal 0.582426 0.812884 -0
    outer loop
      vertex 2.73943 28.5701 0
      vertex 2.50007 28.7416 4.5
      vertex 2.73943 28.5701 4.5
    endloop
  endfacet
  facet normal 0.582426 0.812884 0
    outer loop
      vertex 2.50007 28.7416 4.5
      vertex 2.73943 28.5701 0
      vertex 2.50007 28.7416 0
    endloop
  endfacet
  facet normal 0.032601 0.999468 -0
    outer loop
      vertex 0.294313 29.4904 0
      vertex 0 29.5 4.5
      vertex 0.294313 29.4904 4.5
    endloop
  endfacet
  facet normal 0.032601 0.999468 0
    outer loop
      vertex 0 29.5 4.5
      vertex 0.294313 29.4904 0
      vertex 0 29.5 0
    endloop
  endfacet
  facet normal 0.528059 0.849208 -0
    outer loop
      vertex 2.50007 28.7416 0
      vertex 2.25 28.8971 4.5
      vertex 2.50007 28.7416 4.5
    endloop
  endfacet
  facet normal 0.528059 0.849208 0
    outer loop
      vertex 2.25 28.8971 4.5
      vertex 2.50007 28.7416 0
      vertex 2.25 28.8971 0
    endloop
  endfacet
  facet normal 0.0981406 0.995173 -0
    outer loop
      vertex 0.587367 29.4615 0
      vertex 0.294313 29.4904 4.5
      vertex 0.587367 29.4615 4.5
    endloop
  endfacet
  facet normal 0.0981406 0.995173 0
    outer loop
      vertex 0.294313 29.4904 4.5
      vertex 0.587367 29.4615 0
      vertex 0.294313 29.4904 0
    endloop
  endfacet
  facet normal 0.226855 0.973929 -0
    outer loop
      vertex 1.16469 29.3467 0
      vertex 0.877906 29.4135 4.5
      vertex 1.16469 29.3467 4.5
    endloop
  endfacet
  facet normal 0.226855 0.973929 0
    outer loop
      vertex 0.877906 29.4135 4.5
      vertex 1.16469 29.3467 0
      vertex 0.877906 29.4135 0
    endloop
  endfacet
  facet normal -0.999465 0.0327042 0
    outer loop
      vertex -4.5 25 0
      vertex -4.49037 25.2943 4.5
      vertex -4.49037 25.2943 0
    endloop
  endfacet
  facet normal -0.999465 0.0327042 0
    outer loop
      vertex -4.49037 25.2943 4.5
      vertex -4.5 25 0
      vertex -4.5 25 4.5
    endloop
  endfacet
  facet normal -0.995184 0.0980244 0
    outer loop
      vertex -4.49037 25.2943 0
      vertex -4.4615 25.5874 4.5
      vertex -4.4615 25.5874 0
    endloop
  endfacet
  facet normal -0.995184 0.0980244 0
    outer loop
      vertex -4.4615 25.5874 4.5
      vertex -4.49037 25.2943 0
      vertex -4.49037 25.2943 4.5
    endloop
  endfacet
  facet normal -0.973886 0.227036 0
    outer loop
      vertex -4.41353 25.8779 0
      vertex -4.34667 26.1647 4.5
      vertex -4.34667 26.1647 0
    endloop
  endfacet
  facet normal -0.973886 0.227036 0
    outer loop
      vertex -4.34667 26.1647 4.5
      vertex -4.41353 25.8779 0
      vertex -4.41353 25.8779 4.5
    endloop
  endfacet
  facet normal -0.849236 0.528014 0
    outer loop
      vertex -3.89711 27.25 0
      vertex -3.74161 27.5001 4.5
      vertex -3.74161 27.5001 0
    endloop
  endfacet
  facet normal -0.849236 0.528014 0
    outer loop
      vertex -3.74161 27.5001 4.5
      vertex -3.89711 27.25 0
      vertex -3.89711 27.25 4.5
    endloop
  endfacet
  facet normal -0.812782 0.582568 0
    outer loop
      vertex -3.74161 27.5001 0
      vertex -3.57009 27.7394 4.5
      vertex -3.57009 27.7394 0
    endloop
  endfacet
  facet normal -0.812782 0.582568 0
    outer loop
      vertex -3.57009 27.7394 4.5
      vertex -3.74161 27.5001 0
      vertex -3.74161 27.5001 4.5
    endloop
  endfacet
  facet normal -0.226855 0.973929 0
    outer loop
      vertex -0.877906 29.4135 0
      vertex -1.16469 29.3467 4.5
      vertex -0.877906 29.4135 4.5
    endloop
  endfacet
  facet normal -0.226855 0.973929 0
    outer loop
      vertex -1.16469 29.3467 4.5
      vertex -0.877906 29.4135 0
      vertex -1.16469 29.3467 0
    endloop
  endfacet
  facet normal -0.032601 0.999468 0
    outer loop
      vertex 0 29.5 0
      vertex -0.294313 29.4904 4.5
      vertex 0 29.5 4.5
    endloop
  endfacet
  facet normal -0.032601 0.999468 0
    outer loop
      vertex -0.294313 29.4904 4.5
      vertex 0 29.5 0
      vertex -0.294313 29.4904 0
    endloop
  endfacet
  facet normal -0.528059 0.849208 0
    outer loop
      vertex -2.25 28.8971 0
      vertex -2.50007 28.7416 4.5
      vertex -2.25 28.8971 4.5
    endloop
  endfacet
  facet normal -0.528059 0.849208 0
    outer loop
      vertex -2.50007 28.7416 4.5
      vertex -2.25 28.8971 0
      vertex -2.50007 28.7416 0
    endloop
  endfacet
  facet normal -0.471364 0.881939 0
    outer loop
      vertex -1.9903 29.0359 0
      vertex -2.25 28.8971 4.5
      vertex -1.9903 29.0359 4.5
    endloop
  endfacet
  facet normal -0.471364 0.881939 0
    outer loop
      vertex -2.25 28.8971 4.5
      vertex -1.9903 29.0359 0
      vertex -2.25 28.8971 0
    endloop
  endfacet
  facet normal -0.683602 0.729855 0
    outer loop
      vertex -2.96706 28.3833 0
      vertex -3.18198 28.182 4.5
      vertex -2.96706 28.3833 4.5
    endloop
  endfacet
  facet normal -0.683602 0.729855 0
    outer loop
      vertex -3.18198 28.182 4.5
      vertex -2.96706 28.3833 0
      vertex -3.18198 28.182 0
    endloop
  endfacet
  facet normal 0.999465 0.0327042 0
    outer loop
      vertex 4.5 25 4.5
      vertex 4.49037 25.2943 0
      vertex 4.49037 25.2943 4.5
    endloop
  endfacet
  facet normal 0.999465 0.0327042 0
    outer loop
      vertex 4.49037 25.2943 0
      vertex 4.5 25 4.5
      vertex 4.5 25 0
    endloop
  endfacet
  facet normal 0.935915 0.352225 0
    outer loop
      vertex 4.26118 26.4465 4.5
      vertex 4.15746 26.7221 0
      vertex 4.15746 26.7221 4.5
    endloop
  endfacet
  facet normal 0.935915 0.352225 0
    outer loop
      vertex 4.15746 26.7221 0
      vertex 4.26118 26.4465 4.5
      vertex 4.26118 26.4465 0
    endloop
  endfacet
  facet normal 0.956934 0.290306 0
    outer loop
      vertex 4.34667 26.1647 4.5
      vertex 4.26118 26.4465 0
      vertex 4.26118 26.4465 4.5
    endloop
  endfacet
  facet normal 0.956934 0.290306 0
    outer loop
      vertex 4.26118 26.4465 0
      vertex 4.34667 26.1647 4.5
      vertex 4.34667 26.1647 0
    endloop
  endfacet
  facet normal 0.773108 0.634274 0
    outer loop
      vertex 3.57009 27.7394 4.5
      vertex 3.38328 27.9671 0
      vertex 3.38328 27.9671 4.5
    endloop
  endfacet
  facet normal 0.773108 0.634274 0
    outer loop
      vertex 3.38328 27.9671 0
      vertex 3.57009 27.7394 4.5
      vertex 3.57009 27.7394 0
    endloop
  endfacet
  facet normal 0.812782 0.582568 0
    outer loop
      vertex 3.74161 27.5001 4.5
      vertex 3.57009 27.7394 0
      vertex 3.57009 27.7394 4.5
    endloop
  endfacet
  facet normal 0.812782 0.582568 0
    outer loop
      vertex 3.57009 27.7394 0
      vertex 3.74161 27.5001 4.5
      vertex 3.74161 27.5001 0
    endloop
  endfacet
  facet normal 0.634371 0.773029 -0
    outer loop
      vertex 2.96706 28.3833 0
      vertex 2.73943 28.5701 4.5
      vertex 2.96706 28.3833 4.5
    endloop
  endfacet
  facet normal 0.634371 0.773029 0
    outer loop
      vertex 2.73943 28.5701 4.5
      vertex 2.96706 28.3833 0
      vertex 2.73943 28.5701 0
    endloop
  endfacet
  facet normal 0.471364 0.881939 -0
    outer loop
      vertex 2.25 28.8971 0
      vertex 1.9903 29.0359 4.5
      vertex 2.25 28.8971 4.5
    endloop
  endfacet
  facet normal 0.471364 0.881939 0
    outer loop
      vertex 1.9903 29.0359 4.5
      vertex 2.25 28.8971 0
      vertex 1.9903 29.0359 0
    endloop
  endfacet
  facet normal 0.290347 0.956922 -0
    outer loop
      vertex 1.44648 29.2612 0
      vertex 1.16469 29.3467 4.5
      vertex 1.44648 29.2612 4.5
    endloop
  endfacet
  facet normal 0.290347 0.956922 0
    outer loop
      vertex 1.16469 29.3467 4.5
      vertex 1.44648 29.2612 0
      vertex 1.16469 29.3467 0
    endloop
  endfacet
  facet normal 0.352176 0.935934 -0
    outer loop
      vertex 1.72207 29.1575 0
      vertex 1.44648 29.2612 4.5
      vertex 1.72207 29.1575 4.5
    endloop
  endfacet
  facet normal 0.352176 0.935934 0
    outer loop
      vertex 1.44648 29.2612 4.5
      vertex 1.72207 29.1575 0
      vertex 1.44648 29.2612 0
    endloop
  endfacet
  facet normal -0.956934 0.290306 0
    outer loop
      vertex -4.34667 26.1647 0
      vertex -4.26118 26.4465 4.5
      vertex -4.26118 26.4465 0
    endloop
  endfacet
  facet normal -0.956934 0.290306 0
    outer loop
      vertex -4.26118 26.4465 4.5
      vertex -4.34667 26.1647 0
      vertex -4.34667 26.1647 4.5
    endloop
  endfacet
  facet normal -0.935915 0.352225 0
    outer loop
      vertex -4.26118 26.4465 0
      vertex -4.15746 26.7221 4.5
      vertex -4.15746 26.7221 0
    endloop
  endfacet
  facet normal -0.935915 0.352225 0
    outer loop
      vertex -4.15746 26.7221 4.5
      vertex -4.26118 26.4465 0
      vertex -4.26118 26.4465 4.5
    endloop
  endfacet
  facet normal -0.881911 0.471416 0
    outer loop
      vertex -4.03593 26.9903 0
      vertex -3.89711 27.25 4.5
      vertex -3.89711 27.25 0
    endloop
  endfacet
  facet normal -0.881911 0.471416 0
    outer loop
      vertex -3.89711 27.25 4.5
      vertex -4.03593 26.9903 0
      vertex -4.03593 26.9903 4.5
    endloop
  endfacet
  facet normal -0.773108 0.634274 0
    outer loop
      vertex -3.57009 27.7394 0
      vertex -3.38328 27.9671 4.5
      vertex -3.38328 27.9671 0
    endloop
  endfacet
  facet normal -0.773108 0.634274 0
    outer loop
      vertex -3.38328 27.9671 4.5
      vertex -3.57009 27.7394 0
      vertex -3.57009 27.7394 4.5
    endloop
  endfacet
  facet normal -0.290347 0.956922 0
    outer loop
      vertex -1.16469 29.3467 0
      vertex -1.44648 29.2612 4.5
      vertex -1.16469 29.3467 4.5
    endloop
  endfacet
  facet normal -0.290347 0.956922 0
    outer loop
      vertex -1.44648 29.2612 4.5
      vertex -1.16469 29.3467 0
      vertex -1.44648 29.2612 0
    endloop
  endfacet
  facet normal -0.0981406 0.995173 0
    outer loop
      vertex -0.294313 29.4904 0
      vertex -0.587367 29.4615 4.5
      vertex -0.294313 29.4904 4.5
    endloop
  endfacet
  facet normal -0.0981406 0.995173 0
    outer loop
      vertex -0.587367 29.4615 4.5
      vertex -0.294313 29.4904 0
      vertex -0.587367 29.4615 0
    endloop
  endfacet
  facet normal -0.412895 0.910779 0
    outer loop
      vertex -1.72207 29.1575 0
      vertex -1.9903 29.0359 4.5
      vertex -1.72207 29.1575 4.5
    endloop
  endfacet
  facet normal -0.412895 0.910779 0
    outer loop
      vertex -1.9903 29.0359 4.5
      vertex -1.72207 29.1575 0
      vertex -1.9903 29.0359 0
    endloop
  endfacet
  facet normal -0.634371 0.773029 0
    outer loop
      vertex -2.73943 28.5701 0
      vertex -2.96706 28.3833 4.5
      vertex -2.73943 28.5701 4.5
    endloop
  endfacet
  facet normal -0.634371 0.773029 0
    outer loop
      vertex -2.96706 28.3833 4.5
      vertex -2.73943 28.5701 0
      vertex -2.96706 28.3833 0
    endloop
  endfacet
  facet normal -0.582426 0.812884 0
    outer loop
      vertex -2.50007 28.7416 0
      vertex -2.73943 28.5701 4.5
      vertex -2.50007 28.7416 4.5
    endloop
  endfacet
  facet normal -0.582426 0.812884 0
    outer loop
      vertex -2.73943 28.5701 4.5
      vertex -2.50007 28.7416 0
      vertex -2.73943 28.5701 0
    endloop
  endfacet
  facet normal 0.995184 0.0980244 0
    outer loop
      vertex 4.49037 25.2943 4.5
      vertex 4.4615 25.5874 0
      vertex 4.4615 25.5874 4.5
    endloop
  endfacet
  facet normal 0.995184 0.0980244 0
    outer loop
      vertex 4.4615 25.5874 0
      vertex 4.49037 25.2943 4.5
      vertex 4.49037 25.2943 0
    endloop
  endfacet
  facet normal 0.163001 0.986626 -0
    outer loop
      vertex 0.877906 29.4135 0
      vertex 0.587367 29.4615 4.5
      vertex 0.877906 29.4135 4.5
    endloop
  endfacet
  facet normal 0.163001 0.986626 0
    outer loop
      vertex 0.587367 29.4615 4.5
      vertex 0.877906 29.4135 0
      vertex 0.587367 29.4615 0
    endloop
  endfacet
  facet normal -0.986639 0.162923 0
    outer loop
      vertex -4.4615 25.5874 0
      vertex -4.41353 25.8779 4.5
      vertex -4.41353 25.8779 0
    endloop
  endfacet
  facet normal -0.986639 0.162923 0
    outer loop
      vertex -4.41353 25.8779 4.5
      vertex -4.4615 25.5874 0
      vertex -4.4615 25.5874 4.5
    endloop
  endfacet
  facet normal -1 0 0
    outer loop
      vertex -4.5 21.5288 0
      vertex -4.5 25 4.5
      vertex -4.5 25 0
    endloop
  endfacet
  facet normal -1 -0 0
    outer loop
      vertex -4.5 25 4.5
      vertex -4.5 21.5288 0
      vertex -4.5 21.5288 4.5
    endloop
  endfacet
  facet normal 1 -0 0
    outer loop
      vertex 4.5 21.5288 4.5
      vertex 4.5 25 0
      vertex 4.5 25 4.5
    endloop
  endfacet
  facet normal 1 0 0
    outer loop
      vertex 4.5 25 0
      vertex 4.5 21.5288 4.5
      vertex 4.5 21.5288 0
    endloop
  endfacet
  facet normal -0.986637 -0.162934 0
    outer loop
      vertex 2.18118 25.2872 0
      vertex 2.15773 25.4292 4.5
      vertex 2.15773 25.4292 0
    endloop
  endfacet
  facet normal -0.986637 -0.162934 0
    outer loop
      vertex 2.15773 25.4292 4.5
      vertex 2.18118 25.2872 0
      vertex 2.18118 25.2872 4.5
    endloop
  endfacet
  facet normal 0.999465 -0.0327135 0
    outer loop
      vertex -2.2 25 4.5
      vertex -2.19529 25.1439 0
      vertex -2.19529 25.1439 4.5
    endloop
  endfacet
  facet normal 0.999465 -0.0327135 0
    outer loop
      vertex -2.19529 25.1439 0
      vertex -2.2 25 4.5
      vertex -2.2 25 0
    endloop
  endfacet
  facet normal -0.68356 -0.729895 0
    outer loop
      vertex 1.45056 26.654 0
      vertex 1.55563 26.5556 4.5
      vertex 1.45056 26.654 4.5
    endloop
  endfacet
  facet normal -0.68356 -0.729895 -0
    outer loop
      vertex 1.55563 26.5556 4.5
      vertex 1.45056 26.654 0
      vertex 1.55563 26.5556 0
    endloop
  endfacet
  facet normal -0.910839 -0.412761 0
    outer loop
      vertex 2.03253 25.8419 0
      vertex 1.97312 25.973 4.5
      vertex 1.97312 25.973 0
    endloop
  endfacet
  facet normal -0.910839 -0.412761 0
    outer loop
      vertex 1.97312 25.973 4.5
      vertex 2.03253 25.8419 0
      vertex 2.03253 25.8419 4.5
    endloop
  endfacet
  facet normal -0.0326471 -0.999467 0
    outer loop
      vertex 0 27.2 0
      vertex 0.143887 27.1953 4.5
      vertex 0 27.2 4.5
    endloop
  endfacet
  facet normal -0.0326471 -0.999467 -0
    outer loop
      vertex 0.143887 27.1953 4.5
      vertex 0 27.2 0
      vertex 0.143887 27.1953 0
    endloop
  endfacet
  facet normal -0.41262 -0.910903 0
    outer loop
      vertex 0.841903 27.0325 0
      vertex 0.973035 26.9731 4.5
      vertex 0.841903 27.0325 4.5
    endloop
  endfacet
  facet normal -0.41262 -0.910903 -0
    outer loop
      vertex 0.973035 26.9731 4.5
      vertex 0.841903 27.0325 0
      vertex 0.973035 26.9731 0
    endloop
  endfacet
  facet normal 0.881987 -0.471273 0
    outer loop
      vertex -1.97312 25.973 4.5
      vertex -1.90526 26.1 0
      vertex -1.90526 26.1 4.5
    endloop
  endfacet
  facet normal 0.881987 -0.471273 0
    outer loop
      vertex -1.90526 26.1 0
      vertex -1.97312 25.973 4.5
      vertex -1.97312 25.973 0
    endloop
  endfacet
  facet normal -0.999465 0.0327135 0
    outer loop
      vertex 2.19529 24.8561 0
      vertex 2.2 25 4.5
      vertex 2.2 25 0
    endloop
  endfacet
  facet normal -0.999465 0.0327135 0
    outer loop
      vertex 2.2 25 4.5
      vertex 2.19529 24.8561 0
      vertex 2.19529 24.8561 4.5
    endloop
  endfacet
  facet normal 0.0979424 0.995192 -0
    outer loop
      vertex -0.143887 22.8047 0
      vertex -0.287157 22.8188 4.5
      vertex -0.143887 22.8047 4.5
    endloop
  endfacet
  facet normal 0.0979424 0.995192 0
    outer loop
      vertex -0.287157 22.8188 4.5
      vertex -0.143887 22.8047 0
      vertex -0.287157 22.8188 0
    endloop
  endfacet
  facet normal -0.0979424 0.995192 0
    outer loop
      vertex 0.287157 22.8188 0
      vertex 0.143887 22.8047 4.5
      vertex 0.287157 22.8188 4.5
    endloop
  endfacet
  facet normal -0.0979424 0.995192 0
    outer loop
      vertex 0.143887 22.8047 4.5
      vertex 0.287157 22.8188 0
      vertex 0.143887 22.8047 0
    endloop
  endfacet
  facet normal -0.973877 -0.227076 0
    outer loop
      vertex 2.15773 25.4292 0
      vertex 2.12504 25.5694 4.5
      vertex 2.12504 25.5694 0
    endloop
  endfacet
  facet normal -0.973877 -0.227076 0
    outer loop
      vertex 2.12504 25.5694 4.5
      vertex 2.15773 25.4292 0
      vertex 2.15773 25.4292 4.5
    endloop
  endfacet
  facet normal -0.956962 -0.290214 0
    outer loop
      vertex 2.12504 25.5694 0
      vertex 2.08325 25.7072 4.5
      vertex 2.08325 25.7072 0
    endloop
  endfacet
  facet normal -0.956962 -0.290214 0
    outer loop
      vertex 2.08325 25.7072 4.5
      vertex 2.12504 25.5694 0
      vertex 2.12504 25.5694 4.5
    endloop
  endfacet
  facet normal -0.77305 -0.634345 0
    outer loop
      vertex 1.74538 26.3393 0
      vertex 1.65405 26.4506 4.5
      vertex 1.65405 26.4506 0
    endloop
  endfacet
  facet normal -0.77305 -0.634345 0
    outer loop
      vertex 1.65405 26.4506 4.5
      vertex 1.74538 26.3393 0
      vertex 1.74538 26.3393 4.5
    endloop
  endfacet
  facet normal -0.849268 -0.527963 0
    outer loop
      vertex 1.90526 26.1 0
      vertex 1.82923 26.2223 4.5
      vertex 1.82923 26.2223 0
    endloop
  endfacet
  facet normal -0.849268 -0.527963 0
    outer loop
      vertex 1.82923 26.2223 4.5
      vertex 1.90526 26.1 0
      vertex 1.90526 26.1 4.5
    endloop
  endfacet
  facet normal -0.881987 -0.471273 0
    outer loop
      vertex 1.97312 25.973 0
      vertex 1.90526 26.1 4.5
      vertex 1.90526 26.1 0
    endloop
  endfacet
  facet normal -0.881987 -0.471273 0
    outer loop
      vertex 1.90526 26.1 4.5
      vertex 1.97312 25.973 0
      vertex 1.97312 25.973 4.5
    endloop
  endfacet
  facet normal -0.163226 -0.986589 0
    outer loop
      vertex 0.287157 27.1812 0
      vertex 0.429198 27.1577 4.5
      vertex 0.287157 27.1812 4.5
    endloop
  endfacet
  facet normal -0.163226 -0.986589 -0
    outer loop
      vertex 0.429198 27.1577 4.5
      vertex 0.287157 27.1812 0
      vertex 0.429198 27.1577 0
    endloop
  endfacet
  facet normal -0.63467 -0.772783 0
    outer loop
      vertex 1.33927 26.7454 0
      vertex 1.45056 26.654 4.5
      vertex 1.33927 26.7454 4.5
    endloop
  endfacet
  facet normal -0.63467 -0.772783 -0
    outer loop
      vertex 1.45056 26.654 4.5
      vertex 1.33927 26.7454 0
      vertex 1.45056 26.654 0
    endloop
  endfacet
  facet normal 0.77305 -0.634345 0
    outer loop
      vertex -1.74538 26.3393 4.5
      vertex -1.65405 26.4506 0
      vertex -1.65405 26.4506 4.5
    endloop
  endfacet
  facet normal 0.77305 -0.634345 0
    outer loop
      vertex -1.65405 26.4506 0
      vertex -1.74538 26.3393 4.5
      vertex -1.74538 26.3393 0
    endloop
  endfacet
  facet normal 0.956962 -0.290214 0
    outer loop
      vertex -2.12504 25.5694 4.5
      vertex -2.08325 25.7072 0
      vertex -2.08325 25.7072 4.5
    endloop
  endfacet
  facet normal 0.956962 -0.290214 0
    outer loop
      vertex -2.08325 25.7072 0
      vertex -2.12504 25.5694 4.5
      vertex -2.12504 25.5694 0
    endloop
  endfacet
  facet normal 0.973877 -0.227076 0
    outer loop
      vertex -2.15773 25.4292 4.5
      vertex -2.12504 25.5694 0
      vertex -2.12504 25.5694 4.5
    endloop
  endfacet
  facet normal 0.973877 -0.227076 0
    outer loop
      vertex -2.12504 25.5694 0
      vertex -2.15773 25.4292 4.5
      vertex -2.15773 25.4292 0
    endloop
  endfacet
  facet normal 0.47105 -0.882107 0
    outer loop
      vertex -1.1 26.9053 0
      vertex -0.973035 26.9731 4.5
      vertex -1.1 26.9053 4.5
    endloop
  endfacet
  facet normal 0.47105 -0.882107 0
    outer loop
      vertex -0.973035 26.9731 4.5
      vertex -1.1 26.9053 0
      vertex -0.973035 26.9731 0
    endloop
  endfacet
  facet normal 0.528469 -0.848953 0
    outer loop
      vertex -1.22225 26.8292 0
      vertex -1.1 26.9053 4.5
      vertex -1.22225 26.8292 4.5
    endloop
  endfacet
  facet normal 0.528469 -0.848953 0
    outer loop
      vertex -1.1 26.9053 4.5
      vertex -1.22225 26.8292 0
      vertex -1.1 26.9053 0
    endloop
  endfacet
  facet normal 0.63467 -0.772783 0
    outer loop
      vertex -1.45056 26.654 0
      vertex -1.33927 26.7454 4.5
      vertex -1.45056 26.654 4.5
    endloop
  endfacet
  facet normal 0.63467 -0.772783 0
    outer loop
      vertex -1.33927 26.7454 4.5
      vertex -1.45056 26.654 0
      vertex -1.33927 26.7454 0
    endloop
  endfacet
  facet normal 0.290345 -0.956922 0
    outer loop
      vertex -0.707167 27.0832 0
      vertex -0.569402 27.125 4.5
      vertex -0.707167 27.0832 4.5
    endloop
  endfacet
  facet normal 0.290345 -0.956922 0
    outer loop
      vertex -0.569402 27.125 4.5
      vertex -0.707167 27.0832 0
      vertex -0.569402 27.125 0
    endloop
  endfacet
  facet normal 0.227136 -0.973863 0
    outer loop
      vertex -0.569402 27.125 0
      vertex -0.429198 27.1577 4.5
      vertex -0.569402 27.125 4.5
    endloop
  endfacet
  facet normal 0.227136 -0.973863 0
    outer loop
      vertex -0.429198 27.1577 4.5
      vertex -0.569402 27.125 0
      vertex -0.429198 27.1577 0
    endloop
  endfacet
  facet normal -0.973877 0.227076 0
    outer loop
      vertex 2.12504 24.4306 0
      vertex 2.15773 24.5708 4.5
      vertex 2.15773 24.5708 0
    endloop
  endfacet
  facet normal -0.973877 0.227076 0
    outer loop
      vertex 2.15773 24.5708 4.5
      vertex 2.12504 24.4306 0
      vertex 2.12504 24.4306 4.5
    endloop
  endfacet
  facet normal 0.935854 0.352387 0
    outer loop
      vertex -2.03253 24.1581 4.5
      vertex -2.08325 24.2928 0
      vertex -2.08325 24.2928 4.5
    endloop
  endfacet
  facet normal 0.935854 0.352387 0
    outer loop
      vertex -2.08325 24.2928 0
      vertex -2.03253 24.1581 4.5
      vertex -2.03253 24.1581 0
    endloop
  endfacet
  facet normal -0.41262 0.910903 0
    outer loop
      vertex 0.973035 23.0269 0
      vertex 0.841903 22.9675 4.5
      vertex 0.973035 23.0269 4.5
    endloop
  endfacet
  facet normal -0.41262 0.910903 0
    outer loop
      vertex 0.841903 22.9675 4.5
      vertex 0.973035 23.0269 0
      vertex 0.841903 22.9675 0
    endloop
  endfacet
  facet normal -0.995187 -0.0979909 0
    outer loop
      vertex 2.19529 25.1439 0
      vertex 2.18118 25.2872 4.5
      vertex 2.18118 25.2872 0
    endloop
  endfacet
  facet normal -0.995187 -0.0979909 0
    outer loop
      vertex 2.18118 25.2872 4.5
      vertex 2.19529 25.1439 0
      vertex 2.19529 25.1439 4.5
    endloop
  endfacet
  facet normal -0.935854 -0.352387 0
    outer loop
      vertex 2.08325 25.7072 0
      vertex 2.03253 25.8419 4.5
      vertex 2.03253 25.8419 0
    endloop
  endfacet
  facet normal -0.935854 -0.352387 0
    outer loop
      vertex 2.03253 25.8419 4.5
      vertex 2.08325 25.7072 0
      vertex 2.08325 25.7072 4.5
    endloop
  endfacet
  facet normal -0.812817 -0.582519 0
    outer loop
      vertex 1.82923 26.2223 0
      vertex 1.74538 26.3393 4.5
      vertex 1.74538 26.3393 0
    endloop
  endfacet
  facet normal -0.812817 -0.582519 0
    outer loop
      vertex 1.74538 26.3393 4.5
      vertex 1.82923 26.2223 0
      vertex 1.82923 26.2223 4.5
    endloop
  endfacet
  facet normal 0.0326471 -0.999467 0
    outer loop
      vertex -0.143887 27.1953 0
      vertex 0 27.2 4.5
      vertex -0.143887 27.1953 4.5
    endloop
  endfacet
  facet normal 0.0326471 -0.999467 0
    outer loop
      vertex 0 27.2 4.5
      vertex -0.143887 27.1953 0
      vertex 0 27.2 0
    endloop
  endfacet
  facet normal -0.290345 -0.956922 0
    outer loop
      vertex 0.569402 27.125 0
      vertex 0.707167 27.0832 4.5
      vertex 0.569402 27.125 4.5
    endloop
  endfacet
  facet normal -0.290345 -0.956922 -0
    outer loop
      vertex 0.707167 27.0832 4.5
      vertex 0.569402 27.125 0
      vertex 0.707167 27.0832 0
    endloop
  endfacet
  facet normal -0.0979424 -0.995192 0
    outer loop
      vertex 0.143887 27.1953 0
      vertex 0.287157 27.1812 4.5
      vertex 0.143887 27.1953 4.5
    endloop
  endfacet
  facet normal -0.0979424 -0.995192 -0
    outer loop
      vertex 0.287157 27.1812 4.5
      vertex 0.143887 27.1953 0
      vertex 0.287157 27.1812 0
    endloop
  endfacet
  facet normal -0.227136 -0.973863 0
    outer loop
      vertex 0.429198 27.1577 0
      vertex 0.569402 27.125 4.5
      vertex 0.429198 27.1577 4.5
    endloop
  endfacet
  facet normal -0.227136 -0.973863 -0
    outer loop
      vertex 0.569402 27.125 4.5
      vertex 0.429198 27.1577 0
      vertex 0.569402 27.125 0
    endloop
  endfacet
  facet normal -0.352183 -0.935931 0
    outer loop
      vertex 0.707167 27.0832 0
      vertex 0.841903 27.0325 4.5
      vertex 0.707167 27.0832 4.5
    endloop
  endfacet
  facet normal -0.352183 -0.935931 -0
    outer loop
      vertex 0.841903 27.0325 4.5
      vertex 0.707167 27.0832 0
      vertex 0.841903 27.0325 0
    endloop
  endfacet
  facet normal -0.47105 -0.882107 0
    outer loop
      vertex 0.973035 26.9731 0
      vertex 1.1 26.9053 4.5
      vertex 0.973035 26.9731 4.5
    endloop
  endfacet
  facet normal -0.47105 -0.882107 -0
    outer loop
      vertex 1.1 26.9053 4.5
      vertex 0.973035 26.9731 0
      vertex 1.1 26.9053 0
    endloop
  endfacet
  facet normal -0.582224 -0.813029 0
    outer loop
      vertex 1.22225 26.8292 0
      vertex 1.33927 26.7454 4.5
      vertex 1.22225 26.8292 4.5
    endloop
  endfacet
  facet normal -0.582224 -0.813029 -0
    outer loop
      vertex 1.33927 26.7454 4.5
      vertex 1.22225 26.8292 0
      vertex 1.33927 26.7454 0
    endloop
  endfacet
  facet normal -0.528469 -0.848953 0
    outer loop
      vertex 1.1 26.9053 0
      vertex 1.22225 26.8292 4.5
      vertex 1.1 26.9053 4.5
    endloop
  endfacet
  facet normal -0.528469 -0.848953 -0
    outer loop
      vertex 1.22225 26.8292 4.5
      vertex 1.1 26.9053 0
      vertex 1.22225 26.8292 0
    endloop
  endfacet
  facet normal 0.935854 -0.352387 0
    outer loop
      vertex -2.08325 25.7072 4.5
      vertex -2.03253 25.8419 0
      vertex -2.03253 25.8419 4.5
    endloop
  endfacet
  facet normal 0.935854 -0.352387 0
    outer loop
      vertex -2.03253 25.8419 0
      vertex -2.08325 25.7072 4.5
      vertex -2.08325 25.7072 0
    endloop
  endfacet
  facet normal 0.910839 -0.412761 0
    outer loop
      vertex -2.03253 25.8419 4.5
      vertex -1.97312 25.973 0
      vertex -1.97312 25.973 4.5
    endloop
  endfacet
  facet normal 0.910839 -0.412761 0
    outer loop
      vertex -1.97312 25.973 0
      vertex -2.03253 25.8419 4.5
      vertex -2.03253 25.8419 0
    endloop
  endfacet
  facet normal 0.986637 -0.162934 0
    outer loop
      vertex -2.18118 25.2872 4.5
      vertex -2.15773 25.4292 0
      vertex -2.15773 25.4292 4.5
    endloop
  endfacet
  facet normal 0.986637 -0.162934 0
    outer loop
      vertex -2.15773 25.4292 0
      vertex -2.18118 25.2872 4.5
      vertex -2.18118 25.2872 0
    endloop
  endfacet
  facet normal 0.995187 -0.0979909 0
    outer loop
      vertex -2.19529 25.1439 4.5
      vertex -2.18118 25.2872 0
      vertex -2.18118 25.2872 4.5
    endloop
  endfacet
  facet normal 0.995187 -0.0979909 0
    outer loop
      vertex -2.18118 25.2872 0
      vertex -2.19529 25.1439 4.5
      vertex -2.19529 25.1439 0
    endloop
  endfacet
  facet normal 0.729598 -0.683876 0
    outer loop
      vertex -1.65405 26.4506 4.5
      vertex -1.55563 26.5556 0
      vertex -1.55563 26.5556 4.5
    endloop
  endfacet
  facet normal 0.729598 -0.683876 0
    outer loop
      vertex -1.55563 26.5556 0
      vertex -1.65405 26.4506 4.5
      vertex -1.65405 26.4506 0
    endloop
  endfacet
  facet normal 0.68356 -0.729895 0
    outer loop
      vertex -1.55563 26.5556 0
      vertex -1.45056 26.654 4.5
      vertex -1.55563 26.5556 4.5
    endloop
  endfacet
  facet normal 0.68356 -0.729895 0
    outer loop
      vertex -1.45056 26.654 4.5
      vertex -1.55563 26.5556 0
      vertex -1.45056 26.654 0
    endloop
  endfacet
  facet normal 0.582224 -0.813029 0
    outer loop
      vertex -1.33927 26.7454 0
      vertex -1.22225 26.8292 4.5
      vertex -1.33927 26.7454 4.5
    endloop
  endfacet
  facet normal 0.582224 -0.813029 0
    outer loop
      vertex -1.22225 26.8292 4.5
      vertex -1.33927 26.7454 0
      vertex -1.22225 26.8292 0
    endloop
  endfacet
  facet normal 0.41262 -0.910903 0
    outer loop
      vertex -0.973035 26.9731 0
      vertex -0.841903 27.0325 4.5
      vertex -0.973035 26.9731 4.5
    endloop
  endfacet
  facet normal 0.41262 -0.910903 0
    outer loop
      vertex -0.841903 27.0325 4.5
      vertex -0.973035 26.9731 0
      vertex -0.841903 27.0325 0
    endloop
  endfacet
  facet normal 0.352183 -0.935931 0
    outer loop
      vertex -0.841903 27.0325 0
      vertex -0.707167 27.0832 4.5
      vertex -0.841903 27.0325 4.5
    endloop
  endfacet
  facet normal 0.352183 -0.935931 0
    outer loop
      vertex -0.707167 27.0832 4.5
      vertex -0.841903 27.0325 0
      vertex -0.707167 27.0832 0
    endloop
  endfacet
  facet normal 0.0979424 -0.995192 0
    outer loop
      vertex -0.287157 27.1812 0
      vertex -0.143887 27.1953 4.5
      vertex -0.287157 27.1812 4.5
    endloop
  endfacet
  facet normal 0.0979424 -0.995192 0
    outer loop
      vertex -0.143887 27.1953 4.5
      vertex -0.287157 27.1812 0
      vertex -0.143887 27.1953 0
    endloop
  endfacet
  facet normal 0.163226 -0.986589 0
    outer loop
      vertex -0.429198 27.1577 0
      vertex -0.287157 27.1812 4.5
      vertex -0.429198 27.1577 4.5
    endloop
  endfacet
  facet normal 0.163226 -0.986589 0
    outer loop
      vertex -0.287157 27.1812 4.5
      vertex -0.429198 27.1577 0
      vertex -0.287157 27.1812 0
    endloop
  endfacet
  facet normal -0.999465 -0.0327135 0
    outer loop
      vertex 2.2 25 0
      vertex 2.19529 25.1439 4.5
      vertex 2.19529 25.1439 0
    endloop
  endfacet
  facet normal -0.999465 -0.0327135 0
    outer loop
      vertex 2.19529 25.1439 4.5
      vertex 2.2 25 0
      vertex 2.2 25 4.5
    endloop
  endfacet
  facet normal -0.881987 0.471273 0
    outer loop
      vertex 1.90526 23.9 0
      vertex 1.97312 24.027 4.5
      vertex 1.97312 24.027 0
    endloop
  endfacet
  facet normal -0.881987 0.471273 0
    outer loop
      vertex 1.97312 24.027 4.5
      vertex 1.90526 23.9 0
      vertex 1.90526 23.9 4.5
    endloop
  endfacet
  facet normal -0.956962 0.290214 0
    outer loop
      vertex 2.08325 24.2928 0
      vertex 2.12504 24.4306 4.5
      vertex 2.12504 24.4306 0
    endloop
  endfacet
  facet normal -0.956962 0.290214 0
    outer loop
      vertex 2.12504 24.4306 4.5
      vertex 2.08325 24.2928 0
      vertex 2.08325 24.2928 4.5
    endloop
  endfacet
  facet normal -0.986637 0.162934 0
    outer loop
      vertex 2.15773 24.5708 0
      vertex 2.18118 24.7128 4.5
      vertex 2.18118 24.7128 0
    endloop
  endfacet
  facet normal -0.986637 0.162934 0
    outer loop
      vertex 2.18118 24.7128 4.5
      vertex 2.15773 24.5708 0
      vertex 2.15773 24.5708 4.5
    endloop
  endfacet
  facet normal 0.0326471 0.999467 -0
    outer loop
      vertex 0 22.8 0
      vertex -0.143887 22.8047 4.5
      vertex 0 22.8 4.5
    endloop
  endfacet
  facet normal 0.0326471 0.999467 0
    outer loop
      vertex -0.143887 22.8047 4.5
      vertex 0 22.8 0
      vertex -0.143887 22.8047 0
    endloop
  endfacet
  facet normal 0.77305 0.634345 0
    outer loop
      vertex -1.65405 23.5494 4.5
      vertex -1.74538 23.6607 0
      vertex -1.74538 23.6607 4.5
    endloop
  endfacet
  facet normal 0.77305 0.634345 0
    outer loop
      vertex -1.74538 23.6607 0
      vertex -1.65405 23.5494 4.5
      vertex -1.65405 23.5494 0
    endloop
  endfacet
  facet normal 0.729598 0.683876 0
    outer loop
      vertex -1.55563 23.4444 4.5
      vertex -1.65405 23.5494 0
      vertex -1.65405 23.5494 4.5
    endloop
  endfacet
  facet normal 0.729598 0.683876 0
    outer loop
      vertex -1.65405 23.5494 0
      vertex -1.55563 23.4444 4.5
      vertex -1.55563 23.4444 0
    endloop
  endfacet
  facet normal 0.999465 0.0327135 0
    outer loop
      vertex -2.19529 24.8561 4.5
      vertex -2.2 25 0
      vertex -2.2 25 4.5
    endloop
  endfacet
  facet normal 0.999465 0.0327135 0
    outer loop
      vertex -2.2 25 0
      vertex -2.19529 24.8561 4.5
      vertex -2.19529 24.8561 0
    endloop
  endfacet
  facet normal -0.352183 0.935931 0
    outer loop
      vertex 0.841903 22.9675 0
      vertex 0.707167 22.9168 4.5
      vertex 0.841903 22.9675 4.5
    endloop
  endfacet
  facet normal -0.352183 0.935931 0
    outer loop
      vertex 0.707167 22.9168 4.5
      vertex 0.841903 22.9675 0
      vertex 0.707167 22.9168 0
    endloop
  endfacet
  facet normal -0.729598 -0.683876 0
    outer loop
      vertex 1.65405 26.4506 0
      vertex 1.55563 26.5556 4.5
      vertex 1.55563 26.5556 0
    endloop
  endfacet
  facet normal -0.729598 -0.683876 0
    outer loop
      vertex 1.55563 26.5556 4.5
      vertex 1.65405 26.4506 0
      vertex 1.65405 26.4506 4.5
    endloop
  endfacet
  facet normal 0.849268 -0.527963 0
    outer loop
      vertex -1.90526 26.1 4.5
      vertex -1.82923 26.2223 0
      vertex -1.82923 26.2223 4.5
    endloop
  endfacet
  facet normal 0.849268 -0.527963 0
    outer loop
      vertex -1.82923 26.2223 0
      vertex -1.90526 26.1 4.5
      vertex -1.90526 26.1 0
    endloop
  endfacet
  facet normal 0.812817 -0.582519 0
    outer loop
      vertex -1.82923 26.2223 4.5
      vertex -1.74538 26.3393 0
      vertex -1.74538 26.3393 4.5
    endloop
  endfacet
  facet normal 0.812817 -0.582519 0
    outer loop
      vertex -1.74538 26.3393 0
      vertex -1.82923 26.2223 4.5
      vertex -1.82923 26.2223 0
    endloop
  endfacet
  facet normal -0.995187 0.0979909 0
    outer loop
      vertex 2.18118 24.7128 0
      vertex 2.19529 24.8561 4.5
      vertex 2.19529 24.8561 0
    endloop
  endfacet
  facet normal -0.995187 0.0979909 0
    outer loop
      vertex 2.19529 24.8561 4.5
      vertex 2.18118 24.7128 0
      vertex 2.18118 24.7128 4.5
    endloop
  endfacet
  facet normal -0.77305 0.634345 0
    outer loop
      vertex 1.65405 23.5494 0
      vertex 1.74538 23.6607 4.5
      vertex 1.74538 23.6607 0
    endloop
  endfacet
  facet normal -0.77305 0.634345 0
    outer loop
      vertex 1.74538 23.6607 4.5
      vertex 1.65405 23.5494 0
      vertex 1.65405 23.5494 4.5
    endloop
  endfacet
  facet normal -0.47105 0.882107 0
    outer loop
      vertex 1.1 23.0947 0
      vertex 0.973035 23.0269 4.5
      vertex 1.1 23.0947 4.5
    endloop
  endfacet
  facet normal -0.47105 0.882107 0
    outer loop
      vertex 0.973035 23.0269 4.5
      vertex 1.1 23.0947 0
      vertex 0.973035 23.0269 0
    endloop
  endfacet
  facet normal -0.63467 0.772783 0
    outer loop
      vertex 1.45056 23.346 0
      vertex 1.33927 23.2546 4.5
      vertex 1.45056 23.346 4.5
    endloop
  endfacet
  facet normal -0.63467 0.772783 0
    outer loop
      vertex 1.33927 23.2546 4.5
      vertex 1.45056 23.346 0
      vertex 1.33927 23.2546 0
    endloop
  endfacet
  facet normal -0.910839 0.412761 0
    outer loop
      vertex 1.97312 24.027 0
      vertex 2.03253 24.1581 4.5
      vertex 2.03253 24.1581 0
    endloop
  endfacet
  facet normal -0.910839 0.412761 0
    outer loop
      vertex 2.03253 24.1581 4.5
      vertex 1.97312 24.027 0
      vertex 1.97312 24.027 4.5
    endloop
  endfacet
  facet normal 0.163226 0.986589 -0
    outer loop
      vertex -0.287157 22.8188 0
      vertex -0.429198 22.8423 4.5
      vertex -0.287157 22.8188 4.5
    endloop
  endfacet
  facet normal 0.163226 0.986589 0
    outer loop
      vertex -0.429198 22.8423 4.5
      vertex -0.287157 22.8188 0
      vertex -0.429198 22.8423 0
    endloop
  endfacet
  facet normal 0.63467 0.772783 -0
    outer loop
      vertex -1.33927 23.2546 0
      vertex -1.45056 23.346 4.5
      vertex -1.33927 23.2546 4.5
    endloop
  endfacet
  facet normal 0.63467 0.772783 0
    outer loop
      vertex -1.45056 23.346 4.5
      vertex -1.33927 23.2546 0
      vertex -1.45056 23.346 0
    endloop
  endfacet
  facet normal 0.812817 0.582519 0
    outer loop
      vertex -1.74538 23.6607 4.5
      vertex -1.82923 23.7777 0
      vertex -1.82923 23.7777 4.5
    endloop
  endfacet
  facet normal 0.812817 0.582519 0
    outer loop
      vertex -1.82923 23.7777 0
      vertex -1.74538 23.6607 4.5
      vertex -1.74538 23.6607 0
    endloop
  endfacet
  facet normal 0.910839 0.412761 0
    outer loop
      vertex -1.97312 24.027 4.5
      vertex -2.03253 24.1581 0
      vertex -2.03253 24.1581 4.5
    endloop
  endfacet
  facet normal 0.910839 0.412761 0
    outer loop
      vertex -2.03253 24.1581 0
      vertex -1.97312 24.027 4.5
      vertex -1.97312 24.027 0
    endloop
  endfacet
  facet normal -0.163226 0.986589 0
    outer loop
      vertex 0.429198 22.8423 0
      vertex 0.287157 22.8188 4.5
      vertex 0.429198 22.8423 4.5
    endloop
  endfacet
  facet normal -0.163226 0.986589 0
    outer loop
      vertex 0.287157 22.8188 4.5
      vertex 0.429198 22.8423 0
      vertex 0.287157 22.8188 0
    endloop
  endfacet
  facet normal -0.849268 0.527963 0
    outer loop
      vertex 1.82923 23.7777 0
      vertex 1.90526 23.9 4.5
      vertex 1.90526 23.9 0
    endloop
  endfacet
  facet normal -0.849268 0.527963 0
    outer loop
      vertex 1.90526 23.9 4.5
      vertex 1.82923 23.7777 0
      vertex 1.82923 23.7777 4.5
    endloop
  endfacet
  facet normal -0.812817 0.582519 0
    outer loop
      vertex 1.74538 23.6607 0
      vertex 1.82923 23.7777 4.5
      vertex 1.82923 23.7777 0
    endloop
  endfacet
  facet normal -0.812817 0.582519 0
    outer loop
      vertex 1.82923 23.7777 4.5
      vertex 1.74538 23.6607 0
      vertex 1.74538 23.6607 4.5
    endloop
  endfacet
  facet normal -0.582224 0.813029 0
    outer loop
      vertex 1.33927 23.2546 0
      vertex 1.22225 23.1708 4.5
      vertex 1.33927 23.2546 4.5
    endloop
  endfacet
  facet normal -0.582224 0.813029 0
    outer loop
      vertex 1.22225 23.1708 4.5
      vertex 1.33927 23.2546 0
      vertex 1.22225 23.1708 0
    endloop
  endfacet
  facet normal -0.528469 0.848953 0
    outer loop
      vertex 1.22225 23.1708 0
      vertex 1.1 23.0947 4.5
      vertex 1.22225 23.1708 4.5
    endloop
  endfacet
  facet normal -0.528469 0.848953 0
    outer loop
      vertex 1.1 23.0947 4.5
      vertex 1.22225 23.1708 0
      vertex 1.1 23.0947 0
    endloop
  endfacet
  facet normal -0.935854 0.352387 0
    outer loop
      vertex 2.03253 24.1581 0
      vertex 2.08325 24.2928 4.5
      vertex 2.08325 24.2928 0
    endloop
  endfacet
  facet normal -0.935854 0.352387 0
    outer loop
      vertex 2.08325 24.2928 4.5
      vertex 2.03253 24.1581 0
      vertex 2.03253 24.1581 4.5
    endloop
  endfacet
  facet normal -0.0326471 0.999467 0
    outer loop
      vertex 0.143887 22.8047 0
      vertex 0 22.8 4.5
      vertex 0.143887 22.8047 4.5
    endloop
  endfacet
  facet normal -0.0326471 0.999467 0
    outer loop
      vertex 0 22.8 4.5
      vertex 0.143887 22.8047 0
      vertex 0 22.8 0
    endloop
  endfacet
  facet normal 0.290345 0.956922 -0
    outer loop
      vertex -0.569402 22.875 0
      vertex -0.707167 22.9168 4.5
      vertex -0.569402 22.875 4.5
    endloop
  endfacet
  facet normal 0.290345 0.956922 0
    outer loop
      vertex -0.707167 22.9168 4.5
      vertex -0.569402 22.875 0
      vertex -0.707167 22.9168 0
    endloop
  endfacet
  facet normal 0.68356 0.729895 -0
    outer loop
      vertex -1.45056 23.346 0
      vertex -1.55563 23.4444 4.5
      vertex -1.45056 23.346 4.5
    endloop
  endfacet
  facet normal 0.68356 0.729895 0
    outer loop
      vertex -1.55563 23.4444 4.5
      vertex -1.45056 23.346 0
      vertex -1.55563 23.4444 0
    endloop
  endfacet
  facet normal 0.881987 0.471273 0
    outer loop
      vertex -1.90526 23.9 4.5
      vertex -1.97312 24.027 0
      vertex -1.97312 24.027 4.5
    endloop
  endfacet
  facet normal 0.881987 0.471273 0
    outer loop
      vertex -1.97312 24.027 0
      vertex -1.90526 23.9 4.5
      vertex -1.90526 23.9 0
    endloop
  endfacet
  facet normal 0.973877 0.227076 0
    outer loop
      vertex -2.12504 24.4306 4.5
      vertex -2.15773 24.5708 0
      vertex -2.15773 24.5708 4.5
    endloop
  endfacet
  facet normal 0.973877 0.227076 0
    outer loop
      vertex -2.15773 24.5708 0
      vertex -2.12504 24.4306 4.5
      vertex -2.12504 24.4306 0
    endloop
  endfacet
  facet normal 0.956962 0.290214 0
    outer loop
      vertex -2.08325 24.2928 4.5
      vertex -2.12504 24.4306 0
      vertex -2.12504 24.4306 4.5
    endloop
  endfacet
  facet normal 0.956962 0.290214 0
    outer loop
      vertex -2.12504 24.4306 0
      vertex -2.08325 24.2928 4.5
      vertex -2.08325 24.2928 0
    endloop
  endfacet
  facet normal 0.986637 0.162934 0
    outer loop
      vertex -2.15773 24.5708 4.5
      vertex -2.18118 24.7128 0
      vertex -2.18118 24.7128 4.5
    endloop
  endfacet
  facet normal 0.986637 0.162934 0
    outer loop
      vertex -2.18118 24.7128 0
      vertex -2.15773 24.5708 4.5
      vertex -2.15773 24.5708 0
    endloop
  endfacet
  facet normal 0.995187 0.0979909 0
    outer loop
      vertex -2.18118 24.7128 4.5
      vertex -2.19529 24.8561 0
      vertex -2.19529 24.8561 4.5
    endloop
  endfacet
  facet normal 0.995187 0.0979909 0
    outer loop
      vertex -2.19529 24.8561 0
      vertex -2.18118 24.7128 4.5
      vertex -2.18118 24.7128 0
    endloop
  endfacet
  facet normal -0.290345 0.956922 0
    outer loop
      vertex 0.707167 22.9168 0
      vertex 0.569402 22.875 4.5
      vertex 0.707167 22.9168 4.5
    endloop
  endfacet
  facet normal -0.290345 0.956922 0
    outer loop
      vertex 0.569402 22.875 4.5
      vertex 0.707167 22.9168 0
      vertex 0.569402 22.875 0
    endloop
  endfacet
  facet normal -0.227136 0.973863 0
    outer loop
      vertex 0.569402 22.875 0
      vertex 0.429198 22.8423 4.5
      vertex 0.569402 22.875 4.5
    endloop
  endfacet
  facet normal -0.227136 0.973863 0
    outer loop
      vertex 0.429198 22.8423 4.5
      vertex 0.569402 22.875 0
      vertex 0.429198 22.8423 0
    endloop
  endfacet
  facet normal -0.729598 0.683876 0
    outer loop
      vertex 1.55563 23.4444 0
      vertex 1.65405 23.5494 4.5
      vertex 1.65405 23.5494 0
    endloop
  endfacet
  facet normal -0.729598 0.683876 0
    outer loop
      vertex 1.65405 23.5494 4.5
      vertex 1.55563 23.4444 0
      vertex 1.55563 23.4444 4.5
    endloop
  endfacet
  facet normal -0.68356 0.729895 0
    outer loop
      vertex 1.55563 23.4444 0
      vertex 1.45056 23.346 4.5
      vertex 1.55563 23.4444 4.5
    endloop
  endfacet
  facet normal -0.68356 0.729895 0
    outer loop
      vertex 1.45056 23.346 4.5
      vertex 1.55563 23.4444 0
      vertex 1.45056 23.346 0
    endloop
  endfacet
  facet normal 0.227136 0.973863 -0
    outer loop
      vertex -0.429198 22.8423 0
      vertex -0.569402 22.875 4.5
      vertex -0.429198 22.8423 4.5
    endloop
  endfacet
  facet normal 0.227136 0.973863 0
    outer loop
      vertex -0.569402 22.875 4.5
      vertex -0.429198 22.8423 0
      vertex -0.569402 22.875 0
    endloop
  endfacet
  facet normal 0.582224 0.813029 -0
    outer loop
      vertex -1.22225 23.1708 0
      vertex -1.33927 23.2546 4.5
      vertex -1.22225 23.1708 4.5
    endloop
  endfacet
  facet normal 0.582224 0.813029 0
    outer loop
      vertex -1.33927 23.2546 4.5
      vertex -1.22225 23.1708 0
      vertex -1.33927 23.2546 0
    endloop
  endfacet
  facet normal 0.41262 0.910903 -0
    outer loop
      vertex -0.841903 22.9675 0
      vertex -0.973035 23.0269 4.5
      vertex -0.841903 22.9675 4.5
    endloop
  endfacet
  facet normal 0.41262 0.910903 0
    outer loop
      vertex -0.973035 23.0269 4.5
      vertex -0.841903 22.9675 0
      vertex -0.973035 23.0269 0
    endloop
  endfacet
  facet normal 0.849268 0.527963 0
    outer loop
      vertex -1.82923 23.7777 4.5
      vertex -1.90526 23.9 0
      vertex -1.90526 23.9 4.5
    endloop
  endfacet
  facet normal 0.849268 0.527963 0
    outer loop
      vertex -1.90526 23.9 0
      vertex -1.82923 23.7777 4.5
      vertex -1.82923 23.7777 0
    endloop
  endfacet
  facet normal 0.47105 0.882107 -0
    outer loop
      vertex -0.973035 23.0269 0
      vertex -1.1 23.0947 4.5
      vertex -0.973035 23.0269 4.5
    endloop
  endfacet
  facet normal 0.47105 0.882107 0
    outer loop
      vertex -1.1 23.0947 4.5
      vertex -0.973035 23.0269 0
      vertex -1.1 23.0947 0
    endloop
  endfacet
  facet normal 0.528469 0.848953 -0
    outer loop
      vertex -1.1 23.0947 0
      vertex -1.22225 23.1708 4.5
      vertex -1.1 23.0947 4.5
    endloop
  endfacet
  facet normal 0.528469 0.848953 0
    outer loop
      vertex -1.22225 23.1708 4.5
      vertex -1.1 23.0947 0
      vertex -1.22225 23.1708 0
    endloop
  endfacet
  facet normal 0.352183 0.935931 -0
    outer loop
      vertex -0.707167 22.9168 0
      vertex -0.841903 22.9675 4.5
      vertex -0.707167 22.9168 4.5
    endloop
  endfacet
  facet normal 0.352183 0.935931 0
    outer loop
      vertex -0.841903 22.9675 4.5
      vertex -0.707167 22.9168 0
      vertex -0.841903 22.9675 0
    endloop
  endfacet
  facet normal -0.706916 -0.0229076 0.706926
    outer loop
      vertex 18 0 0.555025
      vertex 19.695 0 2.25
      vertex 17.9964 0.111094 0.555025
    endloop
  endfacet
  facet normal -0.706915 0.24926 -0.661922
    outer loop
      vertex 17.982 -0.550625 3.87209
      vertex 19.695 0 2.25
      vertex 17.9785 -0.656868 3.83582
    endloop
  endfacet
  facet normal -0.706903 -0.688844 -0.160568
    outer loop
      vertex 19.695 0 2.25
      vertex 17.9073 1.72672 2.71267
      vertex 17.9044 1.75612 2.59931
    endloop
  endfacet
  facet normal -0.70691 0.662058 0.248911
    outer loop
      vertex 19.695 0 2.25
      vertex 17.9155 -1.64403 1.56902
      vertex 17.911 -1.68927 1.67657
    endloop
  endfacet
  facet normal -0.706913 -0.373537 -0.60062
    outer loop
      vertex 19.695 0 2.25
      vertex 17.9718 0.86159 3.74232
      vertex 17.9686 0.959121 3.68543
    endloop
  endfacet
  facet normal -0.706912 -0.600463 0.373791
    outer loop
      vertex 17.9331 1.46492 1.27117
      vertex 19.695 0 2.25
      vertex 17.9266 1.53148 1.3658
    endloop
  endfacet
  facet normal -0.706916 0.644283 -0.291839
    outer loop
      vertex 17.9207 -1.59132 3.03475
      vertex 19.695 0 2.25
      vertex 17.9155 -1.64403 2.93098
    endloop
  endfacet
  facet normal -0.706913 0.291914 0.644252
    outer loop
      vertex 19.695 0 2.25
      vertex 17.9785 -0.656868 0.664181
      vertex 17.9751 -0.760682 0.707489
    endloop
  endfacet
  facet normal -0.706909 -0.575018 -0.411867
    outer loop
      vertex 19.695 0 2.25
      vertex 17.9403 1.39207 3.31818
      vertex 17.9331 1.46492 3.22883
    endloop
  endfacet
  facet normal -0.70691 -0.160669 -0.688813
    outer loop
      vertex 19.695 0 2.25
      vertex 17.9891 0.332798 3.92309
      vertex 17.9855 0.44244 3.90121
    endloop
  endfacet
  facet normal -0.706911 -0.697777 0.115694
    outer loop
      vertex 17.9044 1.75612 1.90068
      vertex 19.695 0 2.25
      vertex 17.9024 1.77727 2.01602
    endloop
  endfacet
  facet normal -0.706909 -0.412142 0.574821
    outer loop
      vertex 17.9686 0.959121 0.814573
      vertex 19.695 0 2.25
      vertex 17.9655 1.05282 0.877942
    endloop
  endfacet
  facet normal -0.70691 -0.160675 0.688812
    outer loop
      vertex 17.9891 0.332798 0.576908
      vertex 19.695 0 2.25
      vertex 17.9855 0.44244 0.598789
    endloop
  endfacet
  facet normal -0.706908 0.115062 -0.697884
    outer loop
      vertex 17.9927 -0.222188 3.93768
      vertex 19.695 0 2.25
      vertex 17.9891 -0.332798 3.92309
    endloop
  endfacet
  facet normal -0.706909 0.575018 -0.411867
    outer loop
      vertex 17.9403 -1.39207 3.31818
      vertex 19.695 0 2.25
      vertex 17.9331 -1.46492 3.22883
    endloop
  endfacet
  facet normal -0.706911 0.697777 0.115694
    outer loop
      vertex 19.695 0 2.25
      vertex 17.9044 -1.75612 1.90068
      vertex 17.9024 -1.77727 2.01602
    endloop
  endfacet
  facet normal -0.706909 0.412142 0.574821
    outer loop
      vertex 19.695 0 2.25
      vertex 17.9686 -0.959121 0.814573
      vertex 17.9655 -1.05282 0.877942
    endloop
  endfacet
  facet normal -0.706915 -0.703914 -0.0691149
    outer loop
      vertex 19.695 0 2.25
      vertex 17.9024 1.77727 2.48398
      vertex 17.9011 1.79003 2.36732
    endloop
  endfacet
  facet normal -0.706916 -0.644283 -0.291839
    outer loop
      vertex 19.695 0 2.25
      vertex 17.9207 1.59132 3.03475
      vertex 17.9155 1.64403 2.93098
    endloop
  endfacet
  facet normal -0.706917 -0.623788 -0.333401
    outer loop
      vertex 19.695 0 2.25
      vertex 17.9266 1.53148 3.1342
      vertex 17.9207 1.59132 3.03475
    endloop
  endfacet
  facet normal -0.706907 -0.546589 -0.448912
    outer loop
      vertex 19.695 0 2.25
      vertex 17.948 1.31341 3.40183
      vertex 17.9403 1.39207 3.31818
    endloop
  endfacet
  facet normal -0.706908 -0.448607 -0.546838
    outer loop
      vertex 19.695 0 2.25
      vertex 17.9655 1.05282 3.62206
      vertex 17.9626 1.14223 3.55246
    endloop
  endfacet
  facet normal -0.706913 -0.291924 -0.644247
    outer loop
      vertex 19.695 0 2.25
      vertex 17.9785 0.656868 3.83582
      vertex 17.9751 0.760682 3.79251
    endloop
  endfacet
  facet normal -0.706913 -0.333387 -0.623801
    outer loop
      vertex 19.695 0 2.25
      vertex 17.9751 0.760682 3.79251
      vertex 17.9718 0.86159 3.74232
    endloop
  endfacet
  facet normal -0.706913 -0.205075 -0.676918
    outer loop
      vertex 19.695 0 2.25
      vertex 17.9855 0.44244 3.90121
      vertex 17.982 0.550625 3.87209
    endloop
  endfacet
  facet normal -0.706915 -0.0229076 -0.706927
    outer loop
      vertex 19.695 0 2.25
      vertex 18 0 3.94497
      vertex 17.9964 0.111094 3.94497
    endloop
  endfacet
  facet normal -0.706907 -0.546589 0.448912
    outer loop
      vertex 17.948 1.31341 1.09817
      vertex 19.695 0 2.25
      vertex 17.9403 1.39207 1.18182
    endloop
  endfacet
  facet normal -0.70691 -0.662058 0.248911
    outer loop
      vertex 17.9155 1.64403 1.56902
      vertex 19.695 0 2.25
      vertex 17.911 1.68927 1.67657
    endloop
  endfacet
  facet normal -0.706905 -0.676874 0.205249
    outer loop
      vertex 17.911 1.68927 1.67657
      vertex 19.695 0 2.25
      vertex 17.9073 1.72672 1.78733
    endloop
  endfacet
  facet normal -0.706915 -0.703914 0.0691149
    outer loop
      vertex 17.9024 1.77727 2.01602
      vertex 19.695 0 2.25
      vertex 17.9011 1.79003 2.13268
    endloop
  endfacet
  facet normal -0.706913 -0.333396 0.623795
    outer loop
      vertex 17.9751 0.760682 0.707489
      vertex 19.695 0 2.25
      vertex 17.9718 0.86159 0.757681
    endloop
  endfacet
  facet normal -0.706908 -0.448589 0.546854
    outer loop
      vertex 17.9655 1.05282 0.877942
      vertex 19.695 0 2.25
      vertex 17.9626 1.14223 0.947537
    endloop
  endfacet
  facet normal -0.706913 -0.291914 0.644252
    outer loop
      vertex 17.9785 0.656868 0.664181
      vertex 19.695 0 2.25
      vertex 17.9751 0.760682 0.707489
    endloop
  endfacet
  facet normal -0.706913 -0.0697246 0.703855
    outer loop
      vertex 17.9964 0.111094 0.555025
      vertex 19.695 0 2.25
      vertex 17.9927 0.222188 0.562314
    endloop
  endfacet
  facet normal -0.70691 0.160669 -0.688813
    outer loop
      vertex 17.9891 -0.332798 3.92309
      vertex 19.695 0 2.25
      vertex 17.9855 -0.44244 3.90121
    endloop
  endfacet
  facet normal -0.706915 0.0229076 -0.706927
    outer loop
      vertex 18 0 3.94497
      vertex 19.695 0 2.25
      vertex 17.9964 -0.111094 3.94497
    endloop
  endfacet
  facet normal -0.706909 0.412145 -0.574818
    outer loop
      vertex 17.9686 -0.959121 3.68543
      vertex 19.695 0 2.25
      vertex 17.9655 -1.05282 3.62206
    endloop
  endfacet
  facet normal -0.706913 0.373537 -0.60062
    outer loop
      vertex 17.9718 -0.86159 3.74232
      vertex 19.695 0 2.25
      vertex 17.9686 -0.959121 3.68543
    endloop
  endfacet
  facet normal -0.706912 0.600463 -0.373791
    outer loop
      vertex 17.9331 -1.46492 3.22883
      vertex 19.695 0 2.25
      vertex 17.9266 -1.53148 3.1342
    endloop
  endfacet
  facet normal -0.706907 0.546589 -0.448912
    outer loop
      vertex 17.948 -1.31341 3.40183
      vertex 19.695 0 2.25
      vertex 17.9403 -1.39207 3.31818
    endloop
  endfacet
  facet normal -0.706914 0.706917 -0.0232586
    outer loop
      vertex 17.9011 -1.79003 2.36732
      vertex 19.695 0 2.25
      vertex 17.9007 -1.79429 2.25
    endloop
  endfacet
  facet normal -0.706903 0.688844 -0.160568
    outer loop
      vertex 17.9073 -1.72672 2.71267
      vertex 19.695 0 2.25
      vertex 17.9044 -1.75612 2.59931
    endloop
  endfacet
  facet normal -0.706903 0.688841 0.160581
    outer loop
      vertex 19.695 0 2.25
      vertex 17.9073 -1.72672 1.78733
      vertex 17.9044 -1.75612 1.90068
    endloop
  endfacet
  facet normal -0.706914 0.706917 0.0232586
    outer loop
      vertex 19.695 0 2.25
      vertex 17.9011 -1.79003 2.13268
      vertex 17.9007 -1.79429 2.25
    endloop
  endfacet
  facet normal -0.706909 0.575018 0.411867
    outer loop
      vertex 19.695 0 2.25
      vertex 17.9403 -1.39207 1.18182
      vertex 17.9331 -1.46492 1.27117
    endloop
  endfacet
  facet normal -0.706912 0.600463 0.373791
    outer loop
      vertex 19.695 0 2.25
      vertex 17.9331 -1.46492 1.27117
      vertex 17.9266 -1.53148 1.3658
    endloop
  endfacet
  facet normal -0.706913 0.373546 0.600615
    outer loop
      vertex 19.695 0 2.25
      vertex 17.9718 -0.86159 0.757681
      vertex 17.9686 -0.959121 0.814573
    endloop
  endfacet
  facet normal -0.706908 0.448589 0.546854
    outer loop
      vertex 19.695 0 2.25
      vertex 17.9655 -1.05282 0.877942
      vertex 17.9626 -1.14223 0.947537
    endloop
  endfacet
  facet normal -0.706916 0.0229076 0.706926
    outer loop
      vertex 19.695 0 2.25
      vertex 18 0 0.555025
      vertex 17.9964 -0.111094 0.555025
    endloop
  endfacet
  facet normal -0.70691 0.160675 0.688812
    outer loop
      vertex 19.695 0 2.25
      vertex 17.9891 -0.332798 0.576908
      vertex 17.9855 -0.44244 0.598789
    endloop
  endfacet
  facet normal -0.70691 -0.697775 -0.115704
    outer loop
      vertex 19.695 0 2.25
      vertex 17.9044 1.75612 2.59931
      vertex 17.9024 1.77727 2.48398
    endloop
  endfacet
  facet normal -0.70691 -0.662058 -0.248911
    outer loop
      vertex 19.695 0 2.25
      vertex 17.9155 1.64403 2.93098
      vertex 17.911 1.68927 2.82343
    endloop
  endfacet
  facet normal -0.706905 -0.676874 -0.205249
    outer loop
      vertex 19.695 0 2.25
      vertex 17.911 1.68927 2.82343
      vertex 17.9073 1.72672 2.71267
    endloop
  endfacet
  facet normal -0.706912 -0.600463 -0.373791
    outer loop
      vertex 19.695 0 2.25
      vertex 17.9331 1.46492 3.22883
      vertex 17.9266 1.53148 3.1342
    endloop
  endfacet
  facet normal -0.706923 -0.482913 -0.516773
    outer loop
      vertex 17.9615 1.17726 3.52123
      vertex 19.695 0 2.25
      vertex 17.9626 1.14223 3.55246
    endloop
  endfacet
  facet normal -0.706919 -0.484049 -0.515715
    outer loop
      vertex 19.695 0 2.25
      vertex 17.9615 1.17726 3.52123
      vertex 17.9563 1.22941 3.47941
    endloop
  endfacet
  facet normal -0.706905 -0.516323 -0.483421
    outer loop
      vertex 19.695 0 2.25
      vertex 17.9563 1.22941 3.47941
      vertex 17.948 1.31341 3.40183
    endloop
  endfacet
  facet normal -0.706909 -0.412145 -0.574818
    outer loop
      vertex 19.695 0 2.25
      vertex 17.9686 0.959121 3.68543
      vertex 17.9655 1.05282 3.62206
    endloop
  endfacet
  facet normal -0.706915 -0.24926 -0.661922
    outer loop
      vertex 19.695 0 2.25
      vertex 17.982 0.550625 3.87209
      vertex 17.9785 0.656868 3.83582
    endloop
  endfacet
  facet normal -0.706912 -0.0697309 -0.703856
    outer loop
      vertex 19.695 0 2.25
      vertex 17.9964 0.111094 3.94497
      vertex 17.9927 0.222188 3.93768
    endloop
  endfacet
  facet normal -0.706908 -0.115062 -0.697884
    outer loop
      vertex 19.695 0 2.25
      vertex 17.9927 0.222188 3.93768
      vertex 17.9891 0.332798 3.92309
    endloop
  endfacet
  facet normal -0.706909 -0.575018 0.411867
    outer loop
      vertex 17.9403 1.39207 1.18182
      vertex 19.695 0 2.25
      vertex 17.9331 1.46492 1.27117
    endloop
  endfacet
  facet normal -0.706916 -0.644283 0.291839
    outer loop
      vertex 17.9207 1.59132 1.46525
      vertex 19.695 0 2.25
      vertex 17.9155 1.64403 1.56902
    endloop
  endfacet
  facet normal -0.706917 -0.623788 0.333401
    outer loop
      vertex 17.9266 1.53148 1.3658
      vertex 19.695 0 2.25
      vertex 17.9207 1.59132 1.46525
    endloop
  endfacet
  facet normal -0.706903 -0.688841 0.160581
    outer loop
      vertex 17.9073 1.72672 1.78733
      vertex 19.695 0 2.25
      vertex 17.9044 1.75612 1.90068
    endloop
  endfacet
  facet normal -0.706914 -0.706917 -0.0232586
    outer loop
      vertex 19.695 0 2.25
      vertex 17.9011 1.79003 2.36732
      vertex 17.9007 1.79429 2.25
    endloop
  endfacet
  facet normal -0.706914 -0.706917 0.0232586
    outer loop
      vertex 17.9011 1.79003 2.13268
      vertex 19.695 0 2.25
      vertex 17.9007 1.79429 2.25
    endloop
  endfacet
  facet normal -0.706913 -0.373546 0.600615
    outer loop
      vertex 17.9718 0.86159 0.757681
      vertex 19.695 0 2.25
      vertex 17.9686 0.959121 0.814573
    endloop
  endfacet
  facet normal -0.706905 -0.516323 0.483421
    outer loop
      vertex 17.9563 1.22941 1.02059
      vertex 19.695 0 2.25
      vertex 17.948 1.31341 1.09817
    endloop
  endfacet
  facet normal -0.706919 -0.484033 0.515731
    outer loop
      vertex 17.9615 1.17726 0.978773
      vertex 19.695 0 2.25
      vertex 17.9563 1.22941 1.02059
    endloop
  endfacet
  facet normal -0.706923 -0.482962 0.516728
    outer loop
      vertex 19.695 0 2.25
      vertex 17.9615 1.17726 0.978773
      vertex 17.9626 1.14223 0.947537
    endloop
  endfacet
  facet normal -0.706915 -0.249276 0.661916
    outer loop
      vertex 17.982 0.550625 0.627908
      vertex 19.695 0 2.25
      vertex 17.9785 0.656868 0.664181
    endloop
  endfacet
  facet normal -0.706913 -0.205069 0.67692
    outer loop
      vertex 17.9855 0.44244 0.598789
      vertex 19.695 0 2.25
      vertex 17.982 0.550625 0.627908
    endloop
  endfacet
  facet normal -0.706909 -0.115086 0.697879
    outer loop
      vertex 17.9927 0.222188 0.562314
      vertex 19.695 0 2.25
      vertex 17.9891 0.332798 0.576908
    endloop
  endfacet
  facet normal -0.706913 0.205075 -0.676918
    outer loop
      vertex 17.9855 -0.44244 3.90121
      vertex 19.695 0 2.25
      vertex 17.982 -0.550625 3.87209
    endloop
  endfacet
  facet normal -0.706912 0.0697309 -0.703856
    outer loop
      vertex 17.9964 -0.111094 3.94497
      vertex 19.695 0 2.25
      vertex 17.9927 -0.222188 3.93768
    endloop
  endfacet
  facet normal -0.706923 0.482913 -0.516773
    outer loop
      vertex 19.695 0 2.25
      vertex 17.9615 -1.17726 3.52123
      vertex 17.9626 -1.14223 3.55246
    endloop
  endfacet
  facet normal -0.706919 0.484049 -0.515715
    outer loop
      vertex 17.9615 -1.17726 3.52123
      vertex 19.695 0 2.25
      vertex 17.9563 -1.22941 3.47941
    endloop
  endfacet
  facet normal -0.706908 0.448607 -0.546838
    outer loop
      vertex 17.9655 -1.05282 3.62206
      vertex 19.695 0 2.25
      vertex 17.9626 -1.14223 3.55246
    endloop
  endfacet
  facet normal -0.706913 0.333387 -0.623801
    outer loop
      vertex 17.9751 -0.760682 3.79251
      vertex 19.695 0 2.25
      vertex 17.9718 -0.86159 3.74232
    endloop
  endfacet
  facet normal -0.706913 0.291924 -0.644247
    outer loop
      vertex 17.9785 -0.656868 3.83582
      vertex 19.695 0 2.25
      vertex 17.9751 -0.760682 3.79251
    endloop
  endfacet
  facet normal -0.706917 0.623788 -0.333401
    outer loop
      vertex 17.9266 -1.53148 3.1342
      vertex 19.695 0 2.25
      vertex 17.9207 -1.59132 3.03475
    endloop
  endfacet
  facet normal -0.706905 0.516323 -0.483421
    outer loop
      vertex 17.9563 -1.22941 3.47941
      vertex 19.695 0 2.25
      vertex 17.948 -1.31341 3.40183
    endloop
  endfacet
  facet normal -0.706915 0.703914 -0.0691149
    outer loop
      vertex 17.9024 -1.77727 2.48398
      vertex 19.695 0 2.25
      vertex 17.9011 -1.79003 2.36732
    endloop
  endfacet
  facet normal -0.70691 0.697775 -0.115704
    outer loop
      vertex 17.9044 -1.75612 2.59931
      vertex 19.695 0 2.25
      vertex 17.9024 -1.77727 2.48398
    endloop
  endfacet
  facet normal -0.706905 0.676874 -0.205249
    outer loop
      vertex 17.911 -1.68927 2.82343
      vertex 19.695 0 2.25
      vertex 17.9073 -1.72672 2.71267
    endloop
  endfacet
  facet normal -0.70691 0.662058 -0.248911
    outer loop
      vertex 17.9155 -1.64403 2.93098
      vertex 19.695 0 2.25
      vertex 17.911 -1.68927 2.82343
    endloop
  endfacet
  facet normal -0.706905 0.676874 0.205249
    outer loop
      vertex 19.695 0 2.25
      vertex 17.911 -1.68927 1.67657
      vertex 17.9073 -1.72672 1.78733
    endloop
  endfacet
  facet normal -0.706915 0.703914 0.0691149
    outer loop
      vertex 19.695 0 2.25
      vertex 17.9024 -1.77727 2.01602
      vertex 17.9011 -1.79003 2.13268
    endloop
  endfacet
  facet normal -0.706905 0.516323 0.483421
    outer loop
      vertex 19.695 0 2.25
      vertex 17.9563 -1.22941 1.02059
      vertex 17.948 -1.31341 1.09817
    endloop
  endfacet
  facet normal -0.706907 0.546589 0.448912
    outer loop
      vertex 19.695 0 2.25
      vertex 17.948 -1.31341 1.09817
      vertex 17.9403 -1.39207 1.18182
    endloop
  endfacet
  facet normal -0.706917 0.623788 0.333401
    outer loop
      vertex 19.695 0 2.25
      vertex 17.9266 -1.53148 1.3658
      vertex 17.9207 -1.59132 1.46525
    endloop
  endfacet
  facet normal -0.706916 0.644283 0.291839
    outer loop
      vertex 19.695 0 2.25
      vertex 17.9207 -1.59132 1.46525
      vertex 17.9155 -1.64403 1.56902
    endloop
  endfacet
  facet normal -0.706913 0.333396 0.623795
    outer loop
      vertex 19.695 0 2.25
      vertex 17.9751 -0.760682 0.707489
      vertex 17.9718 -0.86159 0.757681
    endloop
  endfacet
  facet normal -0.706923 0.482962 0.516728
    outer loop
      vertex 17.9615 -1.17726 0.978773
      vertex 19.695 0 2.25
      vertex 17.9626 -1.14223 0.947537
    endloop
  endfacet
  facet normal -0.706919 0.484033 0.515731
    outer loop
      vertex 19.695 0 2.25
      vertex 17.9615 -1.17726 0.978773
      vertex 17.9563 -1.22941 1.02059
    endloop
  endfacet
  facet normal -0.706913 0.0697246 0.703855
    outer loop
      vertex 19.695 0 2.25
      vertex 17.9964 -0.111094 0.555025
      vertex 17.9927 -0.222188 0.562314
    endloop
  endfacet
  facet normal -0.706909 0.115086 0.697879
    outer loop
      vertex 19.695 0 2.25
      vertex 17.9927 -0.222188 0.562314
      vertex 17.9891 -0.332798 0.576908
    endloop
  endfacet
  facet normal -0.706913 0.205069 0.67692
    outer loop
      vertex 19.695 0 2.25
      vertex 17.9855 -0.44244 0.598789
      vertex 17.982 -0.550625 0.627908
    endloop
  endfacet
  facet normal -0.706915 0.249276 0.661916
    outer loop
      vertex 19.695 0 2.25
      vertex 17.982 -0.550625 0.627908
      vertex 17.9785 -0.656868 0.664181
    endloop
  endfacet
  facet normal 0.706916 0.0229076 0.706926
    outer loop
      vertex -17.9964 -0.111094 0.555025
      vertex -18 0 0.555025
      vertex -19.695 0 2.25
    endloop
  endfacet
  facet normal 0.706915 -0.0229076 -0.706927
    outer loop
      vertex -17.9964 0.111094 3.94497
      vertex -18 0 3.94497
      vertex -19.695 0 2.25
    endloop
  endfacet
  facet normal 0.706915 0.703914 -0.0691149
    outer loop
      vertex -17.9024 -1.77727 2.48398
      vertex -17.9011 -1.79003 2.36732
      vertex -19.695 0 2.25
    endloop
  endfacet
  facet normal 0.706914 -0.706917 0.0232586
    outer loop
      vertex -17.9011 1.79003 2.13268
      vertex -17.9007 1.79429 2.25
      vertex -19.695 0 2.25
    endloop
  endfacet
  facet normal 0.706908 0.448607 -0.546838
    outer loop
      vertex -17.9655 -1.05282 3.62206
      vertex -17.9626 -1.14223 3.55246
      vertex -19.695 0 2.25
    endloop
  endfacet
  facet normal 0.706907 0.546589 0.448912
    outer loop
      vertex -17.9403 -1.39207 1.18182
      vertex -17.948 -1.31341 1.09817
      vertex -19.695 0 2.25
    endloop
  endfacet
  facet normal 0.706905 -0.516323 -0.483421
    outer loop
      vertex -17.948 1.31341 3.40183
      vertex -17.9563 1.22941 3.47941
      vertex -19.695 0 2.25
    endloop
  endfacet
  facet normal 0.706923 -0.482962 0.516728
    outer loop
      vertex -17.9615 1.17726 0.978773
      vertex -19.695 0 2.25
      vertex -17.9626 1.14223 0.947537
    endloop
  endfacet
  facet normal 0.706919 -0.484033 0.515731
    outer loop
      vertex -19.695 0 2.25
      vertex -17.9615 1.17726 0.978773
      vertex -17.9563 1.22941 1.02059
    endloop
  endfacet
  facet normal 0.706917 0.623788 -0.333401
    outer loop
      vertex -17.9266 -1.53148 3.1342
      vertex -17.9207 -1.59132 3.03475
      vertex -19.695 0 2.25
    endloop
  endfacet
  facet normal 0.706915 0.24926 -0.661922
    outer loop
      vertex -17.982 -0.550625 3.87209
      vertex -17.9785 -0.656868 3.83582
      vertex -19.695 0 2.25
    endloop
  endfacet
  facet normal 0.706905 0.676874 0.205249
    outer loop
      vertex -17.9073 -1.72672 1.78733
      vertex -17.911 -1.68927 1.67657
      vertex -19.695 0 2.25
    endloop
  endfacet
  facet normal 0.706913 0.333396 0.623795
    outer loop
      vertex -17.9718 -0.86159 0.757681
      vertex -17.9751 -0.760682 0.707489
      vertex -19.695 0 2.25
    endloop
  endfacet
  facet normal 0.706913 -0.291924 -0.644247
    outer loop
      vertex -17.9751 0.760682 3.79251
      vertex -17.9785 0.656868 3.83582
      vertex -19.695 0 2.25
    endloop
  endfacet
  facet normal 0.70691 -0.662058 -0.248911
    outer loop
      vertex -17.911 1.68927 2.82343
      vertex -17.9155 1.64403 2.93098
      vertex -19.695 0 2.25
    endloop
  endfacet
  facet normal 0.706916 -0.644283 0.291839
    outer loop
      vertex -17.9207 1.59132 1.46525
      vertex -17.9155 1.64403 1.56902
      vertex -19.695 0 2.25
    endloop
  endfacet
  facet normal 0.706915 -0.249276 0.661916
    outer loop
      vertex -17.982 0.550625 0.627908
      vertex -17.9785 0.656868 0.664181
      vertex -19.695 0 2.25
    endloop
  endfacet
  facet normal 0.706905 0.676874 -0.205249
    outer loop
      vertex -17.911 -1.68927 2.82343
      vertex -17.9073 -1.72672 2.71267
      vertex -19.695 0 2.25
    endloop
  endfacet
  facet normal 0.706907 0.546589 -0.448912
    outer loop
      vertex -17.948 -1.31341 3.40183
      vertex -17.9403 -1.39207 3.31818
      vertex -19.695 0 2.25
    endloop
  endfacet
  facet normal 0.706913 0.333387 -0.623801
    outer loop
      vertex -17.9751 -0.760682 3.79251
      vertex -17.9718 -0.86159 3.74232
      vertex -19.695 0 2.25
    endloop
  endfacet
  facet normal 0.706908 0.115062 -0.697884
    outer loop
      vertex -17.9927 -0.222188 3.93768
      vertex -17.9891 -0.332798 3.92309
      vertex -19.695 0 2.25
    endloop
  endfacet
  facet normal 0.706917 0.623788 0.333401
    outer loop
      vertex -17.9207 -1.59132 1.46525
      vertex -17.9266 -1.53148 1.3658
      vertex -19.695 0 2.25
    endloop
  endfacet
  facet normal 0.706915 0.703914 0.0691149
    outer loop
      vertex -17.9011 -1.79003 2.13268
      vertex -17.9024 -1.77727 2.01602
      vertex -19.695 0 2.25
    endloop
  endfacet
  facet normal 0.706908 0.448589 0.546854
    outer loop
      vertex -17.9626 -1.14223 0.947537
      vertex -17.9655 -1.05282 0.877942
      vertex -19.695 0 2.25
    endloop
  endfacet
  facet normal 0.706913 0.205069 0.67692
    outer loop
      vertex -17.982 -0.550625 0.627908
      vertex -17.9855 -0.44244 0.598789
      vertex -19.695 0 2.25
    endloop
  endfacet
  facet normal 0.70691 -0.160669 -0.688813
    outer loop
      vertex -17.9855 0.44244 3.90121
      vertex -17.9891 0.332798 3.92309
      vertex -19.695 0 2.25
    endloop
  endfacet
  facet normal 0.706909 -0.412145 -0.574818
    outer loop
      vertex -17.9655 1.05282 3.62206
      vertex -17.9686 0.959121 3.68543
      vertex -19.695 0 2.25
    endloop
  endfacet
  facet normal 0.706912 -0.600463 -0.373791
    outer loop
      vertex -17.9266 1.53148 3.1342
      vertex -17.9331 1.46492 3.22883
      vertex -19.695 0 2.25
    endloop
  endfacet
  facet normal 0.70691 -0.697775 -0.115704
    outer loop
      vertex -17.9024 1.77727 2.48398
      vertex -17.9044 1.75612 2.59931
      vertex -19.695 0 2.25
    endloop
  endfacet
  facet normal 0.706903 -0.688841 0.160581
    outer loop
      vertex -17.9073 1.72672 1.78733
      vertex -17.9044 1.75612 1.90068
      vertex -19.695 0 2.25
    endloop
  endfacet
  facet normal 0.706909 -0.575018 0.411867
    outer loop
      vertex -17.9403 1.39207 1.18182
      vertex -17.9331 1.46492 1.27117
      vertex -19.695 0 2.25
    endloop
  endfacet
  facet normal 0.706913 -0.373546 0.600615
    outer loop
      vertex -17.9718 0.86159 0.757681
      vertex -17.9686 0.959121 0.814573
      vertex -19.695 0 2.25
    endloop
  endfacet
  facet normal 0.706909 -0.115086 0.697879
    outer loop
      vertex -17.9927 0.222188 0.562314
      vertex -17.9891 0.332798 0.576908
      vertex -19.695 0 2.25
    endloop
  endfacet
  facet normal 0.70691 0.697775 -0.115704
    outer loop
      vertex -17.9044 -1.75612 2.59931
      vertex -17.9024 -1.77727 2.48398
      vertex -19.695 0 2.25
    endloop
  endfacet
  facet normal 0.706916 0.644283 -0.291839
    outer loop
      vertex -17.9207 -1.59132 3.03475
      vertex -17.9155 -1.64403 2.93098
      vertex -19.695 0 2.25
    endloop
  endfacet
  facet normal 0.706912 0.600463 -0.373791
    outer loop
      vertex -17.9331 -1.46492 3.22883
      vertex -17.9266 -1.53148 3.1342
      vertex -19.695 0 2.25
    endloop
  endfacet
  facet normal 0.706905 0.516323 -0.483421
    outer loop
      vertex -17.9563 -1.22941 3.47941
      vertex -17.948 -1.31341 3.40183
      vertex -19.695 0 2.25
    endloop
  endfacet
  facet normal 0.706909 0.412145 -0.574818
    outer loop
      vertex -17.9686 -0.959121 3.68543
      vertex -17.9655 -1.05282 3.62206
      vertex -19.695 0 2.25
    endloop
  endfacet
  facet normal 0.706913 0.291924 -0.644247
    outer loop
      vertex -17.9785 -0.656868 3.83582
      vertex -17.9751 -0.760682 3.79251
      vertex -19.695 0 2.25
    endloop
  endfacet
  facet normal 0.70691 0.160669 -0.688813
    outer loop
      vertex -17.9891 -0.332798 3.92309
      vertex -17.9855 -0.44244 3.90121
      vertex -19.695 0 2.25
    endloop
  endfacet
  facet normal 0.706915 0.0229076 -0.706927
    outer loop
      vertex -18 0 3.94497
      vertex -17.9964 -0.111094 3.94497
      vertex -19.695 0 2.25
    endloop
  endfacet
  facet normal 0.706909 0.575018 0.411867
    outer loop
      vertex -17.9331 -1.46492 1.27117
      vertex -17.9403 -1.39207 1.18182
      vertex -19.695 0 2.25
    endloop
  endfacet
  facet normal 0.70691 0.662058 0.248911
    outer loop
      vertex -17.911 -1.68927 1.67657
      vertex -17.9155 -1.64403 1.56902
      vertex -19.695 0 2.25
    endloop
  endfacet
  facet normal 0.706903 0.688841 0.160581
    outer loop
      vertex -17.9044 -1.75612 1.90068
      vertex -17.9073 -1.72672 1.78733
      vertex -19.695 0 2.25
    endloop
  endfacet
  facet normal 0.706914 0.706917 0.0232586
    outer loop
      vertex -17.9007 -1.79429 2.25
      vertex -17.9011 -1.79003 2.13268
      vertex -19.695 0 2.25
    endloop
  endfacet
  facet normal 0.706913 0.373546 0.600615
    outer loop
      vertex -17.9686 -0.959121 0.814573
      vertex -17.9718 -0.86159 0.757681
      vertex -19.695 0 2.25
    endloop
  endfacet
  facet normal 0.706923 0.482962 0.516728
    outer loop
      vertex -19.695 0 2.25
      vertex -17.9615 -1.17726 0.978773
      vertex -17.9626 -1.14223 0.947537
    endloop
  endfacet
  facet normal 0.706919 0.484033 0.515731
    outer loop
      vertex -17.9615 -1.17726 0.978773
      vertex -19.695 0 2.25
      vertex -17.9563 -1.22941 1.02059
    endloop
  endfacet
  facet normal 0.706913 0.291914 0.644252
    outer loop
      vertex -17.9751 -0.760682 0.707489
      vertex -17.9785 -0.656868 0.664181
      vertex -19.695 0 2.25
    endloop
  endfacet
  facet normal 0.706909 0.115086 0.697879
    outer loop
      vertex -17.9891 -0.332798 0.576908
      vertex -17.9927 -0.222188 0.562314
      vertex -19.695 0 2.25
    endloop
  endfacet
  facet normal 0.706913 0.0697246 0.703855
    outer loop
      vertex -17.9927 -0.222188 0.562314
      vertex -17.9964 -0.111094 0.555025
      vertex -19.695 0 2.25
    endloop
  endfacet
  facet normal 0.706912 -0.0697309 -0.703856
    outer loop
      vertex -17.9927 0.222188 3.93768
      vertex -17.9964 0.111094 3.94497
      vertex -19.695 0 2.25
    endloop
  endfacet
  facet normal 0.706913 -0.205075 -0.676918
    outer loop
      vertex -17.982 0.550625 3.87209
      vertex -17.9855 0.44244 3.90121
      vertex -19.695 0 2.25
    endloop
  endfacet
  facet normal 0.706913 -0.373537 -0.60062
    outer loop
      vertex -17.9686 0.959121 3.68543
      vertex -17.9718 0.86159 3.74232
      vertex -19.695 0 2.25
    endloop
  endfacet
  facet normal 0.706908 -0.448607 -0.546838
    outer loop
      vertex -17.9626 1.14223 3.55246
      vertex -17.9655 1.05282 3.62206
      vertex -19.695 0 2.25
    endloop
  endfacet
  facet normal 0.706909 -0.575018 -0.411867
    outer loop
      vertex -17.9331 1.46492 3.22883
      vertex -17.9403 1.39207 3.31818
      vertex -19.695 0 2.25
    endloop
  endfacet
  facet normal 0.706917 -0.623788 -0.333401
    outer loop
      vertex -17.9207 1.59132 3.03475
      vertex -17.9266 1.53148 3.1342
      vertex -19.695 0 2.25
    endloop
  endfacet
  facet normal 0.706903 -0.688844 -0.160568
    outer loop
      vertex -17.9044 1.75612 2.59931
      vertex -17.9073 1.72672 2.71267
      vertex -19.695 0 2.25
    endloop
  endfacet
  facet normal 0.706914 -0.706917 -0.0232586
    outer loop
      vertex -17.9007 1.79429 2.25
      vertex -17.9011 1.79003 2.36732
      vertex -19.695 0 2.25
    endloop
  endfacet
  facet normal 0.706915 -0.703914 0.0691149
    outer loop
      vertex -17.9024 1.77727 2.01602
      vertex -17.9011 1.79003 2.13268
      vertex -19.695 0 2.25
    endloop
  endfacet
  facet normal 0.706905 -0.676874 0.205249
    outer loop
      vertex -17.911 1.68927 1.67657
      vertex -17.9073 1.72672 1.78733
      vertex -19.695 0 2.25
    endloop
  endfacet
  facet normal 0.706912 -0.600463 0.373791
    outer loop
      vertex -17.9331 1.46492 1.27117
      vertex -17.9266 1.53148 1.3658
      vertex -19.695 0 2.25
    endloop
  endfacet
  facet normal 0.706907 -0.546589 0.448912
    outer loop
      vertex -17.948 1.31341 1.09817
      vertex -17.9403 1.39207 1.18182
      vertex -19.695 0 2.25
    endloop
  endfacet
  facet normal 0.706909 -0.412142 0.574821
    outer loop
      vertex -17.9686 0.959121 0.814573
      vertex -17.9655 1.05282 0.877942
      vertex -19.695 0 2.25
    endloop
  endfacet
  facet normal 0.706913 -0.333396 0.623795
    outer loop
      vertex -17.9751 0.760682 0.707489
      vertex -17.9718 0.86159 0.757681
      vertex -19.695 0 2.25
    endloop
  endfacet
  facet normal 0.70691 -0.160675 0.688812
    outer loop
      vertex -17.9891 0.332798 0.576908
      vertex -17.9855 0.44244 0.598789
      vertex -19.695 0 2.25
    endloop
  endfacet
  facet normal 0.706916 -0.0229076 0.706926
    outer loop
      vertex -18 0 0.555025
      vertex -17.9964 0.111094 0.555025
      vertex -19.695 0 2.25
    endloop
  endfacet
  facet normal 0.706903 0.688844 -0.160568
    outer loop
      vertex -17.9073 -1.72672 2.71267
      vertex -17.9044 -1.75612 2.59931
      vertex -19.695 0 2.25
    endloop
  endfacet
  facet normal 0.70691 0.662058 -0.248911
    outer loop
      vertex -17.9155 -1.64403 2.93098
      vertex -17.911 -1.68927 2.82343
      vertex -19.695 0 2.25
    endloop
  endfacet
  facet normal 0.706909 0.575018 -0.411867
    outer loop
      vertex -17.9403 -1.39207 3.31818
      vertex -17.9331 -1.46492 3.22883
      vertex -19.695 0 2.25
    endloop
  endfacet
  facet normal 0.706923 0.482913 -0.516773
    outer loop
      vertex -17.9615 -1.17726 3.52123
      vertex -19.695 0 2.25
      vertex -17.9626 -1.14223 3.55246
    endloop
  endfacet
  facet normal 0.706919 0.484049 -0.515715
    outer loop
      vertex -19.695 0 2.25
      vertex -17.9615 -1.17726 3.52123
      vertex -17.9563 -1.22941 3.47941
    endloop
  endfacet
  facet normal 0.706913 0.373537 -0.60062
    outer loop
      vertex -17.9718 -0.86159 3.74232
      vertex -17.9686 -0.959121 3.68543
      vertex -19.695 0 2.25
    endloop
  endfacet
  facet normal 0.706913 0.205075 -0.676918
    outer loop
      vertex -17.9855 -0.44244 3.90121
      vertex -17.982 -0.550625 3.87209
      vertex -19.695 0 2.25
    endloop
  endfacet
  facet normal 0.706912 0.0697309 -0.703856
    outer loop
      vertex -17.9964 -0.111094 3.94497
      vertex -17.9927 -0.222188 3.93768
      vertex -19.695 0 2.25
    endloop
  endfacet
  facet normal 0.706912 0.600463 0.373791
    outer loop
      vertex -17.9266 -1.53148 1.3658
      vertex -17.9331 -1.46492 1.27117
      vertex -19.695 0 2.25
    endloop
  endfacet
  facet normal 0.706916 0.644283 0.291839
    outer loop
      vertex -17.9155 -1.64403 1.56902
      vertex -17.9207 -1.59132 1.46525
      vertex -19.695 0 2.25
    endloop
  endfacet
  facet normal 0.706911 0.697777 0.115694
    outer loop
      vertex -17.9024 -1.77727 2.01602
      vertex -17.9044 -1.75612 1.90068
      vertex -19.695 0 2.25
    endloop
  endfacet
  facet normal 0.706914 0.706917 -0.0232586
    outer loop
      vertex -17.9011 -1.79003 2.36732
      vertex -17.9007 -1.79429 2.25
      vertex -19.695 0 2.25
    endloop
  endfacet
  facet normal 0.706909 0.412142 0.574821
    outer loop
      vertex -17.9655 -1.05282 0.877942
      vertex -17.9686 -0.959121 0.814573
      vertex -19.695 0 2.25
    endloop
  endfacet
  facet normal 0.706905 0.516323 0.483421
    outer loop
      vertex -17.948 -1.31341 1.09817
      vertex -17.9563 -1.22941 1.02059
      vertex -19.695 0 2.25
    endloop
  endfacet
  facet normal 0.706915 0.249276 0.661916
    outer loop
      vertex -17.9785 -0.656868 0.664181
      vertex -17.982 -0.550625 0.627908
      vertex -19.695 0 2.25
    endloop
  endfacet
  facet normal 0.70691 0.160675 0.688812
    outer loop
      vertex -17.9855 -0.44244 0.598789
      vertex -17.9891 -0.332798 0.576908
      vertex -19.695 0 2.25
    endloop
  endfacet
  facet normal 0.706908 -0.115062 -0.697884
    outer loop
      vertex -17.9891 0.332798 3.92309
      vertex -17.9927 0.222188 3.93768
      vertex -19.695 0 2.25
    endloop
  endfacet
  facet normal 0.706915 -0.24926 -0.661922
    outer loop
      vertex -17.9785 0.656868 3.83582
      vertex -17.982 0.550625 3.87209
      vertex -19.695 0 2.25
    endloop
  endfacet
  facet normal 0.706913 -0.333387 -0.623801
    outer loop
      vertex -17.9718 0.86159 3.74232
      vertex -17.9751 0.760682 3.79251
      vertex -19.695 0 2.25
    endloop
  endfacet
  facet normal 0.706919 -0.484049 -0.515715
    outer loop
      vertex -17.9615 1.17726 3.52123
      vertex -19.695 0 2.25
      vertex -17.9563 1.22941 3.47941
    endloop
  endfacet
  facet normal 0.706923 -0.482913 -0.516773
    outer loop
      vertex -19.695 0 2.25
      vertex -17.9615 1.17726 3.52123
      vertex -17.9626 1.14223 3.55246
    endloop
  endfacet
  facet normal 0.706907 -0.546589 -0.448912
    outer loop
      vertex -17.9403 1.39207 3.31818
      vertex -17.948 1.31341 3.40183
      vertex -19.695 0 2.25
    endloop
  endfacet
  facet normal 0.706916 -0.644283 -0.291839
    outer loop
      vertex -17.9155 1.64403 2.93098
      vertex -17.9207 1.59132 3.03475
      vertex -19.695 0 2.25
    endloop
  endfacet
  facet normal 0.706905 -0.676874 -0.205249
    outer loop
      vertex -17.9073 1.72672 2.71267
      vertex -17.911 1.68927 2.82343
      vertex -19.695 0 2.25
    endloop
  endfacet
  facet normal 0.706915 -0.703914 -0.0691149
    outer loop
      vertex -17.9011 1.79003 2.36732
      vertex -17.9024 1.77727 2.48398
      vertex -19.695 0 2.25
    endloop
  endfacet
  facet normal 0.706911 -0.697777 0.115694
    outer loop
      vertex -17.9044 1.75612 1.90068
      vertex -17.9024 1.77727 2.01602
      vertex -19.695 0 2.25
    endloop
  endfacet
  facet normal 0.70691 -0.662058 0.248911
    outer loop
      vertex -17.9155 1.64403 1.56902
      vertex -17.911 1.68927 1.67657
      vertex -19.695 0 2.25
    endloop
  endfacet
  facet normal 0.706917 -0.623788 0.333401
    outer loop
      vertex -17.9266 1.53148 1.3658
      vertex -17.9207 1.59132 1.46525
      vertex -19.695 0 2.25
    endloop
  endfacet
  facet normal 0.706905 -0.516323 0.483421
    outer loop
      vertex -17.9563 1.22941 1.02059
      vertex -17.948 1.31341 1.09817
      vertex -19.695 0 2.25
    endloop
  endfacet
  facet normal 0.706908 -0.448589 0.546854
    outer loop
      vertex -17.9655 1.05282 0.877942
      vertex -17.9626 1.14223 0.947537
      vertex -19.695 0 2.25
    endloop
  endfacet
  facet normal 0.706913 -0.291914 0.644252
    outer loop
      vertex -17.9785 0.656868 0.664181
      vertex -17.9751 0.760682 0.707489
      vertex -19.695 0 2.25
    endloop
  endfacet
  facet normal 0.706913 -0.205069 0.67692
    outer loop
      vertex -17.9855 0.44244 0.598789
      vertex -17.982 0.550625 0.627908
      vertex -19.695 0 2.25
    endloop
  endfacet
  facet normal 0.706913 -0.0697246 0.703855
    outer loop
      vertex -17.9964 0.111094 0.555025
      vertex -17.9927 0.222188 0.562314
      vertex -19.695 0 2.25
    endloop
  endfacet
  facet normal 0.999465 0.0327102 0
    outer loop
      vertex 17.4654 1.05594 0.873875
      vertex 17.4625 1.14455 0
      vertex 17.4625 1.14455 0.94285
    endloop
  endfacet
  facet normal 0.999457 0.0329529 2.46407e-05
    outer loop
      vertex 17.4685 0.961965 0.810318
      vertex 17.4625 1.14455 0
      vertex 17.4654 1.05594 0.873875
    endloop
  endfacet
  facet normal 0.999465 0.0327126 -2.95768e-05
    outer loop
      vertex 17.4717 0.864144 0.753258
      vertex 17.4625 1.14455 0
      vertex 17.4685 0.961965 0.810318
    endloop
  endfacet
  facet normal 0.999468 0.0326208 -6.37682e-05
    outer loop
      vertex 17.475 0.762937 0.702916
      vertex 17.4625 1.14455 0
      vertex 17.4717 0.864144 0.753258
    endloop
  endfacet
  facet normal 0.999467 0.0326554 -4.49912e-05
    outer loop
      vertex 17.4784 0.658815 0.659479
      vertex 17.4625 1.14455 0
      vertex 17.475 0.762937 0.702916
    endloop
  endfacet
  facet normal 0.999462 0.032806 6.61003e-05
    outer loop
      vertex 17.4819 0.552258 0.623099
      vertex 17.4625 1.14455 0
      vertex 17.4784 0.658815 0.659479
    endloop
  endfacet
  facet normal 0.999453 0.0330735 0.000320584
    outer loop
      vertex 17.4855 0.443752 0.593895
      vertex 17.4625 1.14455 0
      vertex 17.4819 0.552258 0.623099
    endloop
  endfacet
  facet normal 0.999464 0.0327303 -5.37e-05
    outer loop
      vertex 17.5 0 0
      vertex 17.4855 0.443752 0.593895
      vertex 17.4891 0.333785 0.571948
    endloop
  endfacet
  facet normal 0.999474 0.0324161 0.000129856
    outer loop
      vertex 17.5 0 0
      vertex 17.4891 0.333785 0.571948
      vertex 17.4927 0.222846 0.557311
    endloop
  endfacet
  facet normal 0.999449 0.0332009 -0.000184288
    outer loop
      vertex 17.5 0 0
      vertex 17.4927 0.222846 0.557311
      vertex 17.4964 0.111424 0.55
    endloop
  endfacet
  facet normal 0.999478 0.0322922 -0
    outer loop
      vertex 17.5 0 0
      vertex 17.4964 0.111424 0.55
      vertex 17.5 0 0.55
    endloop
  endfacet
  facet normal 0.999464 0.0327464 -6.57617e-05
    outer loop
      vertex 17.4855 0.443752 0.593895
      vertex 17.5 0 0
      vertex 17.4625 1.14455 0
    endloop
  endfacet
  facet normal 0.999465 0.0327102 0
    outer loop
      vertex 17.4625 1.14455 4.5
      vertex 17.4654 1.05594 3.62613
      vertex 17.4625 1.14455 3.55715
    endloop
  endfacet
  facet normal 0.999457 0.0329529 -2.4641e-05
    outer loop
      vertex 17.4625 1.14455 4.5
      vertex 17.4685 0.961965 3.68968
      vertex 17.4654 1.05594 3.62613
    endloop
  endfacet
  facet normal 0.999465 0.0327126 2.95768e-05
    outer loop
      vertex 17.4625 1.14455 4.5
      vertex 17.4717 0.864144 3.74674
      vertex 17.4685 0.961965 3.68968
    endloop
  endfacet
  facet normal 0.999468 0.0326208 6.37685e-05
    outer loop
      vertex 17.4625 1.14455 4.5
      vertex 17.475 0.762937 3.79708
      vertex 17.4717 0.864144 3.74674
    endloop
  endfacet
  facet normal 0.999467 0.0326554 4.49905e-05
    outer loop
      vertex 17.4625 1.14455 4.5
      vertex 17.4784 0.658815 3.84052
      vertex 17.475 0.762937 3.79708
    endloop
  endfacet
  facet normal 0.999462 0.032806 -6.61002e-05
    outer loop
      vertex 17.4625 1.14455 4.5
      vertex 17.4819 0.552258 3.8769
      vertex 17.4784 0.658815 3.84052
    endloop
  endfacet
  facet normal 0.999453 0.0330734 -0.00032057
    outer loop
      vertex 17.4625 1.14455 4.5
      vertex 17.4855 0.443752 3.90611
      vertex 17.4819 0.552258 3.8769
    endloop
  endfacet
  facet normal 0.999464 0.0327464 6.57622e-05
    outer loop
      vertex 17.5 0 4.5
      vertex 17.4855 0.443752 3.90611
      vertex 17.4625 1.14455 4.5
    endloop
  endfacet
  facet normal 0.999464 0.0327303 5.36975e-05
    outer loop
      vertex 17.4855 0.443752 3.90611
      vertex 17.5 0 4.5
      vertex 17.4891 0.333785 3.92805
    endloop
  endfacet
  facet normal 0.999474 0.0324161 -0.000129858
    outer loop
      vertex 17.4891 0.333785 3.92805
      vertex 17.5 0 4.5
      vertex 17.4927 0.222846 3.94269
    endloop
  endfacet
  facet normal 0.999449 0.0332009 0.000184288
    outer loop
      vertex 17.4927 0.222846 3.94269
      vertex 17.5 0 4.5
      vertex 17.4964 0.111424 3.95
    endloop
  endfacet
  facet normal 0.999478 0.0322922 0
    outer loop
      vertex 17.4964 0.111424 3.95
      vertex 17.5 0 4.5
      vertex 17.5 0 3.95
    endloop
  endfacet
  facet normal -0.999465 0.0327102 0
    outer loop
      vertex -17.4625 1.14455 0
      vertex -17.4654 1.05594 0.873875
      vertex -17.4625 1.14455 0.94285
    endloop
  endfacet
  facet normal -0.999457 0.0329529 2.46407e-05
    outer loop
      vertex -17.4625 1.14455 0
      vertex -17.4685 0.961965 0.810318
      vertex -17.4654 1.05594 0.873875
    endloop
  endfacet
  facet normal -0.999465 0.0327126 -2.95768e-05
    outer loop
      vertex -17.4625 1.14455 0
      vertex -17.4717 0.864144 0.753258
      vertex -17.4685 0.961965 0.810318
    endloop
  endfacet
  facet normal -0.999468 0.0326208 -6.37682e-05
    outer loop
      vertex -17.4625 1.14455 0
      vertex -17.475 0.762937 0.702916
      vertex -17.4717 0.864144 0.753258
    endloop
  endfacet
  facet normal -0.999467 0.0326554 -4.49912e-05
    outer loop
      vertex -17.4625 1.14455 0
      vertex -17.4784 0.658815 0.659479
      vertex -17.475 0.762937 0.702916
    endloop
  endfacet
  facet normal -0.999462 0.032806 6.61003e-05
    outer loop
      vertex -17.4625 1.14455 0
      vertex -17.4819 0.552258 0.623099
      vertex -17.4784 0.658815 0.659479
    endloop
  endfacet
  facet normal -0.999453 0.0330735 0.000320584
    outer loop
      vertex -17.4625 1.14455 0
      vertex -17.4855 0.443752 0.593895
      vertex -17.4819 0.552258 0.623099
    endloop
  endfacet
  facet normal -0.999464 0.0327464 -6.57617e-05
    outer loop
      vertex -17.5 0 0
      vertex -17.4855 0.443752 0.593895
      vertex -17.4625 1.14455 0
    endloop
  endfacet
  facet normal -0.999464 0.0327303 -5.37e-05
    outer loop
      vertex -17.4855 0.443752 0.593895
      vertex -17.5 0 0
      vertex -17.4891 0.333785 0.571948
    endloop
  endfacet
  facet normal -0.999474 0.0324161 0.000129856
    outer loop
      vertex -17.4891 0.333785 0.571948
      vertex -17.5 0 0
      vertex -17.4927 0.222846 0.557311
    endloop
  endfacet
  facet normal -0.999449 0.0332009 -0.000184288
    outer loop
      vertex -17.4927 0.222846 0.557311
      vertex -17.5 0 0
      vertex -17.4964 0.111424 0.55
    endloop
  endfacet
  facet normal -0.999478 0.0322922 0
    outer loop
      vertex -17.4964 0.111424 0.55
      vertex -17.5 0 0
      vertex -17.5 0 0.55
    endloop
  endfacet
  facet normal -0.999465 0.0327102 0
    outer loop
      vertex -17.4654 1.05594 3.62613
      vertex -17.4625 1.14455 4.5
      vertex -17.4625 1.14455 3.55715
    endloop
  endfacet
  facet normal -0.999457 0.0329529 -2.4641e-05
    outer loop
      vertex -17.4685 0.961965 3.68968
      vertex -17.4625 1.14455 4.5
      vertex -17.4654 1.05594 3.62613
    endloop
  endfacet
  facet normal -0.999465 0.0327126 2.95768e-05
    outer loop
      vertex -17.4717 0.864144 3.74674
      vertex -17.4625 1.14455 4.5
      vertex -17.4685 0.961965 3.68968
    endloop
  endfacet
  facet normal -0.999468 0.0326208 6.37685e-05
    outer loop
      vertex -17.475 0.762937 3.79708
      vertex -17.4625 1.14455 4.5
      vertex -17.4717 0.864144 3.74674
    endloop
  endfacet
  facet normal -0.999467 0.0326554 4.49905e-05
    outer loop
      vertex -17.4784 0.658815 3.84052
      vertex -17.4625 1.14455 4.5
      vertex -17.475 0.762937 3.79708
    endloop
  endfacet
  facet normal -0.999462 0.032806 -6.61002e-05
    outer loop
      vertex -17.4819 0.552258 3.8769
      vertex -17.4625 1.14455 4.5
      vertex -17.4784 0.658815 3.84052
    endloop
  endfacet
  facet normal -0.999453 0.0330734 -0.00032057
    outer loop
      vertex -17.4855 0.443752 3.90611
      vertex -17.4625 1.14455 4.5
      vertex -17.4819 0.552258 3.8769
    endloop
  endfacet
  facet normal -0.999464 0.0327303 5.36975e-05
    outer loop
      vertex -17.5 0 4.5
      vertex -17.4855 0.443752 3.90611
      vertex -17.4891 0.333785 3.92805
    endloop
  endfacet
  facet normal -0.999474 0.0324161 -0.000129858
    outer loop
      vertex -17.5 0 4.5
      vertex -17.4891 0.333785 3.92805
      vertex -17.4927 0.222846 3.94269
    endloop
  endfacet
  facet normal -0.999449 0.0332009 0.000184288
    outer loop
      vertex -17.5 0 4.5
      vertex -17.4927 0.222846 3.94269
      vertex -17.4964 0.111424 3.95
    endloop
  endfacet
  facet normal -0.999478 0.0322922 0
    outer loop
      vertex -17.5 0 4.5
      vertex -17.4964 0.111424 3.95
      vertex -17.5 0 3.95
    endloop
  endfacet
  facet normal -0.999464 0.0327464 6.57622e-05
    outer loop
      vertex -17.4855 0.443752 3.90611
      vertex -17.5 0 4.5
      vertex -17.4625 1.14455 4.5
    endloop
  endfacet
  facet normal 0.0327464 0.999464 -0
    outer loop
      vertex 1.14455 17.4625 0
      vertex 0 17.5 4.5
      vertex 1.14455 17.4625 4.5
    endloop
  endfacet
  facet normal 0.0327464 0.999464 0
    outer loop
      vertex 0 17.5 4.5
      vertex 1.14455 17.4625 0
      vertex 0 17.5 0
    endloop
  endfacet
  facet normal -0.0327464 -0.999464 0
    outer loop
      vertex -1.14455 -17.4625 0
      vertex 0 -17.5 4.5
      vertex -1.14455 -17.4625 4.5
    endloop
  endfacet
  facet normal -0.0327464 -0.999464 -0
    outer loop
      vertex 0 -17.5 4.5
      vertex -1.14455 -17.4625 0
      vertex 0 -17.5 0
    endloop
  endfacet
  facet normal 0.729869 0.683587 0
    outer loop
      vertex 13.1572 11.5386 4.5
      vertex 12.3744 12.3744 0
      vertex 12.3744 12.3744 4.5
    endloop
  endfacet
  facet normal 0.729869 0.683587 0
    outer loop
      vertex 12.3744 12.3744 0
      vertex 13.1572 11.5386 4.5
      vertex 13.1572 11.5386 0
    endloop
  endfacet
  facet normal -0.683587 0.729869 0
    outer loop
      vertex -11.5386 13.1572 0
      vertex -12.3744 12.3744 4.5
      vertex -11.5386 13.1572 4.5
    endloop
  endfacet
  facet normal -0.683587 0.729869 0
    outer loop
      vertex -12.3744 12.3744 4.5
      vertex -11.5386 13.1572 0
      vertex -12.3744 12.3744 0
    endloop
  endfacet
  facet normal -0.973885 -0.227043 0
    outer loop
      vertex -16.9037 -4.52933 0
      vertex -17.1637 -3.41408 4.5
      vertex -17.1637 -3.41408 0
    endloop
  endfacet
  facet normal -0.973885 -0.227043 0
    outer loop
      vertex -17.1637 -3.41408 4.5
      vertex -16.9037 -4.52933 0
      vertex -16.9037 -4.52933 4.5
    endloop
  endfacet
  facet normal 0.935902 0.352261 0
    outer loop
      vertex 16.5713 5.62519 4.5
      vertex 16.1679 6.69696 0
      vertex 16.1679 6.69696 4.5
    endloop
  endfacet
  facet normal 0.935902 0.352261 0
    outer loop
      vertex 16.1679 6.69696 0
      vertex 16.5713 5.62519 4.5
      vertex 16.5713 5.62519 0
    endloop
  endfacet
  facet normal 0.773031 0.634369 0
    outer loop
      vertex 13.8837 10.6533 4.5
      vertex 13.1572 11.5386 0
      vertex 13.1572 11.5386 4.5
    endloop
  endfacet
  facet normal 0.773031 0.634369 0
    outer loop
      vertex 13.1572 11.5386 0
      vertex 13.8837 10.6533 4.5
      vertex 13.8837 10.6533 0
    endloop
  endfacet
  facet normal -0.849213 0.528051 0
    outer loop
      vertex -15.1554 8.75 0
      vertex -14.5507 9.72248 4.5
      vertex -14.5507 9.72248 0
    endloop
  endfacet
  facet normal -0.849213 0.528051 0
    outer loop
      vertex -14.5507 9.72248 4.5
      vertex -15.1554 8.75 0
      vertex -15.1554 8.75 4.5
    endloop
  endfacet
  facet normal -0.812853 0.582468 0
    outer loop
      vertex -14.5507 9.72248 0
      vertex -13.8837 10.6533 4.5
      vertex -13.8837 10.6533 0
    endloop
  endfacet
  facet normal -0.812853 0.582468 0
    outer loop
      vertex -13.8837 10.6533 4.5
      vertex -14.5507 9.72248 0
      vertex -14.5507 9.72248 4.5
    endloop
  endfacet
  facet normal -0.0979767 0.995189 0
    outer loop
      vertex -1.14455 17.4625 0
      vertex -2.28421 17.3503 4.5
      vertex -1.14455 17.4625 4.5
    endloop
  endfacet
  facet normal -0.0979767 0.995189 0
    outer loop
      vertex -2.28421 17.3503 4.5
      vertex -1.14455 17.4625 0
      vertex -2.28421 17.3503 0
    endloop
  endfacet
  facet normal 0.849213 -0.528051 0
    outer loop
      vertex 14.5507 -9.72248 4.5
      vertex 15.1554 -8.75 0
      vertex 15.1554 -8.75 4.5
    endloop
  endfacet
  facet normal 0.849213 -0.528051 0
    outer loop
      vertex 15.1554 -8.75 0
      vertex 14.5507 -9.72248 4.5
      vertex 14.5507 -9.72248 0
    endloop
  endfacet
  facet normal 0.227043 -0.973885 0
    outer loop
      vertex 3.41408 -17.1637 0
      vertex 4.52933 -16.9037 4.5
      vertex 3.41408 -17.1637 4.5
    endloop
  endfacet
  facet normal 0.227043 -0.973885 0
    outer loop
      vertex 4.52933 -16.9037 4.5
      vertex 3.41408 -17.1637 0
      vertex 4.52933 -16.9037 0
    endloop
  endfacet
  facet normal 0.634369 -0.773031 0
    outer loop
      vertex 10.6533 -13.8837 0
      vertex 11.5386 -13.1572 4.5
      vertex 10.6533 -13.8837 4.5
    endloop
  endfacet
  facet normal 0.634369 -0.773031 0
    outer loop
      vertex 11.5386 -13.1572 4.5
      vertex 10.6533 -13.8837 0
      vertex 11.5386 -13.1572 0
    endloop
  endfacet
  facet normal -0.352261 -0.935902 0
    outer loop
      vertex -6.69696 -16.1679 0
      vertex -5.62519 -16.5713 4.5
      vertex -6.69696 -16.1679 4.5
    endloop
  endfacet
  facet normal -0.352261 -0.935902 -0
    outer loop
      vertex -5.62519 -16.5713 4.5
      vertex -6.69696 -16.1679 0
      vertex -5.62519 -16.5713 0
    endloop
  endfacet
  facet normal -0.773031 -0.634369 0
    outer loop
      vertex -13.1572 -11.5386 0
      vertex -13.8837 -10.6533 4.5
      vertex -13.8837 -10.6533 0
    endloop
  endfacet
  facet normal -0.773031 -0.634369 0
    outer loop
      vertex -13.8837 -10.6533 4.5
      vertex -13.1572 -11.5386 0
      vertex -13.1572 -11.5386 4.5
    endloop
  endfacet
  facet normal -0.812853 -0.582468 0
    outer loop
      vertex -13.8837 -10.6533 0
      vertex -14.5507 -9.72248 4.5
      vertex -14.5507 -9.72248 0
    endloop
  endfacet
  facet normal -0.812853 -0.582468 0
    outer loop
      vertex -14.5507 -9.72248 4.5
      vertex -13.8837 -10.6533 0
      vertex -13.8837 -10.6533 4.5
    endloop
  endfacet
  facet normal -0.986635 -0.162945 0
    outer loop
      vertex -17.1637 -3.41408 0
      vertex -17.3503 -2.28421 4.5
      vertex -17.3503 -2.28421 0
    endloop
  endfacet
  facet normal -0.986635 -0.162945 0
    outer loop
      vertex -17.3503 -2.28421 4.5
      vertex -17.1637 -3.41408 0
      vertex -17.1637 -3.41408 4.5
    endloop
  endfacet
  facet normal 0 0 -1
    outer loop
      vertex 13.5 0 0
      vertex 17.5 0 0
      vertex 17.4625 -1.14455 0
    endloop
  endfacet
  facet normal 0 0 -1
    outer loop
      vertex 13.4711 -0.882942 0
      vertex 17.4625 -1.14455 0
      vertex 17.3503 -2.28421 0
    endloop
  endfacet
  facet normal 0 0 -1
    outer loop
      vertex 17.5 0 0
      vertex 13.5 0 0
      vertex 17.4625 1.14455 0
    endloop
  endfacet
  facet normal 0 0 -1
    outer loop
      vertex 13.3845 -1.7621 0
      vertex 17.3503 -2.28421 0
      vertex 17.1637 -3.41408 0
    endloop
  endfacet
  facet normal 0 0 -1
    outer loop
      vertex 13.4711 0.882942 0
      vertex 17.4625 1.14455 0
      vertex 13.5 0 0
    endloop
  endfacet
  facet normal 0 0 -1
    outer loop
      vertex 13.2406 -2.63372 0
      vertex 17.1637 -3.41408 0
      vertex 16.9037 -4.52933 0
    endloop
  endfacet
  facet normal -0 0 -1
    outer loop
      vertex 17.4625 1.14455 0
      vertex 13.4711 0.882942 0
      vertex 17.3503 2.28421 0
    endloop
  endfacet
  facet normal 0 0 -1
    outer loop
      vertex 13.04 -3.49406 0
      vertex 16.9037 -4.52933 0
      vertex 16.5713 -5.62519 0
    endloop
  endfacet
  facet normal 0 0 -1
    outer loop
      vertex 13.3845 1.7621 0
      vertex 17.3503 2.28421 0
      vertex 13.4711 0.882942 0
    endloop
  endfacet
  facet normal 0 0 -1
    outer loop
      vertex 12.7836 -4.33943 0
      vertex 16.5713 -5.62519 0
      vertex 16.1679 -6.69696 0
    endloop
  endfacet
  facet normal -0 0 -1
    outer loop
      vertex 17.3503 2.28421 0
      vertex 13.3845 1.7621 0
      vertex 17.1637 3.41408 0
    endloop
  endfacet
  facet normal 0 0 -1
    outer loop
      vertex 12.4724 -5.16623 0
      vertex 16.1679 -6.69696 0
      vertex 15.6953 -7.74005 0
    endloop
  endfacet
  facet normal 0 0 -1
    outer loop
      vertex 13.2406 2.63372 0
      vertex 17.1637 3.41408 0
      vertex 13.3845 1.7621 0
    endloop
  endfacet
  facet normal 0 0 -1
    outer loop
      vertex 12.1078 -5.9709 0
      vertex 15.6953 -7.74005 0
      vertex 15.1554 -8.75 0
    endloop
  endfacet
  facet normal -0 0 -1
    outer loop
      vertex 17.1637 3.41408 0
      vertex 13.2406 2.63372 0
      vertex 16.9037 4.52933 0
    endloop
  endfacet
  facet normal 0 0 -1
    outer loop
      vertex 11.6913 -6.75 0
      vertex 15.1554 -8.75 0
      vertex 14.5507 -9.72248 0
    endloop
  endfacet
  facet normal 0 0 -1
    outer loop
      vertex 13.04 3.49406 0
      vertex 16.9037 4.52933 0
      vertex 13.2406 2.63372 0
    endloop
  endfacet
  facet normal 0 0 -1
    outer loop
      vertex 11.2248 -7.5002 0
      vertex 14.5507 -9.72248 0
      vertex 13.8837 -10.6533 0
    endloop
  endfacet
  facet normal -0 0 -1
    outer loop
      vertex 16.9037 4.52933 0
      vertex 13.04 3.49406 0
      vertex 16.5713 5.62519 0
    endloop
  endfacet
  facet normal 0 0 -1
    outer loop
      vertex 12.7836 4.33943 0
      vertex 16.5713 5.62519 0
      vertex 13.04 3.49406 0
    endloop
  endfacet
  facet normal 0 0 -1
    outer loop
      vertex 17.4625 -1.14455 0
      vertex 13.4711 -0.882942 0
      vertex 13.5 0 0
    endloop
  endfacet
  facet normal 0 0 -1
    outer loop
      vertex 17.3503 -2.28421 0
      vertex 13.3845 -1.7621 0
      vertex 13.4711 -0.882942 0
    endloop
  endfacet
  facet normal 0 0 -1
    outer loop
      vertex 17.1637 -3.41408 0
      vertex 13.2406 -2.63372 0
      vertex 13.3845 -1.7621 0
    endloop
  endfacet
  facet normal 0 0 -1
    outer loop
      vertex 10.7103 -8.21828 0
      vertex 13.8837 -10.6533 0
      vertex 13.1572 -11.5386 0
    endloop
  endfacet
  facet normal 0 0 -1
    outer loop
      vertex 16.9037 -4.52933 0
      vertex 13.04 -3.49406 0
      vertex 13.2406 -2.63372 0
    endloop
  endfacet
  facet normal 0 0 -1
    outer loop
      vertex 16.5713 -5.62519 0
      vertex 12.7836 -4.33943 0
      vertex 13.04 -3.49406 0
    endloop
  endfacet
  facet normal 0 0 -1
    outer loop
      vertex 16.1679 -6.69696 0
      vertex 12.4724 -5.16623 0
      vertex 12.7836 -4.33943 0
    endloop
  endfacet
  facet normal 0 0 -1
    outer loop
      vertex 10.1498 -8.90117 0
      vertex 13.1572 -11.5386 0
      vertex 12.3744 -12.3744 0
    endloop
  endfacet
  facet normal 0 0 -1
    outer loop
      vertex 15.6953 -7.74005 0
      vertex 12.1078 -5.9709 0
      vertex 12.4724 -5.16623 0
    endloop
  endfacet
  facet normal 0 0 -1
    outer loop
      vertex 15.1554 -8.75 0
      vertex 11.6913 -6.75 0
      vertex 12.1078 -5.9709 0
    endloop
  endfacet
  facet normal 0 0 -1
    outer loop
      vertex 9.54594 -9.54594 0
      vertex 12.3744 -12.3744 0
      vertex 11.5386 -13.1572 0
    endloop
  endfacet
  facet normal 0 0 -1
    outer loop
      vertex 14.5507 -9.72248 0
      vertex 11.2248 -7.5002 0
      vertex 11.6913 -6.75 0
    endloop
  endfacet
  facet normal 0 0 -1
    outer loop
      vertex 13.8837 -10.6533 0
      vertex 10.7103 -8.21828 0
      vertex 11.2248 -7.5002 0
    endloop
  endfacet
  facet normal 0 0 -1
    outer loop
      vertex 8.90117 -10.1498 0
      vertex 11.5386 -13.1572 0
      vertex 10.6533 -13.8837 0
    endloop
  endfacet
  facet normal 0 0 -1
    outer loop
      vertex 13.1572 -11.5386 0
      vertex 10.1498 -8.90117 0
      vertex 10.7103 -8.21828 0
    endloop
  endfacet
  facet normal 0 0 -1
    outer loop
      vertex 8.21828 -10.7103 0
      vertex 10.6533 -13.8837 0
      vertex 9.72248 -14.5507 0
    endloop
  endfacet
  facet normal 0 0 -1
    outer loop
      vertex 12.3744 -12.3744 0
      vertex 9.54594 -9.54594 0
      vertex 10.1498 -8.90117 0
    endloop
  endfacet
  facet normal 0 0 -1
    outer loop
      vertex 11.5386 -13.1572 0
      vertex 8.90117 -10.1498 0
      vertex 9.54594 -9.54594 0
    endloop
  endfacet
  facet normal 0 0 -1
    outer loop
      vertex 7.5002 -11.2248 0
      vertex 9.72248 -14.5507 0
      vertex 8.75 -15.1554 0
    endloop
  endfacet
  facet normal 0 0 -1
    outer loop
      vertex 10.6533 -13.8837 0
      vertex 8.21828 -10.7103 0
      vertex 8.90117 -10.1498 0
    endloop
  endfacet
  facet normal 0 0 -1
    outer loop
      vertex 6.75 -11.6913 0
      vertex 8.75 -15.1554 0
      vertex 7.74005 -15.6953 0
    endloop
  endfacet
  facet normal 0 0 -1
    outer loop
      vertex 9.72248 -14.5507 0
      vertex 7.5002 -11.2248 0
      vertex 8.21828 -10.7103 0
    endloop
  endfacet
  facet normal 0 0 -1
    outer loop
      vertex 8.75 -15.1554 0
      vertex 6.75 -11.6913 0
      vertex 7.5002 -11.2248 0
    endloop
  endfacet
  facet normal 0 0 -1
    outer loop
      vertex 5.9709 -12.1078 0
      vertex 7.74005 -15.6953 0
      vertex 6.69696 -16.1679 0
    endloop
  endfacet
  facet normal 0 0 -1
    outer loop
      vertex 7.74005 -15.6953 0
      vertex 5.9709 -12.1078 0
      vertex 6.75 -11.6913 0
    endloop
  endfacet
  facet normal 0 0 -1
    outer loop
      vertex 5.16623 -12.4724 0
      vertex 6.69696 -16.1679 0
      vertex 5.62519 -16.5713 0
    endloop
  endfacet
  facet normal 0 0 -1
    outer loop
      vertex 6.69696 -16.1679 0
      vertex 5.16623 -12.4724 0
      vertex 5.9709 -12.1078 0
    endloop
  endfacet
  facet normal 0 0 -1
    outer loop
      vertex 4.33943 -12.7836 0
      vertex 5.62519 -16.5713 0
      vertex 4.52933 -16.9037 0
    endloop
  endfacet
  facet normal 0 0 -1
    outer loop
      vertex 5.62519 -16.5713 0
      vertex 4.33943 -12.7836 0
      vertex 5.16623 -12.4724 0
    endloop
  endfacet
  facet normal 0 0 -1
    outer loop
      vertex 4.52933 -16.9037 0
      vertex 3.49406 -13.04 0
      vertex 4.33943 -12.7836 0
    endloop
  endfacet
  facet normal 0 0 -1
    outer loop
      vertex 3.41408 -17.1637 0
      vertex 3.49406 -13.04 0
      vertex 4.52933 -16.9037 0
    endloop
  endfacet
  facet normal 0 0 -1
    outer loop
      vertex 3.41408 -17.1637 0
      vertex 2.63372 -13.2406 0
      vertex 3.49406 -13.04 0
    endloop
  endfacet
  facet normal 0 0 -1
    outer loop
      vertex 2.28421 -17.3503 0
      vertex 2.63372 -13.2406 0
      vertex 3.41408 -17.1637 0
    endloop
  endfacet
  facet normal 0 0 -1
    outer loop
      vertex 2.28421 -17.3503 0
      vertex 1.7621 -13.3845 0
      vertex 2.63372 -13.2406 0
    endloop
  endfacet
  facet normal 0 0 -1
    outer loop
      vertex 1.14455 -17.4625 0
      vertex 1.7621 -13.3845 0
      vertex 2.28421 -17.3503 0
    endloop
  endfacet
  facet normal 0 0 -1
    outer loop
      vertex 1.14455 -17.4625 0
      vertex 0.882942 -13.4711 0
      vertex 1.7621 -13.3845 0
    endloop
  endfacet
  facet normal 0 0 -1
    outer loop
      vertex 0 -17.5 0
      vertex 0.882942 -13.4711 0
      vertex 1.14455 -17.4625 0
    endloop
  endfacet
  facet normal 0 0 -1
    outer loop
      vertex 0 -17.5 0
      vertex 0 -13.5 0
      vertex 0.882942 -13.4711 0
    endloop
  endfacet
  facet normal 0 0 -1
    outer loop
      vertex 0 -17.5 0
      vertex -0.882942 -13.4711 0
      vertex 0 -13.5 0
    endloop
  endfacet
  facet normal 0 0 -1
    outer loop
      vertex -1.14455 -17.4625 0
      vertex -0.882942 -13.4711 0
      vertex 0 -17.5 0
    endloop
  endfacet
  facet normal 0 0 -1
    outer loop
      vertex -1.14455 -17.4625 0
      vertex -1.7621 -13.3845 0
      vertex -0.882942 -13.4711 0
    endloop
  endfacet
  facet normal 0 0 -1
    outer loop
      vertex -2.28421 -17.3503 0
      vertex -1.7621 -13.3845 0
      vertex -1.14455 -17.4625 0
    endloop
  endfacet
  facet normal 0 0 -1
    outer loop
      vertex -2.28421 -17.3503 0
      vertex -2.63372 -13.2406 0
      vertex -1.7621 -13.3845 0
    endloop
  endfacet
  facet normal 0 0 -1
    outer loop
      vertex -3.41408 -17.1637 0
      vertex -2.63372 -13.2406 0
      vertex -2.28421 -17.3503 0
    endloop
  endfacet
  facet normal 0 0 -1
    outer loop
      vertex -3.41408 -17.1637 0
      vertex -3.49406 -13.04 0
      vertex -2.63372 -13.2406 0
    endloop
  endfacet
  facet normal 0 0 -1
    outer loop
      vertex -4.52933 -16.9037 0
      vertex -3.49406 -13.04 0
      vertex -3.41408 -17.1637 0
    endloop
  endfacet
  facet normal -0 0 -1
    outer loop
      vertex -3.49406 -13.04 0
      vertex -4.52933 -16.9037 0
      vertex -4.33943 -12.7836 0
    endloop
  endfacet
  facet normal 0 0 -1
    outer loop
      vertex -5.62519 -16.5713 0
      vertex -4.33943 -12.7836 0
      vertex -4.52933 -16.9037 0
    endloop
  endfacet
  facet normal -0 0 -1
    outer loop
      vertex -4.33943 -12.7836 0
      vertex -5.62519 -16.5713 0
      vertex -5.16623 -12.4724 0
    endloop
  endfacet
  facet normal 0 0 -1
    outer loop
      vertex -6.69696 -16.1679 0
      vertex -5.16623 -12.4724 0
      vertex -5.62519 -16.5713 0
    endloop
  endfacet
  facet normal -0 0 -1
    outer loop
      vertex -5.16623 -12.4724 0
      vertex -6.69696 -16.1679 0
      vertex -5.9709 -12.1078 0
    endloop
  endfacet
  facet normal 0 0 -1
    outer loop
      vertex -7.74005 -15.6953 0
      vertex -5.9709 -12.1078 0
      vertex -6.69696 -16.1679 0
    endloop
  endfacet
  facet normal -0 0 -1
    outer loop
      vertex -5.9709 -12.1078 0
      vertex -7.74005 -15.6953 0
      vertex -6.75 -11.6913 0
    endloop
  endfacet
  facet normal 0 0 -1
    outer loop
      vertex -8.75 -15.1554 0
      vertex -6.75 -11.6913 0
      vertex -7.74005 -15.6953 0
    endloop
  endfacet
  facet normal -0 0 -1
    outer loop
      vertex -6.75 -11.6913 0
      vertex -8.75 -15.1554 0
      vertex -7.5002 -11.2248 0
    endloop
  endfacet
  facet normal 0 0 -1
    outer loop
      vertex -9.72248 -14.5507 0
      vertex -7.5002 -11.2248 0
      vertex -8.75 -15.1554 0
    endloop
  endfacet
  facet normal -0 0 -1
    outer loop
      vertex -7.5002 -11.2248 0
      vertex -9.72248 -14.5507 0
      vertex -8.21828 -10.7103 0
    endloop
  endfacet
  facet normal 0 0 -1
    outer loop
      vertex -10.6533 -13.8837 0
      vertex -8.21828 -10.7103 0
      vertex -9.72248 -14.5507 0
    endloop
  endfacet
  facet normal -0 0 -1
    outer loop
      vertex -8.21828 -10.7103 0
      vertex -10.6533 -13.8837 0
      vertex -8.90117 -10.1498 0
    endloop
  endfacet
  facet normal 0 0 -1
    outer loop
      vertex -11.5386 -13.1572 0
      vertex -8.90117 -10.1498 0
      vertex -10.6533 -13.8837 0
    endloop
  endfacet
  facet normal -0 0 -1
    outer loop
      vertex -8.90117 -10.1498 0
      vertex -11.5386 -13.1572 0
      vertex -9.54594 -9.54594 0
    endloop
  endfacet
  facet normal 0 0 -1
    outer loop
      vertex -12.3744 -12.3744 0
      vertex -9.54594 -9.54594 0
      vertex -11.5386 -13.1572 0
    endloop
  endfacet
  facet normal -0 0 -1
    outer loop
      vertex -9.54594 -9.54594 0
      vertex -12.3744 -12.3744 0
      vertex -10.1498 -8.90117 0
    endloop
  endfacet
  facet normal 0 0 -1
    outer loop
      vertex -13.1572 -11.5386 0
      vertex -10.1498 -8.90117 0
      vertex -12.3744 -12.3744 0
    endloop
  endfacet
  facet normal -0 0 -1
    outer loop
      vertex -10.1498 -8.90117 0
      vertex -13.1572 -11.5386 0
      vertex -10.7103 -8.21828 0
    endloop
  endfacet
  facet normal 0 0 -1
    outer loop
      vertex -13.8837 -10.6533 0
      vertex -10.7103 -8.21828 0
      vertex -13.1572 -11.5386 0
    endloop
  endfacet
  facet normal -0 0 -1
    outer loop
      vertex -10.7103 -8.21828 0
      vertex -13.8837 -10.6533 0
      vertex -11.2248 -7.5002 0
    endloop
  endfacet
  facet normal 0 0 -1
    outer loop
      vertex -14.5507 -9.72248 0
      vertex -11.2248 -7.5002 0
      vertex -13.8837 -10.6533 0
    endloop
  endfacet
  facet normal -0 0 -1
    outer loop
      vertex -11.2248 -7.5002 0
      vertex -14.5507 -9.72248 0
      vertex -11.6913 -6.75 0
    endloop
  endfacet
  facet normal 0 0 -1
    outer loop
      vertex -15.1554 -8.75 0
      vertex -11.6913 -6.75 0
      vertex -14.5507 -9.72248 0
    endloop
  endfacet
  facet normal -0 0 -1
    outer loop
      vertex -11.6913 -6.75 0
      vertex -15.1554 -8.75 0
      vertex -12.1078 -5.9709 0
    endloop
  endfacet
  facet normal 0 0 -1
    outer loop
      vertex -15.6953 -7.74005 0
      vertex -12.1078 -5.9709 0
      vertex -15.1554 -8.75 0
    endloop
  endfacet
  facet normal -0 0 -1
    outer loop
      vertex -12.1078 -5.9709 0
      vertex -15.6953 -7.74005 0
      vertex -12.4724 -5.16623 0
    endloop
  endfacet
  facet normal 0 0 -1
    outer loop
      vertex -16.1679 -6.69696 0
      vertex -12.4724 -5.16623 0
      vertex -15.6953 -7.74005 0
    endloop
  endfacet
  facet normal -0 0 -1
    outer loop
      vertex -12.4724 -5.16623 0
      vertex -16.1679 -6.69696 0
      vertex -12.7836 -4.33943 0
    endloop
  endfacet
  facet normal 0 0 -1
    outer loop
      vertex -16.5713 -5.62519 0
      vertex -12.7836 -4.33943 0
      vertex -16.1679 -6.69696 0
    endloop
  endfacet
  facet normal -0 0 -1
    outer loop
      vertex 16.5713 5.62519 0
      vertex 12.7836 4.33943 0
      vertex 16.1679 6.69696 0
    endloop
  endfacet
  facet normal 0 0 -1
    outer loop
      vertex 12.4724 5.16623 0
      vertex 16.1679 6.69696 0
      vertex 12.7836 4.33943 0
    endloop
  endfacet
  facet normal -0 0 -1
    outer loop
      vertex 16.1679 6.69696 0
      vertex 12.4724 5.16623 0
      vertex 15.6953 7.74005 0
    endloop
  endfacet
  facet normal 0 0 -1
    outer loop
      vertex 12.1078 5.9709 0
      vertex 15.6953 7.74005 0
      vertex 12.4724 5.16623 0
    endloop
  endfacet
  facet normal -0 0 -1
    outer loop
      vertex 15.6953 7.74005 0
      vertex 12.1078 5.9709 0
      vertex 15.1554 8.75 0
    endloop
  endfacet
  facet normal 0 0 -1
    outer loop
      vertex 11.6913 6.75 0
      vertex 15.1554 8.75 0
      vertex 12.1078 5.9709 0
    endloop
  endfacet
  facet normal -0 0 -1
    outer loop
      vertex 15.1554 8.75 0
      vertex 11.6913 6.75 0
      vertex 14.5507 9.72248 0
    endloop
  endfacet
  facet normal 0 0 -1
    outer loop
      vertex 11.2248 7.5002 0
      vertex 14.5507 9.72248 0
      vertex 11.6913 6.75 0
    endloop
  endfacet
  facet normal -0 0 -1
    outer loop
      vertex 14.5507 9.72248 0
      vertex 11.2248 7.5002 0
      vertex 13.8837 10.6533 0
    endloop
  endfacet
  facet normal 0 0 -1
    outer loop
      vertex 10.7103 8.21828 0
      vertex 13.8837 10.6533 0
      vertex 11.2248 7.5002 0
    endloop
  endfacet
  facet normal -0 0 -1
    outer loop
      vertex 13.8837 10.6533 0
      vertex 10.7103 8.21828 0
      vertex 13.1572 11.5386 0
    endloop
  endfacet
  facet normal 0 0 -1
    outer loop
      vertex 10.1498 8.90117 0
      vertex 13.1572 11.5386 0
      vertex 10.7103 8.21828 0
    endloop
  endfacet
  facet normal -0 0 -1
    outer loop
      vertex 13.1572 11.5386 0
      vertex 10.1498 8.90117 0
      vertex 12.3744 12.3744 0
    endloop
  endfacet
  facet normal 0 0 -1
    outer loop
      vertex 9.54594 9.54594 0
      vertex 12.3744 12.3744 0
      vertex 10.1498 8.90117 0
    endloop
  endfacet
  facet normal -0 0 -1
    outer loop
      vertex 12.3744 12.3744 0
      vertex 9.54594 9.54594 0
      vertex 11.5386 13.1572 0
    endloop
  endfacet
  facet normal 0 0 -1
    outer loop
      vertex 8.90117 10.1498 0
      vertex 11.5386 13.1572 0
      vertex 9.54594 9.54594 0
    endloop
  endfacet
  facet normal -0 0 -1
    outer loop
      vertex 11.5386 13.1572 0
      vertex 8.90117 10.1498 0
      vertex 10.6533 13.8837 0
    endloop
  endfacet
  facet normal 0 0 -1
    outer loop
      vertex 8.21828 10.7103 0
      vertex 10.6533 13.8837 0
      vertex 8.90117 10.1498 0
    endloop
  endfacet
  facet normal -0 0 -1
    outer loop
      vertex 10.6533 13.8837 0
      vertex 8.21828 10.7103 0
      vertex 9.72248 14.5507 0
    endloop
  endfacet
  facet normal 0 0 -1
    outer loop
      vertex 7.5002 11.2248 0
      vertex 9.72248 14.5507 0
      vertex 8.21828 10.7103 0
    endloop
  endfacet
  facet normal -0 0 -1
    outer loop
      vertex 9.72248 14.5507 0
      vertex 7.5002 11.2248 0
      vertex 8.75 15.1554 0
    endloop
  endfacet
  facet normal 0 0 -1
    outer loop
      vertex 6.75 11.6913 0
      vertex 8.75 15.1554 0
      vertex 7.5002 11.2248 0
    endloop
  endfacet
  facet normal -0 0 -1
    outer loop
      vertex 8.75 15.1554 0
      vertex 6.75 11.6913 0
      vertex 7.74005 15.6953 0
    endloop
  endfacet
  facet normal 0 0 -1
    outer loop
      vertex 5.9709 12.1078 0
      vertex 7.74005 15.6953 0
      vertex 6.75 11.6913 0
    endloop
  endfacet
  facet normal -0 0 -1
    outer loop
      vertex 7.74005 15.6953 0
      vertex 5.9709 12.1078 0
      vertex 6.69696 16.1679 0
    endloop
  endfacet
  facet normal 0 0 -1
    outer loop
      vertex 5.16623 12.4724 0
      vertex 6.69696 16.1679 0
      vertex 5.9709 12.1078 0
    endloop
  endfacet
  facet normal -0 0 -1
    outer loop
      vertex 6.69696 16.1679 0
      vertex 5.16623 12.4724 0
      vertex 5.62519 16.5713 0
    endloop
  endfacet
  facet normal 0 0 -1
    outer loop
      vertex 4.33943 12.7836 0
      vertex 5.62519 16.5713 0
      vertex 5.16623 12.4724 0
    endloop
  endfacet
  facet normal -0 0 -1
    outer loop
      vertex 5.62519 16.5713 0
      vertex 4.33943 12.7836 0
      vertex 4.52933 16.9037 0
    endloop
  endfacet
  facet normal 0 0 -1
    outer loop
      vertex 3.49406 13.04 0
      vertex 4.52933 16.9037 0
      vertex 4.33943 12.7836 0
    endloop
  endfacet
  facet normal 0 0 -1
    outer loop
      vertex 3.49406 13.04 0
      vertex 3.41408 17.1637 0
      vertex 4.52933 16.9037 0
    endloop
  endfacet
  facet normal 0 0 -1
    outer loop
      vertex 2.63372 13.2406 0
      vertex 3.41408 17.1637 0
      vertex 3.49406 13.04 0
    endloop
  endfacet
  facet normal 0 0 -1
    outer loop
      vertex 2.63372 13.2406 0
      vertex 2.28421 17.3503 0
      vertex 3.41408 17.1637 0
    endloop
  endfacet
  facet normal 0 0 -1
    outer loop
      vertex 1.7621 13.3845 0
      vertex 2.28421 17.3503 0
      vertex 2.63372 13.2406 0
    endloop
  endfacet
  facet normal 0 0 -1
    outer loop
      vertex 1.7621 13.3845 0
      vertex 1.14455 17.4625 0
      vertex 2.28421 17.3503 0
    endloop
  endfacet
  facet normal 0 0 -1
    outer loop
      vertex 0.882942 13.4711 0
      vertex 1.14455 17.4625 0
      vertex 1.7621 13.3845 0
    endloop
  endfacet
  facet normal 0 0 -1
    outer loop
      vertex 0 13.5 0
      vertex 1.14455 17.4625 0
      vertex 0.882942 13.4711 0
    endloop
  endfacet
  facet normal 0 0 -1
    outer loop
      vertex 0 13.5 0
      vertex 0 17.5 0
      vertex 1.14455 17.4625 0
    endloop
  endfacet
  facet normal 0 0 -1
    outer loop
      vertex -0.882942 13.4711 0
      vertex 0 17.5 0
      vertex 0 13.5 0
    endloop
  endfacet
  facet normal 0 0 -1
    outer loop
      vertex -0.882942 13.4711 0
      vertex -1.14455 17.4625 0
      vertex 0 17.5 0
    endloop
  endfacet
  facet normal 0 0 -1
    outer loop
      vertex -1.7621 13.3845 0
      vertex -1.14455 17.4625 0
      vertex -0.882942 13.4711 0
    endloop
  endfacet
  facet normal 0 0 -1
    outer loop
      vertex -1.7621 13.3845 0
      vertex -2.28421 17.3503 0
      vertex -1.14455 17.4625 0
    endloop
  endfacet
  facet normal 0 0 -1
    outer loop
      vertex -2.63372 13.2406 0
      vertex -2.28421 17.3503 0
      vertex -1.7621 13.3845 0
    endloop
  endfacet
  facet normal 0 0 -1
    outer loop
      vertex -2.63372 13.2406 0
      vertex -3.41408 17.1637 0
      vertex -2.28421 17.3503 0
    endloop
  endfacet
  facet normal 0 0 -1
    outer loop
      vertex -3.49406 13.04 0
      vertex -3.41408 17.1637 0
      vertex -2.63372 13.2406 0
    endloop
  endfacet
  facet normal 0 0 -1
    outer loop
      vertex -4.52933 16.9037 0
      vertex -3.49406 13.04 0
      vertex -4.33943 12.7836 0
    endloop
  endfacet
  facet normal 0 0 -1
    outer loop
      vertex -3.49406 13.04 0
      vertex -4.52933 16.9037 0
      vertex -3.41408 17.1637 0
    endloop
  endfacet
  facet normal 0 0 -1
    outer loop
      vertex -5.62519 16.5713 0
      vertex -4.33943 12.7836 0
      vertex -5.16623 12.4724 0
    endloop
  endfacet
  facet normal 0 0 -1
    outer loop
      vertex -4.33943 12.7836 0
      vertex -5.62519 16.5713 0
      vertex -4.52933 16.9037 0
    endloop
  endfacet
  facet normal 0 0 -1
    outer loop
      vertex -6.69696 16.1679 0
      vertex -5.16623 12.4724 0
      vertex -5.9709 12.1078 0
    endloop
  endfacet
  facet normal 0 0 -1
    outer loop
      vertex -5.16623 12.4724 0
      vertex -6.69696 16.1679 0
      vertex -5.62519 16.5713 0
    endloop
  endfacet
  facet normal 0 0 -1
    outer loop
      vertex -7.74005 15.6953 0
      vertex -5.9709 12.1078 0
      vertex -6.75 11.6913 0
    endloop
  endfacet
  facet normal 0 0 -1
    outer loop
      vertex -8.75 15.1554 0
      vertex -6.75 11.6913 0
      vertex -7.5002 11.2248 0
    endloop
  endfacet
  facet normal 0 0 -1
    outer loop
      vertex -5.9709 12.1078 0
      vertex -7.74005 15.6953 0
      vertex -6.69696 16.1679 0
    endloop
  endfacet
  facet normal 0 0 -1
    outer loop
      vertex -9.72248 14.5507 0
      vertex -7.5002 11.2248 0
      vertex -8.21828 10.7103 0
    endloop
  endfacet
  facet normal 0 0 -1
    outer loop
      vertex -6.75 11.6913 0
      vertex -8.75 15.1554 0
      vertex -7.74005 15.6953 0
    endloop
  endfacet
  facet normal 0 0 -1
    outer loop
      vertex -10.6533 13.8837 0
      vertex -8.21828 10.7103 0
      vertex -8.90117 10.1498 0
    endloop
  endfacet
  facet normal 0 0 -1
    outer loop
      vertex -11.5386 13.1572 0
      vertex -8.90117 10.1498 0
      vertex -9.54594 9.54594 0
    endloop
  endfacet
  facet normal 0 0 -1
    outer loop
      vertex -7.5002 11.2248 0
      vertex -9.72248 14.5507 0
      vertex -8.75 15.1554 0
    endloop
  endfacet
  facet normal 0 0 -1
    outer loop
      vertex -12.3744 12.3744 0
      vertex -9.54594 9.54594 0
      vertex -10.1498 8.90117 0
    endloop
  endfacet
  facet normal 0 0 -1
    outer loop
      vertex -8.21828 10.7103 0
      vertex -10.6533 13.8837 0
      vertex -9.72248 14.5507 0
    endloop
  endfacet
  facet normal 0 0 -1
    outer loop
      vertex -13.1572 11.5386 0
      vertex -10.1498 8.90117 0
      vertex -10.7103 8.21828 0
    endloop
  endfacet
  facet normal 0 0 -1
    outer loop
      vertex -13.8837 10.6533 0
      vertex -10.7103 8.21828 0
      vertex -11.2248 7.5002 0
    endloop
  endfacet
  facet normal 0 0 -1
    outer loop
      vertex -8.90117 10.1498 0
      vertex -11.5386 13.1572 0
      vertex -10.6533 13.8837 0
    endloop
  endfacet
  facet normal 0 0 -1
    outer loop
      vertex -14.5507 9.72248 0
      vertex -11.2248 7.5002 0
      vertex -11.6913 6.75 0
    endloop
  endfacet
  facet normal 0 0 -1
    outer loop
      vertex -15.1554 8.75 0
      vertex -11.6913 6.75 0
      vertex -12.1078 5.9709 0
    endloop
  endfacet
  facet normal 0 0 -1
    outer loop
      vertex -9.54594 9.54594 0
      vertex -12.3744 12.3744 0
      vertex -11.5386 13.1572 0
    endloop
  endfacet
  facet normal 0 0 -1
    outer loop
      vertex -15.6953 7.74005 0
      vertex -12.1078 5.9709 0
      vertex -12.4724 5.16623 0
    endloop
  endfacet
  facet normal 0 0 -1
    outer loop
      vertex -16.1679 6.69696 0
      vertex -12.4724 5.16623 0
      vertex -12.7836 4.33943 0
    endloop
  endfacet
  facet normal 0 0 -1
    outer loop
      vertex -16.5713 5.62519 0
      vertex -12.7836 4.33943 0
      vertex -13.04 3.49406 0
    endloop
  endfacet
  facet normal 0 0 -1
    outer loop
      vertex -10.1498 8.90117 0
      vertex -13.1572 11.5386 0
      vertex -12.3744 12.3744 0
    endloop
  endfacet
  facet normal 0 0 -1
    outer loop
      vertex -16.9037 4.52933 0
      vertex -13.04 3.49406 0
      vertex -13.2406 2.63372 0
    endloop
  endfacet
  facet normal 0 0 -1
    outer loop
      vertex -17.1637 3.41408 0
      vertex -13.2406 2.63372 0
      vertex -13.3845 1.7621 0
    endloop
  endfacet
  facet normal 0 0 -1
    outer loop
      vertex -17.3503 2.28421 0
      vertex -13.3845 1.7621 0
      vertex -13.4711 0.882942 0
    endloop
  endfacet
  facet normal 0 0 -1
    outer loop
      vertex -17.4625 1.14455 0
      vertex -13.4711 0.882942 0
      vertex -13.5 0 0
    endloop
  endfacet
  facet normal -0 0 -1
    outer loop
      vertex -12.7836 -4.33943 0
      vertex -16.5713 -5.62519 0
      vertex -13.04 -3.49406 0
    endloop
  endfacet
  facet normal 0 0 -1
    outer loop
      vertex -10.7103 8.21828 0
      vertex -13.8837 10.6533 0
      vertex -13.1572 11.5386 0
    endloop
  endfacet
  facet normal 0 0 -1
    outer loop
      vertex -16.9037 -4.52933 0
      vertex -13.04 -3.49406 0
      vertex -16.5713 -5.62519 0
    endloop
  endfacet
  facet normal 0 0 -1
    outer loop
      vertex -11.2248 7.5002 0
      vertex -14.5507 9.72248 0
      vertex -13.8837 10.6533 0
    endloop
  endfacet
  facet normal -0 0 -1
    outer loop
      vertex -13.04 -3.49406 0
      vertex -16.9037 -4.52933 0
      vertex -13.2406 -2.63372 0
    endloop
  endfacet
  facet normal 0 0 -1
    outer loop
      vertex -11.6913 6.75 0
      vertex -15.1554 8.75 0
      vertex -14.5507 9.72248 0
    endloop
  endfacet
  facet normal 0 0 -1
    outer loop
      vertex -17.1637 -3.41408 0
      vertex -13.2406 -2.63372 0
      vertex -16.9037 -4.52933 0
    endloop
  endfacet
  facet normal 0 0 -1
    outer loop
      vertex -12.1078 5.9709 0
      vertex -15.6953 7.74005 0
      vertex -15.1554 8.75 0
    endloop
  endfacet
  facet normal -0 0 -1
    outer loop
      vertex -13.2406 -2.63372 0
      vertex -17.1637 -3.41408 0
      vertex -13.3845 -1.7621 0
    endloop
  endfacet
  facet normal 0 0 -1
    outer loop
      vertex -12.4724 5.16623 0
      vertex -16.1679 6.69696 0
      vertex -15.6953 7.74005 0
    endloop
  endfacet
  facet normal 0 0 -1
    outer loop
      vertex -17.3503 -2.28421 0
      vertex -13.3845 -1.7621 0
      vertex -17.1637 -3.41408 0
    endloop
  endfacet
  facet normal 0 0 -1
    outer loop
      vertex -12.7836 4.33943 0
      vertex -16.5713 5.62519 0
      vertex -16.1679 6.69696 0
    endloop
  endfacet
  facet normal -0 0 -1
    outer loop
      vertex -13.3845 -1.7621 0
      vertex -17.3503 -2.28421 0
      vertex -13.4711 -0.882942 0
    endloop
  endfacet
  facet normal 0 0 -1
    outer loop
      vertex -13.04 3.49406 0
      vertex -16.9037 4.52933 0
      vertex -16.5713 5.62519 0
    endloop
  endfacet
  facet normal 0 0 -1
    outer loop
      vertex -17.4625 -1.14455 0
      vertex -13.4711 -0.882942 0
      vertex -17.3503 -2.28421 0
    endloop
  endfacet
  facet normal 0 0 -1
    outer loop
      vertex -13.2406 2.63372 0
      vertex -17.1637 3.41408 0
      vertex -16.9037 4.52933 0
    endloop
  endfacet
  facet normal -0 0 -1
    outer loop
      vertex -13.4711 -0.882942 0
      vertex -17.4625 -1.14455 0
      vertex -13.5 0 0
    endloop
  endfacet
  facet normal 0 0 -1
    outer loop
      vertex -13.3845 1.7621 0
      vertex -17.3503 2.28421 0
      vertex -17.1637 3.41408 0
    endloop
  endfacet
  facet normal 0 0 -1
    outer loop
      vertex -17.5 0 0
      vertex -13.5 0 0
      vertex -17.4625 -1.14455 0
    endloop
  endfacet
  facet normal 0 0 -1
    outer loop
      vertex -13.4711 0.882942 0
      vertex -17.4625 1.14455 0
      vertex -17.3503 2.28421 0
    endloop
  endfacet
  facet normal 0 0 -1
    outer loop
      vertex -13.5 0 0
      vertex -17.5 0 0
      vertex -17.4625 1.14455 0
    endloop
  endfacet
  facet normal 0.973885 0.227043 0
    outer loop
      vertex 17.1637 3.41408 4.5
      vertex 16.9037 4.52933 0
      vertex 16.9037 4.52933 4.5
    endloop
  endfacet
  facet normal 0.973885 0.227043 0
    outer loop
      vertex 16.9037 4.52933 0
      vertex 17.1637 3.41408 4.5
      vertex 17.1637 3.41408 0
    endloop
  endfacet
  facet normal 0.956947 0.290264 0
    outer loop
      vertex 16.9037 4.52933 4.5
      vertex 16.5713 5.62519 0
      vertex 16.5713 5.62519 4.5
    endloop
  endfacet
  facet normal 0.956947 0.290264 0
    outer loop
      vertex 16.5713 5.62519 0
      vertex 16.9037 4.52933 4.5
      vertex 16.9037 4.52933 0
    endloop
  endfacet
  facet normal 0.849213 0.528051 0
    outer loop
      vertex 15.1554 8.75 4.5
      vertex 14.5507 9.72248 0
      vertex 14.5507 9.72248 4.5
    endloop
  endfacet
  facet normal 0.849213 0.528051 0
    outer loop
      vertex 14.5507 9.72248 0
      vertex 15.1554 8.75 4.5
      vertex 15.1554 8.75 0
    endloop
  endfacet
  facet normal 0.227043 0.973885 -0
    outer loop
      vertex 4.52933 16.9037 0
      vertex 3.41408 17.1637 4.5
      vertex 4.52933 16.9037 4.5
    endloop
  endfacet
  facet normal 0.227043 0.973885 0
    outer loop
      vertex 3.41408 17.1637 4.5
      vertex 4.52933 16.9037 0
      vertex 3.41408 17.1637 0
    endloop
  endfacet
  facet normal 0.582468 0.812853 -0
    outer loop
      vertex 10.6533 13.8837 0
      vertex 9.72248 14.5507 4.5
      vertex 10.6533 13.8837 4.5
    endloop
  endfacet
  facet normal 0.582468 0.812853 0
    outer loop
      vertex 9.72248 14.5507 4.5
      vertex 10.6533 13.8837 0
      vertex 9.72248 14.5507 0
    endloop
  endfacet
  facet normal -0.973885 0.227043 0
    outer loop
      vertex -17.1637 3.41408 0
      vertex -16.9037 4.52933 4.5
      vertex -16.9037 4.52933 0
    endloop
  endfacet
  facet normal -0.973885 0.227043 0
    outer loop
      vertex -16.9037 4.52933 4.5
      vertex -17.1637 3.41408 0
      vertex -17.1637 3.41408 4.5
    endloop
  endfacet
  facet normal 0 0 1
    outer loop
      vertex 13.5 0 4.5
      vertex 17.5 0 4.5
      vertex 17.4625 1.14455 4.5
    endloop
  endfacet
  facet normal 0 0 1
    outer loop
      vertex 13.4711 0.882942 4.5
      vertex 17.4625 1.14455 4.5
      vertex 17.3503 2.28421 4.5
    endloop
  endfacet
  facet normal 0 0 1
    outer loop
      vertex 17.5 0 4.5
      vertex 13.5 0 4.5
      vertex 17.4625 -1.14455 4.5
    endloop
  endfacet
  facet normal 0 0 1
    outer loop
      vertex 13.3845 1.7621 4.5
      vertex 17.3503 2.28421 4.5
      vertex 17.1637 3.41408 4.5
    endloop
  endfacet
  facet normal -0 0 1
    outer loop
      vertex 13.4711 -0.882942 4.5
      vertex 17.4625 -1.14455 4.5
      vertex 13.5 0 4.5
    endloop
  endfacet
  facet normal 0 0 1
    outer loop
      vertex 13.2406 2.63372 4.5
      vertex 17.1637 3.41408 4.5
      vertex 16.9037 4.52933 4.5
    endloop
  endfacet
  facet normal 0 0 1
    outer loop
      vertex 17.4625 -1.14455 4.5
      vertex 13.4711 -0.882942 4.5
      vertex 17.3503 -2.28421 4.5
    endloop
  endfacet
  facet normal 0 0 1
    outer loop
      vertex 13.04 3.49406 4.5
      vertex 16.9037 4.52933 4.5
      vertex 16.5713 5.62519 4.5
    endloop
  endfacet
  facet normal -0 0 1
    outer loop
      vertex 13.3845 -1.7621 4.5
      vertex 17.3503 -2.28421 4.5
      vertex 13.4711 -0.882942 4.5
    endloop
  endfacet
  facet normal 0 0 1
    outer loop
      vertex 12.7836 4.33943 4.5
      vertex 16.5713 5.62519 4.5
      vertex 16.1679 6.69696 4.5
    endloop
  endfacet
  facet normal 0 0 1
    outer loop
      vertex 17.3503 -2.28421 4.5
      vertex 13.3845 -1.7621 4.5
      vertex 17.1637 -3.41408 4.5
    endloop
  endfacet
  facet normal 0 0 1
    outer loop
      vertex 12.4724 5.16623 4.5
      vertex 16.1679 6.69696 4.5
      vertex 15.6953 7.74005 4.5
    endloop
  endfacet
  facet normal -0 0 1
    outer loop
      vertex 13.2406 -2.63372 4.5
      vertex 17.1637 -3.41408 4.5
      vertex 13.3845 -1.7621 4.5
    endloop
  endfacet
  facet normal 0 0 1
    outer loop
      vertex 12.1078 5.9709 4.5
      vertex 15.6953 7.74005 4.5
      vertex 15.1554 8.75 4.5
    endloop
  endfacet
  facet normal 0 0 1
    outer loop
      vertex 17.1637 -3.41408 4.5
      vertex 13.2406 -2.63372 4.5
      vertex 16.9037 -4.52933 4.5
    endloop
  endfacet
  facet normal 0 0 1
    outer loop
      vertex 11.6913 6.75 4.5
      vertex 15.1554 8.75 4.5
      vertex 14.5507 9.72248 4.5
    endloop
  endfacet
  facet normal -0 0 1
    outer loop
      vertex 13.04 -3.49406 4.5
      vertex 16.9037 -4.52933 4.5
      vertex 13.2406 -2.63372 4.5
    endloop
  endfacet
  facet normal 0 0 1
    outer loop
      vertex 11.2248 7.5002 4.5
      vertex 14.5507 9.72248 4.5
      vertex 13.8837 10.6533 4.5
    endloop
  endfacet
  facet normal 0 0 1
    outer loop
      vertex 16.9037 -4.52933 4.5
      vertex 13.04 -3.49406 4.5
      vertex 16.5713 -5.62519 4.5
    endloop
  endfacet
  facet normal -0 0 1
    outer loop
      vertex 12.7836 -4.33943 4.5
      vertex 16.5713 -5.62519 4.5
      vertex 13.04 -3.49406 4.5
    endloop
  endfacet
  facet normal 0 0 1
    outer loop
      vertex 17.4625 1.14455 4.5
      vertex 13.4711 0.882942 4.5
      vertex 13.5 0 4.5
    endloop
  endfacet
  facet normal 0 0 1
    outer loop
      vertex 17.3503 2.28421 4.5
      vertex 13.3845 1.7621 4.5
      vertex 13.4711 0.882942 4.5
    endloop
  endfacet
  facet normal 0 0 1
    outer loop
      vertex 17.1637 3.41408 4.5
      vertex 13.2406 2.63372 4.5
      vertex 13.3845 1.7621 4.5
    endloop
  endfacet
  facet normal 0 0 1
    outer loop
      vertex 10.7103 8.21828 4.5
      vertex 13.8837 10.6533 4.5
      vertex 13.1572 11.5386 4.5
    endloop
  endfacet
  facet normal 0 0 1
    outer loop
      vertex 16.9037 4.52933 4.5
      vertex 13.04 3.49406 4.5
      vertex 13.2406 2.63372 4.5
    endloop
  endfacet
  facet normal 0 0 1
    outer loop
      vertex 16.5713 5.62519 4.5
      vertex 12.7836 4.33943 4.5
      vertex 13.04 3.49406 4.5
    endloop
  endfacet
  facet normal 0 0 1
    outer loop
      vertex 16.1679 6.69696 4.5
      vertex 12.4724 5.16623 4.5
      vertex 12.7836 4.33943 4.5
    endloop
  endfacet
  facet normal 0 0 1
    outer loop
      vertex 10.1498 8.90117 4.5
      vertex 13.1572 11.5386 4.5
      vertex 12.3744 12.3744 4.5
    endloop
  endfacet
  facet normal 0 0 1
    outer loop
      vertex 15.6953 7.74005 4.5
      vertex 12.1078 5.9709 4.5
      vertex 12.4724 5.16623 4.5
    endloop
  endfacet
  facet normal 0 0 1
    outer loop
      vertex 15.1554 8.75 4.5
      vertex 11.6913 6.75 4.5
      vertex 12.1078 5.9709 4.5
    endloop
  endfacet
  facet normal 0 0 1
    outer loop
      vertex 9.54594 9.54594 4.5
      vertex 12.3744 12.3744 4.5
      vertex 11.5386 13.1572 4.5
    endloop
  endfacet
  facet normal 0 0 1
    outer loop
      vertex 14.5507 9.72248 4.5
      vertex 11.2248 7.5002 4.5
      vertex 11.6913 6.75 4.5
    endloop
  endfacet
  facet normal 0 0 1
    outer loop
      vertex 13.8837 10.6533 4.5
      vertex 10.7103 8.21828 4.5
      vertex 11.2248 7.5002 4.5
    endloop
  endfacet
  facet normal 0 0 1
    outer loop
      vertex 8.90117 10.1498 4.5
      vertex 11.5386 13.1572 4.5
      vertex 10.6533 13.8837 4.5
    endloop
  endfacet
  facet normal 0 0 1
    outer loop
      vertex 13.1572 11.5386 4.5
      vertex 10.1498 8.90117 4.5
      vertex 10.7103 8.21828 4.5
    endloop
  endfacet
  facet normal 0 0 1
    outer loop
      vertex 8.21828 10.7103 4.5
      vertex 10.6533 13.8837 4.5
      vertex 9.72248 14.5507 4.5
    endloop
  endfacet
  facet normal 0 0 1
    outer loop
      vertex 12.3744 12.3744 4.5
      vertex 9.54594 9.54594 4.5
      vertex 10.1498 8.90117 4.5
    endloop
  endfacet
  facet normal 0 0 1
    outer loop
      vertex 11.5386 13.1572 4.5
      vertex 8.90117 10.1498 4.5
      vertex 9.54594 9.54594 4.5
    endloop
  endfacet
  facet normal 0 0 1
    outer loop
      vertex 7.5002 11.2248 4.5
      vertex 9.72248 14.5507 4.5
      vertex 8.75 15.1554 4.5
    endloop
  endfacet
  facet normal 0 0 1
    outer loop
      vertex 10.6533 13.8837 4.5
      vertex 8.21828 10.7103 4.5
      vertex 8.90117 10.1498 4.5
    endloop
  endfacet
  facet normal 0 0 1
    outer loop
      vertex 6.75 11.6913 4.5
      vertex 8.75 15.1554 4.5
      vertex 7.74005 15.6953 4.5
    endloop
  endfacet
  facet normal 0 0 1
    outer loop
      vertex 9.72248 14.5507 4.5
      vertex 7.5002 11.2248 4.5
      vertex 8.21828 10.7103 4.5
    endloop
  endfacet
  facet normal 0 0 1
    outer loop
      vertex 8.75 15.1554 4.5
      vertex 6.75 11.6913 4.5
      vertex 7.5002 11.2248 4.5
    endloop
  endfacet
  facet normal 0 0 1
    outer loop
      vertex 5.9709 12.1078 4.5
      vertex 7.74005 15.6953 4.5
      vertex 6.69696 16.1679 4.5
    endloop
  endfacet
  facet normal 0 0 1
    outer loop
      vertex 7.74005 15.6953 4.5
      vertex 5.9709 12.1078 4.5
      vertex 6.75 11.6913 4.5
    endloop
  endfacet
  facet normal 0 0 1
    outer loop
      vertex 5.16623 12.4724 4.5
      vertex 6.69696 16.1679 4.5
      vertex 5.62519 16.5713 4.5
    endloop
  endfacet
  facet normal 0 0 1
    outer loop
      vertex 6.69696 16.1679 4.5
      vertex 5.16623 12.4724 4.5
      vertex 5.9709 12.1078 4.5
    endloop
  endfacet
  facet normal 0 0 1
    outer loop
      vertex 4.33943 12.7836 4.5
      vertex 5.62519 16.5713 4.5
      vertex 4.52933 16.9037 4.5
    endloop
  endfacet
  facet normal 0 0 1
    outer loop
      vertex 5.62519 16.5713 4.5
      vertex 4.33943 12.7836 4.5
      vertex 5.16623 12.4724 4.5
    endloop
  endfacet
  facet normal 0 0 1
    outer loop
      vertex 4.52933 16.9037 4.5
      vertex 3.49406 13.04 4.5
      vertex 4.33943 12.7836 4.5
    endloop
  endfacet
  facet normal 0 0 1
    outer loop
      vertex 3.41408 17.1637 4.5
      vertex 3.49406 13.04 4.5
      vertex 4.52933 16.9037 4.5
    endloop
  endfacet
  facet normal 0 0 1
    outer loop
      vertex 3.41408 17.1637 4.5
      vertex 2.63372 13.2406 4.5
      vertex 3.49406 13.04 4.5
    endloop
  endfacet
  facet normal 0 0 1
    outer loop
      vertex 2.28421 17.3503 4.5
      vertex 2.63372 13.2406 4.5
      vertex 3.41408 17.1637 4.5
    endloop
  endfacet
  facet normal 0 0 1
    outer loop
      vertex 2.28421 17.3503 4.5
      vertex 1.7621 13.3845 4.5
      vertex 2.63372 13.2406 4.5
    endloop
  endfacet
  facet normal 0 0 1
    outer loop
      vertex 1.14455 17.4625 4.5
      vertex 1.7621 13.3845 4.5
      vertex 2.28421 17.3503 4.5
    endloop
  endfacet
  facet normal 0 0 1
    outer loop
      vertex 1.14455 17.4625 4.5
      vertex 0.882942 13.4711 4.5
      vertex 1.7621 13.3845 4.5
    endloop
  endfacet
  facet normal 0 0 1
    outer loop
      vertex 0 17.5 4.5
      vertex 0.882942 13.4711 4.5
      vertex 1.14455 17.4625 4.5
    endloop
  endfacet
  facet normal 0 0 1
    outer loop
      vertex 0 17.5 4.5
      vertex 0 13.5 4.5
      vertex 0.882942 13.4711 4.5
    endloop
  endfacet
  facet normal 0 0 1
    outer loop
      vertex 0 17.5 4.5
      vertex -0.882942 13.4711 4.5
      vertex 0 13.5 4.5
    endloop
  endfacet
  facet normal -0 0 1
    outer loop
      vertex -1.14455 17.4625 4.5
      vertex -0.882942 13.4711 4.5
      vertex 0 17.5 4.5
    endloop
  endfacet
  facet normal 0 0 1
    outer loop
      vertex -1.14455 17.4625 4.5
      vertex -1.7621 13.3845 4.5
      vertex -0.882942 13.4711 4.5
    endloop
  endfacet
  facet normal -0 0 1
    outer loop
      vertex -2.28421 17.3503 4.5
      vertex -1.7621 13.3845 4.5
      vertex -1.14455 17.4625 4.5
    endloop
  endfacet
  facet normal 0 0 1
    outer loop
      vertex -2.28421 17.3503 4.5
      vertex -2.63372 13.2406 4.5
      vertex -1.7621 13.3845 4.5
    endloop
  endfacet
  facet normal -0 0 1
    outer loop
      vertex -3.41408 17.1637 4.5
      vertex -2.63372 13.2406 4.5
      vertex -2.28421 17.3503 4.5
    endloop
  endfacet
  facet normal 0 0 1
    outer loop
      vertex -3.41408 17.1637 4.5
      vertex -3.49406 13.04 4.5
      vertex -2.63372 13.2406 4.5
    endloop
  endfacet
  facet normal -0 0 1
    outer loop
      vertex -4.52933 16.9037 4.5
      vertex -3.49406 13.04 4.5
      vertex -3.41408 17.1637 4.5
    endloop
  endfacet
  facet normal 0 0 1
    outer loop
      vertex -3.49406 13.04 4.5
      vertex -4.52933 16.9037 4.5
      vertex -4.33943 12.7836 4.5
    endloop
  endfacet
  facet normal -0 0 1
    outer loop
      vertex -5.62519 16.5713 4.5
      vertex -4.33943 12.7836 4.5
      vertex -4.52933 16.9037 4.5
    endloop
  endfacet
  facet normal 0 0 1
    outer loop
      vertex -4.33943 12.7836 4.5
      vertex -5.62519 16.5713 4.5
      vertex -5.16623 12.4724 4.5
    endloop
  endfacet
  facet normal -0 0 1
    outer loop
      vertex -6.69696 16.1679 4.5
      vertex -5.16623 12.4724 4.5
      vertex -5.62519 16.5713 4.5
    endloop
  endfacet
  facet normal 0 0 1
    outer loop
      vertex -5.16623 12.4724 4.5
      vertex -6.69696 16.1679 4.5
      vertex -5.9709 12.1078 4.5
    endloop
  endfacet
  facet normal -0 0 1
    outer loop
      vertex -7.74005 15.6953 4.5
      vertex -5.9709 12.1078 4.5
      vertex -6.69696 16.1679 4.5
    endloop
  endfacet
  facet normal 0 0 1
    outer loop
      vertex -5.9709 12.1078 4.5
      vertex -7.74005 15.6953 4.5
      vertex -6.75 11.6913 4.5
    endloop
  endfacet
  facet normal -0 0 1
    outer loop
      vertex -8.75 15.1554 4.5
      vertex -6.75 11.6913 4.5
      vertex -7.74005 15.6953 4.5
    endloop
  endfacet
  facet normal 0 0 1
    outer loop
      vertex -6.75 11.6913 4.5
      vertex -8.75 15.1554 4.5
      vertex -7.5002 11.2248 4.5
    endloop
  endfacet
  facet normal -0 0 1
    outer loop
      vertex -9.72248 14.5507 4.5
      vertex -7.5002 11.2248 4.5
      vertex -8.75 15.1554 4.5
    endloop
  endfacet
  facet normal 0 0 1
    outer loop
      vertex -7.5002 11.2248 4.5
      vertex -9.72248 14.5507 4.5
      vertex -8.21828 10.7103 4.5
    endloop
  endfacet
  facet normal -0 0 1
    outer loop
      vertex -10.6533 13.8837 4.5
      vertex -8.21828 10.7103 4.5
      vertex -9.72248 14.5507 4.5
    endloop
  endfacet
  facet normal 0 0 1
    outer loop
      vertex -8.21828 10.7103 4.5
      vertex -10.6533 13.8837 4.5
      vertex -8.90117 10.1498 4.5
    endloop
  endfacet
  facet normal -0 0 1
    outer loop
      vertex -11.5386 13.1572 4.5
      vertex -8.90117 10.1498 4.5
      vertex -10.6533 13.8837 4.5
    endloop
  endfacet
  facet normal 0 0 1
    outer loop
      vertex -8.90117 10.1498 4.5
      vertex -11.5386 13.1572 4.5
      vertex -9.54594 9.54594 4.5
    endloop
  endfacet
  facet normal -0 0 1
    outer loop
      vertex -12.3744 12.3744 4.5
      vertex -9.54594 9.54594 4.5
      vertex -11.5386 13.1572 4.5
    endloop
  endfacet
  facet normal 0 0 1
    outer loop
      vertex -9.54594 9.54594 4.5
      vertex -12.3744 12.3744 4.5
      vertex -10.1498 8.90117 4.5
    endloop
  endfacet
  facet normal -0 0 1
    outer loop
      vertex -13.1572 11.5386 4.5
      vertex -10.1498 8.90117 4.5
      vertex -12.3744 12.3744 4.5
    endloop
  endfacet
  facet normal 0 0 1
    outer loop
      vertex -10.1498 8.90117 4.5
      vertex -13.1572 11.5386 4.5
      vertex -10.7103 8.21828 4.5
    endloop
  endfacet
  facet normal -0 0 1
    outer loop
      vertex -13.8837 10.6533 4.5
      vertex -10.7103 8.21828 4.5
      vertex -13.1572 11.5386 4.5
    endloop
  endfacet
  facet normal 0 0 1
    outer loop
      vertex -10.7103 8.21828 4.5
      vertex -13.8837 10.6533 4.5
      vertex -11.2248 7.5002 4.5
    endloop
  endfacet
  facet normal -0 0 1
    outer loop
      vertex -14.5507 9.72248 4.5
      vertex -11.2248 7.5002 4.5
      vertex -13.8837 10.6533 4.5
    endloop
  endfacet
  facet normal 0 0 1
    outer loop
      vertex -11.2248 7.5002 4.5
      vertex -14.5507 9.72248 4.5
      vertex -11.6913 6.75 4.5
    endloop
  endfacet
  facet normal -0 0 1
    outer loop
      vertex -15.1554 8.75 4.5
      vertex -11.6913 6.75 4.5
      vertex -14.5507 9.72248 4.5
    endloop
  endfacet
  facet normal 0 0 1
    outer loop
      vertex -11.6913 6.75 4.5
      vertex -15.1554 8.75 4.5
      vertex -12.1078 5.9709 4.5
    endloop
  endfacet
  facet normal -0 0 1
    outer loop
      vertex -15.6953 7.74005 4.5
      vertex -12.1078 5.9709 4.5
      vertex -15.1554 8.75 4.5
    endloop
  endfacet
  facet normal 0 0 1
    outer loop
      vertex -12.1078 5.9709 4.5
      vertex -15.6953 7.74005 4.5
      vertex -12.4724 5.16623 4.5
    endloop
  endfacet
  facet normal -0 0 1
    outer loop
      vertex -16.1679 6.69696 4.5
      vertex -12.4724 5.16623 4.5
      vertex -15.6953 7.74005 4.5
    endloop
  endfacet
  facet normal 0 0 1
    outer loop
      vertex -12.4724 5.16623 4.5
      vertex -16.1679 6.69696 4.5
      vertex -12.7836 4.33943 4.5
    endloop
  endfacet
  facet normal -0 0 1
    outer loop
      vertex -16.5713 5.62519 4.5
      vertex -12.7836 4.33943 4.5
      vertex -16.1679 6.69696 4.5
    endloop
  endfacet
  facet normal 0 0 1
    outer loop
      vertex 16.5713 -5.62519 4.5
      vertex 12.7836 -4.33943 4.5
      vertex 16.1679 -6.69696 4.5
    endloop
  endfacet
  facet normal -0 0 1
    outer loop
      vertex 12.4724 -5.16623 4.5
      vertex 16.1679 -6.69696 4.5
      vertex 12.7836 -4.33943 4.5
    endloop
  endfacet
  facet normal 0 0 1
    outer loop
      vertex 16.1679 -6.69696 4.5
      vertex 12.4724 -5.16623 4.5
      vertex 15.6953 -7.74005 4.5
    endloop
  endfacet
  facet normal -0 0 1
    outer loop
      vertex 12.1078 -5.9709 4.5
      vertex 15.6953 -7.74005 4.5
      vertex 12.4724 -5.16623 4.5
    endloop
  endfacet
  facet normal 0 0 1
    outer loop
      vertex 15.6953 -7.74005 4.5
      vertex 12.1078 -5.9709 4.5
      vertex 15.1554 -8.75 4.5
    endloop
  endfacet
  facet normal -0 0 1
    outer loop
      vertex 11.6913 -6.75 4.5
      vertex 15.1554 -8.75 4.5
      vertex 12.1078 -5.9709 4.5
    endloop
  endfacet
  facet normal 0 0 1
    outer loop
      vertex 15.1554 -8.75 4.5
      vertex 11.6913 -6.75 4.5
      vertex 14.5507 -9.72248 4.5
    endloop
  endfacet
  facet normal -0 0 1
    outer loop
      vertex 11.2248 -7.5002 4.5
      vertex 14.5507 -9.72248 4.5
      vertex 11.6913 -6.75 4.5
    endloop
  endfacet
  facet normal 0 0 1
    outer loop
      vertex 14.5507 -9.72248 4.5
      vertex 11.2248 -7.5002 4.5
      vertex 13.8837 -10.6533 4.5
    endloop
  endfacet
  facet normal -0 0 1
    outer loop
      vertex 10.7103 -8.21828 4.5
      vertex 13.8837 -10.6533 4.5
      vertex 11.2248 -7.5002 4.5
    endloop
  endfacet
  facet normal 0 0 1
    outer loop
      vertex 13.8837 -10.6533 4.5
      vertex 10.7103 -8.21828 4.5
      vertex 13.1572 -11.5386 4.5
    endloop
  endfacet
  facet normal -0 0 1
    outer loop
      vertex 10.1498 -8.90117 4.5
      vertex 13.1572 -11.5386 4.5
      vertex 10.7103 -8.21828 4.5
    endloop
  endfacet
  facet normal 0 0 1
    outer loop
      vertex 13.1572 -11.5386 4.5
      vertex 10.1498 -8.90117 4.5
      vertex 12.3744 -12.3744 4.5
    endloop
  endfacet
  facet normal -0 0 1
    outer loop
      vertex 9.54594 -9.54594 4.5
      vertex 12.3744 -12.3744 4.5
      vertex 10.1498 -8.90117 4.5
    endloop
  endfacet
  facet normal 0 0 1
    outer loop
      vertex 12.3744 -12.3744 4.5
      vertex 9.54594 -9.54594 4.5
      vertex 11.5386 -13.1572 4.5
    endloop
  endfacet
  facet normal -0 0 1
    outer loop
      vertex 8.90117 -10.1498 4.5
      vertex 11.5386 -13.1572 4.5
      vertex 9.54594 -9.54594 4.5
    endloop
  endfacet
  facet normal 0 0 1
    outer loop
      vertex 11.5386 -13.1572 4.5
      vertex 8.90117 -10.1498 4.5
      vertex 10.6533 -13.8837 4.5
    endloop
  endfacet
  facet normal -0 0 1
    outer loop
      vertex 8.21828 -10.7103 4.5
      vertex 10.6533 -13.8837 4.5
      vertex 8.90117 -10.1498 4.5
    endloop
  endfacet
  facet normal 0 0 1
    outer loop
      vertex 10.6533 -13.8837 4.5
      vertex 8.21828 -10.7103 4.5
      vertex 9.72248 -14.5507 4.5
    endloop
  endfacet
  facet normal -0 0 1
    outer loop
      vertex 7.5002 -11.2248 4.5
      vertex 9.72248 -14.5507 4.5
      vertex 8.21828 -10.7103 4.5
    endloop
  endfacet
  facet normal 0 0 1
    outer loop
      vertex 9.72248 -14.5507 4.5
      vertex 7.5002 -11.2248 4.5
      vertex 8.75 -15.1554 4.5
    endloop
  endfacet
  facet normal -0 0 1
    outer loop
      vertex 6.75 -11.6913 4.5
      vertex 8.75 -15.1554 4.5
      vertex 7.5002 -11.2248 4.5
    endloop
  endfacet
  facet normal 0 0 1
    outer loop
      vertex 8.75 -15.1554 4.5
      vertex 6.75 -11.6913 4.5
      vertex 7.74005 -15.6953 4.5
    endloop
  endfacet
  facet normal -0 0 1
    outer loop
      vertex 5.9709 -12.1078 4.5
      vertex 7.74005 -15.6953 4.5
      vertex 6.75 -11.6913 4.5
    endloop
  endfacet
  facet normal 0 0 1
    outer loop
      vertex 7.74005 -15.6953 4.5
      vertex 5.9709 -12.1078 4.5
      vertex 6.69696 -16.1679 4.5
    endloop
  endfacet
  facet normal -0 0 1
    outer loop
      vertex 5.16623 -12.4724 4.5
      vertex 6.69696 -16.1679 4.5
      vertex 5.9709 -12.1078 4.5
    endloop
  endfacet
  facet normal 0 0 1
    outer loop
      vertex 6.69696 -16.1679 4.5
      vertex 5.16623 -12.4724 4.5
      vertex 5.62519 -16.5713 4.5
    endloop
  endfacet
  facet normal -0 0 1
    outer loop
      vertex 4.33943 -12.7836 4.5
      vertex 5.62519 -16.5713 4.5
      vertex 5.16623 -12.4724 4.5
    endloop
  endfacet
  facet normal 0 0 1
    outer loop
      vertex 5.62519 -16.5713 4.5
      vertex 4.33943 -12.7836 4.5
      vertex 4.52933 -16.9037 4.5
    endloop
  endfacet
  facet normal -0 0 1
    outer loop
      vertex 3.49406 -13.04 4.5
      vertex 4.52933 -16.9037 4.5
      vertex 4.33943 -12.7836 4.5
    endloop
  endfacet
  facet normal 0 0 1
    outer loop
      vertex 3.49406 -13.04 4.5
      vertex 3.41408 -17.1637 4.5
      vertex 4.52933 -16.9037 4.5
    endloop
  endfacet
  facet normal -0 0 1
    outer loop
      vertex 2.63372 -13.2406 4.5
      vertex 3.41408 -17.1637 4.5
      vertex 3.49406 -13.04 4.5
    endloop
  endfacet
  facet normal 0 0 1
    outer loop
      vertex 2.63372 -13.2406 4.5
      vertex 2.28421 -17.3503 4.5
      vertex 3.41408 -17.1637 4.5
    endloop
  endfacet
  facet normal -0 0 1
    outer loop
      vertex 1.7621 -13.3845 4.5
      vertex 2.28421 -17.3503 4.5
      vertex 2.63372 -13.2406 4.5
    endloop
  endfacet
  facet normal 0 0 1
    outer loop
      vertex 1.7621 -13.3845 4.5
      vertex 1.14455 -17.4625 4.5
      vertex 2.28421 -17.3503 4.5
    endloop
  endfacet
  facet normal -0 0 1
    outer loop
      vertex 0.882942 -13.4711 4.5
      vertex 1.14455 -17.4625 4.5
      vertex 1.7621 -13.3845 4.5
    endloop
  endfacet
  facet normal -0 0 1
    outer loop
      vertex 0 -13.5 4.5
      vertex 1.14455 -17.4625 4.5
      vertex 0.882942 -13.4711 4.5
    endloop
  endfacet
  facet normal 0 0 1
    outer loop
      vertex 0 -13.5 4.5
      vertex 0 -17.5 4.5
      vertex 1.14455 -17.4625 4.5
    endloop
  endfacet
  facet normal 0 0 1
    outer loop
      vertex -0.882942 -13.4711 4.5
      vertex 0 -17.5 4.5
      vertex 0 -13.5 4.5
    endloop
  endfacet
  facet normal 0 0 1
    outer loop
      vertex -0.882942 -13.4711 4.5
      vertex -1.14455 -17.4625 4.5
      vertex 0 -17.5 4.5
    endloop
  endfacet
  facet normal 0 0 1
    outer loop
      vertex -1.7621 -13.3845 4.5
      vertex -1.14455 -17.4625 4.5
      vertex -0.882942 -13.4711 4.5
    endloop
  endfacet
  facet normal 0 0 1
    outer loop
      vertex -1.7621 -13.3845 4.5
      vertex -2.28421 -17.3503 4.5
      vertex -1.14455 -17.4625 4.5
    endloop
  endfacet
  facet normal 0 0 1
    outer loop
      vertex -2.63372 -13.2406 4.5
      vertex -2.28421 -17.3503 4.5
      vertex -1.7621 -13.3845 4.5
    endloop
  endfacet
  facet normal 0 0 1
    outer loop
      vertex -2.63372 -13.2406 4.5
      vertex -3.41408 -17.1637 4.5
      vertex -2.28421 -17.3503 4.5
    endloop
  endfacet
  facet normal 0 0 1
    outer loop
      vertex -3.49406 -13.04 4.5
      vertex -3.41408 -17.1637 4.5
      vertex -2.63372 -13.2406 4.5
    endloop
  endfacet
  facet normal 0 0 1
    outer loop
      vertex -4.52933 -16.9037 4.5
      vertex -3.49406 -13.04 4.5
      vertex -4.33943 -12.7836 4.5
    endloop
  endfacet
  facet normal 0 0 1
    outer loop
      vertex -3.49406 -13.04 4.5
      vertex -4.52933 -16.9037 4.5
      vertex -3.41408 -17.1637 4.5
    endloop
  endfacet
  facet normal 0 0 1
    outer loop
      vertex -5.62519 -16.5713 4.5
      vertex -4.33943 -12.7836 4.5
      vertex -5.16623 -12.4724 4.5
    endloop
  endfacet
  facet normal 0 0 1
    outer loop
      vertex -4.33943 -12.7836 4.5
      vertex -5.62519 -16.5713 4.5
      vertex -4.52933 -16.9037 4.5
    endloop
  endfacet
  facet normal 0 0 1
    outer loop
      vertex -6.69696 -16.1679 4.5
      vertex -5.16623 -12.4724 4.5
      vertex -5.9709 -12.1078 4.5
    endloop
  endfacet
  facet normal 0 0 1
    outer loop
      vertex -5.16623 -12.4724 4.5
      vertex -6.69696 -16.1679 4.5
      vertex -5.62519 -16.5713 4.5
    endloop
  endfacet
  facet normal 0 0 1
    outer loop
      vertex -7.74005 -15.6953 4.5
      vertex -5.9709 -12.1078 4.5
      vertex -6.75 -11.6913 4.5
    endloop
  endfacet
  facet normal 0 0 1
    outer loop
      vertex -8.75 -15.1554 4.5
      vertex -6.75 -11.6913 4.5
      vertex -7.5002 -11.2248 4.5
    endloop
  endfacet
  facet normal 0 0 1
    outer loop
      vertex -5.9709 -12.1078 4.5
      vertex -7.74005 -15.6953 4.5
      vertex -6.69696 -16.1679 4.5
    endloop
  endfacet
  facet normal 0 0 1
    outer loop
      vertex -9.72248 -14.5507 4.5
      vertex -7.5002 -11.2248 4.5
      vertex -8.21828 -10.7103 4.5
    endloop
  endfacet
  facet normal 0 0 1
    outer loop
      vertex -6.75 -11.6913 4.5
      vertex -8.75 -15.1554 4.5
      vertex -7.74005 -15.6953 4.5
    endloop
  endfacet
  facet normal 0 0 1
    outer loop
      vertex -10.6533 -13.8837 4.5
      vertex -8.21828 -10.7103 4.5
      vertex -8.90117 -10.1498 4.5
    endloop
  endfacet
  facet normal 0 0 1
    outer loop
      vertex -11.5386 -13.1572 4.5
      vertex -8.90117 -10.1498 4.5
      vertex -9.54594 -9.54594 4.5
    endloop
  endfacet
  facet normal 0 0 1
    outer loop
      vertex -7.5002 -11.2248 4.5
      vertex -9.72248 -14.5507 4.5
      vertex -8.75 -15.1554 4.5
    endloop
  endfacet
  facet normal 0 0 1
    outer loop
      vertex -12.3744 -12.3744 4.5
      vertex -9.54594 -9.54594 4.5
      vertex -10.1498 -8.90117 4.5
    endloop
  endfacet
  facet normal 0 0 1
    outer loop
      vertex -8.21828 -10.7103 4.5
      vertex -10.6533 -13.8837 4.5
      vertex -9.72248 -14.5507 4.5
    endloop
  endfacet
  facet normal 0 0 1
    outer loop
      vertex -13.1572 -11.5386 4.5
      vertex -10.1498 -8.90117 4.5
      vertex -10.7103 -8.21828 4.5
    endloop
  endfacet
  facet normal 0 0 1
    outer loop
      vertex -13.8837 -10.6533 4.5
      vertex -10.7103 -8.21828 4.5
      vertex -11.2248 -7.5002 4.5
    endloop
  endfacet
  facet normal 0 0 1
    outer loop
      vertex -8.90117 -10.1498 4.5
      vertex -11.5386 -13.1572 4.5
      vertex -10.6533 -13.8837 4.5
    endloop
  endfacet
  facet normal 0 0 1
    outer loop
      vertex -14.5507 -9.72248 4.5
      vertex -11.2248 -7.5002 4.5
      vertex -11.6913 -6.75 4.5
    endloop
  endfacet
  facet normal 0 0 1
    outer loop
      vertex -15.1554 -8.75 4.5
      vertex -11.6913 -6.75 4.5
      vertex -12.1078 -5.9709 4.5
    endloop
  endfacet
  facet normal 0 0 1
    outer loop
      vertex -9.54594 -9.54594 4.5
      vertex -12.3744 -12.3744 4.5
      vertex -11.5386 -13.1572 4.5
    endloop
  endfacet
  facet normal 0 0 1
    outer loop
      vertex -15.6953 -7.74005 4.5
      vertex -12.1078 -5.9709 4.5
      vertex -12.4724 -5.16623 4.5
    endloop
  endfacet
  facet normal 0 0 1
    outer loop
      vertex -16.1679 -6.69696 4.5
      vertex -12.4724 -5.16623 4.5
      vertex -12.7836 -4.33943 4.5
    endloop
  endfacet
  facet normal 0 0 1
    outer loop
      vertex -16.5713 -5.62519 4.5
      vertex -12.7836 -4.33943 4.5
      vertex -13.04 -3.49406 4.5
    endloop
  endfacet
  facet normal 0 0 1
    outer loop
      vertex -10.1498 -8.90117 4.5
      vertex -13.1572 -11.5386 4.5
      vertex -12.3744 -12.3744 4.5
    endloop
  endfacet
  facet normal 0 0 1
    outer loop
      vertex -16.9037 -4.52933 4.5
      vertex -13.04 -3.49406 4.5
      vertex -13.2406 -2.63372 4.5
    endloop
  endfacet
  facet normal 0 0 1
    outer loop
      vertex -17.1637 -3.41408 4.5
      vertex -13.2406 -2.63372 4.5
      vertex -13.3845 -1.7621 4.5
    endloop
  endfacet
  facet normal 0 0 1
    outer loop
      vertex -17.3503 -2.28421 4.5
      vertex -13.3845 -1.7621 4.5
      vertex -13.4711 -0.882942 4.5
    endloop
  endfacet
  facet normal 0 0 1
    outer loop
      vertex -17.4625 -1.14455 4.5
      vertex -13.4711 -0.882942 4.5
      vertex -13.5 0 4.5
    endloop
  endfacet
  facet normal 0 0 1
    outer loop
      vertex -12.7836 4.33943 4.5
      vertex -16.5713 5.62519 4.5
      vertex -13.04 3.49406 4.5
    endloop
  endfacet
  facet normal 0 0 1
    outer loop
      vertex -10.7103 -8.21828 4.5
      vertex -13.8837 -10.6533 4.5
      vertex -13.1572 -11.5386 4.5
    endloop
  endfacet
  facet normal -0 0 1
    outer loop
      vertex -16.9037 4.52933 4.5
      vertex -13.04 3.49406 4.5
      vertex -16.5713 5.62519 4.5
    endloop
  endfacet
  facet normal 0 0 1
    outer loop
      vertex -11.2248 -7.5002 4.5
      vertex -14.5507 -9.72248 4.5
      vertex -13.8837 -10.6533 4.5
    endloop
  endfacet
  facet normal 0 0 1
    outer loop
      vertex -13.04 3.49406 4.5
      vertex -16.9037 4.52933 4.5
      vertex -13.2406 2.63372 4.5
    endloop
  endfacet
  facet normal 0 0 1
    outer loop
      vertex -11.6913 -6.75 4.5
      vertex -15.1554 -8.75 4.5
      vertex -14.5507 -9.72248 4.5
    endloop
  endfacet
  facet normal -0 0 1
    outer loop
      vertex -17.1637 3.41408 4.5
      vertex -13.2406 2.63372 4.5
      vertex -16.9037 4.52933 4.5
    endloop
  endfacet
  facet normal 0 0 1
    outer loop
      vertex -12.1078 -5.9709 4.5
      vertex -15.6953 -7.74005 4.5
      vertex -15.1554 -8.75 4.5
    endloop
  endfacet
  facet normal 0 0 1
    outer loop
      vertex -13.2406 2.63372 4.5
      vertex -17.1637 3.41408 4.5
      vertex -13.3845 1.7621 4.5
    endloop
  endfacet
  facet normal 0 0 1
    outer loop
      vertex -12.4724 -5.16623 4.5
      vertex -16.1679 -6.69696 4.5
      vertex -15.6953 -7.74005 4.5
    endloop
  endfacet
  facet normal -0 0 1
    outer loop
      vertex -17.3503 2.28421 4.5
      vertex -13.3845 1.7621 4.5
      vertex -17.1637 3.41408 4.5
    endloop
  endfacet
  facet normal 0 0 1
    outer loop
      vertex -12.7836 -4.33943 4.5
      vertex -16.5713 -5.62519 4.5
      vertex -16.1679 -6.69696 4.5
    endloop
  endfacet
  facet normal 0 0 1
    outer loop
      vertex -13.3845 1.7621 4.5
      vertex -17.3503 2.28421 4.5
      vertex -13.4711 0.882942 4.5
    endloop
  endfacet
  facet normal 0 0 1
    outer loop
      vertex -13.04 -3.49406 4.5
      vertex -16.9037 -4.52933 4.5
      vertex -16.5713 -5.62519 4.5
    endloop
  endfacet
  facet normal -0 0 1
    outer loop
      vertex -17.4625 1.14455 4.5
      vertex -13.4711 0.882942 4.5
      vertex -17.3503 2.28421 4.5
    endloop
  endfacet
  facet normal 0 0 1
    outer loop
      vertex -13.2406 -2.63372 4.5
      vertex -17.1637 -3.41408 4.5
      vertex -16.9037 -4.52933 4.5
    endloop
  endfacet
  facet normal 0 0 1
    outer loop
      vertex -13.4711 0.882942 4.5
      vertex -17.4625 1.14455 4.5
      vertex -13.5 0 4.5
    endloop
  endfacet
  facet normal 0 0 1
    outer loop
      vertex -13.3845 -1.7621 4.5
      vertex -17.3503 -2.28421 4.5
      vertex -17.1637 -3.41408 4.5
    endloop
  endfacet
  facet normal 0 0 1
    outer loop
      vertex -17.5 0 4.5
      vertex -13.5 0 4.5
      vertex -17.4625 1.14455 4.5
    endloop
  endfacet
  facet normal 0 0 1
    outer loop
      vertex -13.4711 -0.882942 4.5
      vertex -17.4625 -1.14455 4.5
      vertex -17.3503 -2.28421 4.5
    endloop
  endfacet
  facet normal 0 0 1
    outer loop
      vertex -13.5 0 4.5
      vertex -17.5 0 4.5
      vertex -17.4625 -1.14455 4.5
    endloop
  endfacet
  facet normal -0.528051 0.849213 0
    outer loop
      vertex -8.75 15.1554 0
      vertex -9.72248 14.5507 4.5
      vertex -8.75 15.1554 4.5
    endloop
  endfacet
  facet normal -0.528051 0.849213 0
    outer loop
      vertex -9.72248 14.5507 4.5
      vertex -8.75 15.1554 0
      vertex -9.72248 14.5507 0
    endloop
  endfacet
  facet normal -0.0327464 0.999464 0
    outer loop
      vertex 0 17.5 0
      vertex -1.14455 17.4625 4.5
      vertex 0 17.5 4.5
    endloop
  endfacet
  facet normal -0.0327464 0.999464 0
    outer loop
      vertex -1.14455 17.4625 4.5
      vertex 0 17.5 0
      vertex -1.14455 17.4625 0
    endloop
  endfacet
  facet normal 0.0327464 -0.999464 0
    outer loop
      vertex 0 -17.5 0
      vertex 1.14455 -17.4625 4.5
      vertex 0 -17.5 4.5
    endloop
  endfacet
  facet normal 0.0327464 -0.999464 0
    outer loop
      vertex 1.14455 -17.4625 4.5
      vertex 0 -17.5 0
      vertex 1.14455 -17.4625 0
    endloop
  endfacet
  facet normal 0.471445 -0.881896 0
    outer loop
      vertex 7.74005 -15.6953 0
      vertex 8.75 -15.1554 4.5
      vertex 7.74005 -15.6953 4.5
    endloop
  endfacet
  facet normal 0.471445 -0.881896 0
    outer loop
      vertex 8.75 -15.1554 4.5
      vertex 7.74005 -15.6953 0
      vertex 8.75 -15.1554 0
    endloop
  endfacet
  facet normal 0.582468 -0.812853 0
    outer loop
      vertex 9.72248 -14.5507 0
      vertex 10.6533 -13.8837 4.5
      vertex 9.72248 -14.5507 4.5
    endloop
  endfacet
  facet normal 0.582468 -0.812853 0
    outer loop
      vertex 10.6533 -13.8837 4.5
      vertex 9.72248 -14.5507 0
      vertex 10.6533 -13.8837 0
    endloop
  endfacet
  facet normal 0.528051 -0.849213 0
    outer loop
      vertex 8.75 -15.1554 0
      vertex 9.72248 -14.5507 4.5
      vertex 8.75 -15.1554 4.5
    endloop
  endfacet
  facet normal 0.528051 -0.849213 0
    outer loop
      vertex 9.72248 -14.5507 4.5
      vertex 8.75 -15.1554 0
      vertex 9.72248 -14.5507 0
    endloop
  endfacet
  facet normal 0.812853 -0.582468 0
    outer loop
      vertex 13.8837 -10.6533 4.5
      vertex 14.5507 -9.72248 0
      vertex 14.5507 -9.72248 4.5
    endloop
  endfacet
  facet normal 0.812853 -0.582468 0
    outer loop
      vertex 14.5507 -9.72248 0
      vertex 13.8837 -10.6533 4.5
      vertex 13.8837 -10.6533 0
    endloop
  endfacet
  facet normal 0.973885 -0.227043 0
    outer loop
      vertex 16.9037 -4.52933 4.5
      vertex 17.1637 -3.41408 0
      vertex 17.1637 -3.41408 4.5
    endloop
  endfacet
  facet normal 0.973885 -0.227043 0
    outer loop
      vertex 17.1637 -3.41408 0
      vertex 16.9037 -4.52933 4.5
      vertex 16.9037 -4.52933 0
    endloop
  endfacet
  facet normal 0.986635 -0.162945 0
    outer loop
      vertex 17.1637 -3.41408 4.5
      vertex 17.3503 -2.28421 0
      vertex 17.3503 -2.28421 4.5
    endloop
  endfacet
  facet normal 0.986635 -0.162945 0
    outer loop
      vertex 17.3503 -2.28421 0
      vertex 17.1637 -3.41408 4.5
      vertex 17.1637 -3.41408 0
    endloop
  endfacet
  facet normal -0.582468 -0.812853 0
    outer loop
      vertex -10.6533 -13.8837 0
      vertex -9.72248 -14.5507 4.5
      vertex -10.6533 -13.8837 4.5
    endloop
  endfacet
  facet normal -0.582468 -0.812853 -0
    outer loop
      vertex -9.72248 -14.5507 4.5
      vertex -10.6533 -13.8837 0
      vertex -9.72248 -14.5507 0
    endloop
  endfacet
  facet normal -0.528051 -0.849213 0
    outer loop
      vertex -9.72248 -14.5507 0
      vertex -8.75 -15.1554 4.5
      vertex -9.72248 -14.5507 4.5
    endloop
  endfacet
  facet normal -0.528051 -0.849213 -0
    outer loop
      vertex -8.75 -15.1554 4.5
      vertex -9.72248 -14.5507 0
      vertex -8.75 -15.1554 0
    endloop
  endfacet
  facet normal -0.91087 -0.412694 0
    outer loop
      vertex -15.6953 -7.74005 0
      vertex -16.1679 -6.69696 4.5
      vertex -16.1679 -6.69696 0
    endloop
  endfacet
  facet normal -0.91087 -0.412694 0
    outer loop
      vertex -16.1679 -6.69696 4.5
      vertex -15.6953 -7.74005 0
      vertex -15.6953 -7.74005 4.5
    endloop
  endfacet
  facet normal -0.999478 -0.0322922 0
    outer loop
      vertex -17.5 0 0
      vertex -17.4964 -0.111424 0.55
      vertex -17.5 0 0.55
    endloop
  endfacet
  facet normal -0.999449 -0.0332009 -0.000184288
    outer loop
      vertex -17.5 0 0
      vertex -17.4927 -0.222846 0.557311
      vertex -17.4964 -0.111424 0.55
    endloop
  endfacet
  facet normal -0.999474 -0.0324161 0.000129856
    outer loop
      vertex -17.5 0 0
      vertex -17.4891 -0.333785 0.571948
      vertex -17.4927 -0.222846 0.557311
    endloop
  endfacet
  facet normal -0.999464 -0.0327303 -5.37e-05
    outer loop
      vertex -17.5 0 0
      vertex -17.4855 -0.443752 0.593895
      vertex -17.4891 -0.333785 0.571948
    endloop
  endfacet
  facet normal -0.999464 -0.0327464 -6.57617e-05
    outer loop
      vertex -17.4625 -1.14455 0
      vertex -17.4855 -0.443752 0.593895
      vertex -17.5 0 0
    endloop
  endfacet
  facet normal -0.999453 -0.0330735 0.000320584
    outer loop
      vertex -17.4855 -0.443752 0.593895
      vertex -17.4625 -1.14455 0
      vertex -17.4819 -0.552258 0.623099
    endloop
  endfacet
  facet normal -0.999462 -0.032806 6.61003e-05
    outer loop
      vertex -17.4819 -0.552258 0.623099
      vertex -17.4625 -1.14455 0
      vertex -17.4784 -0.658815 0.659479
    endloop
  endfacet
  facet normal -0.999467 -0.0326554 -4.49912e-05
    outer loop
      vertex -17.4784 -0.658815 0.659479
      vertex -17.4625 -1.14455 0
      vertex -17.475 -0.762937 0.702916
    endloop
  endfacet
  facet normal -0.999468 -0.0326208 -6.37682e-05
    outer loop
      vertex -17.475 -0.762937 0.702916
      vertex -17.4625 -1.14455 0
      vertex -17.4717 -0.864144 0.753258
    endloop
  endfacet
  facet normal -0.999465 -0.0327126 -2.95768e-05
    outer loop
      vertex -17.4717 -0.864144 0.753258
      vertex -17.4625 -1.14455 0
      vertex -17.4685 -0.961965 0.810318
    endloop
  endfacet
  facet normal -0.999457 -0.0329529 2.46407e-05
    outer loop
      vertex -17.4685 -0.961965 0.810318
      vertex -17.4625 -1.14455 0
      vertex -17.4654 -1.05594 0.873875
    endloop
  endfacet
  facet normal -0.999465 -0.0327102 0
    outer loop
      vertex -17.4654 -1.05594 0.873875
      vertex -17.4625 -1.14455 0
      vertex -17.4625 -1.14455 0.94285
    endloop
  endfacet
  facet normal -0.999478 -0.0322922 0
    outer loop
      vertex -17.4964 -0.111424 3.95
      vertex -17.5 0 4.5
      vertex -17.5 0 3.95
    endloop
  endfacet
  facet normal -0.999449 -0.0332009 0.000184288
    outer loop
      vertex -17.4927 -0.222846 3.94269
      vertex -17.5 0 4.5
      vertex -17.4964 -0.111424 3.95
    endloop
  endfacet
  facet normal -0.999474 -0.0324161 -0.000129858
    outer loop
      vertex -17.4891 -0.333785 3.92805
      vertex -17.5 0 4.5
      vertex -17.4927 -0.222846 3.94269
    endloop
  endfacet
  facet normal -0.999464 -0.0327303 5.36975e-05
    outer loop
      vertex -17.4855 -0.443752 3.90611
      vertex -17.5 0 4.5
      vertex -17.4891 -0.333785 3.92805
    endloop
  endfacet
  facet normal -0.999453 -0.0330734 -0.00032057
    outer loop
      vertex -17.4625 -1.14455 4.5
      vertex -17.4855 -0.443752 3.90611
      vertex -17.4819 -0.552258 3.8769
    endloop
  endfacet
  facet normal -0.999462 -0.032806 -6.61002e-05
    outer loop
      vertex -17.4625 -1.14455 4.5
      vertex -17.4819 -0.552258 3.8769
      vertex -17.4784 -0.658815 3.84052
    endloop
  endfacet
  facet normal -0.999467 -0.0326554 4.49905e-05
    outer loop
      vertex -17.4625 -1.14455 4.5
      vertex -17.4784 -0.658815 3.84052
      vertex -17.475 -0.762937 3.79708
    endloop
  endfacet
  facet normal -0.999468 -0.0326208 6.37685e-05
    outer loop
      vertex -17.4625 -1.14455 4.5
      vertex -17.475 -0.762937 3.79708
      vertex -17.4717 -0.864144 3.74674
    endloop
  endfacet
  facet normal -0.999465 -0.0327126 2.95768e-05
    outer loop
      vertex -17.4625 -1.14455 4.5
      vertex -17.4717 -0.864144 3.74674
      vertex -17.4685 -0.961965 3.68968
    endloop
  endfacet
  facet normal -0.999457 -0.0329529 -2.4641e-05
    outer loop
      vertex -17.4625 -1.14455 4.5
      vertex -17.4685 -0.961965 3.68968
      vertex -17.4654 -1.05594 3.62613
    endloop
  endfacet
  facet normal -0.999465 -0.0327102 -0
    outer loop
      vertex -17.4625 -1.14455 4.5
      vertex -17.4654 -1.05594 3.62613
      vertex -17.4625 -1.14455 3.55715
    endloop
  endfacet
  facet normal -0.999464 -0.0327464 6.57622e-05
    outer loop
      vertex -17.4855 -0.443752 3.90611
      vertex -17.4625 -1.14455 4.5
      vertex -17.5 0 4.5
    endloop
  endfacet
  facet normal 0.986635 0.162945 0
    outer loop
      vertex 17.3503 2.28421 4.5
      vertex 17.1637 3.41408 0
      vertex 17.1637 3.41408 4.5
    endloop
  endfacet
  facet normal 0.986635 0.162945 0
    outer loop
      vertex 17.1637 3.41408 0
      vertex 17.3503 2.28421 4.5
      vertex 17.3503 2.28421 0
    endloop
  endfacet
  facet normal 0.995178 0.0980807 0
    outer loop
      vertex 17.3503 2.28421 4.5
      vertex 17.3978 1.80225 2.25
      vertex 17.3503 2.28421 0
    endloop
  endfacet
  facet normal 0.99525 0.0973522 0.000157564
    outer loop
      vertex 17.3503 2.28421 4.5
      vertex 17.3982 1.79797 2.36784
      vertex 17.3978 1.80225 2.25
    endloop
  endfacet
  facet normal 0.995334 0.0964922 0.000355562
    outer loop
      vertex 17.3503 2.28421 4.5
      vertex 17.3994 1.78516 2.48502
      vertex 17.3982 1.79797 2.36784
    endloop
  endfacet
  facet normal 0.995177 0.0980973 -4.5789e-05
    outer loop
      vertex 17.3503 2.28421 4.5
      vertex 17.4015 1.76391 2.60086
      vertex 17.3994 1.78516 2.48502
    endloop
  endfacet
  facet normal 0.995203 0.0978361 2.64575e-05
    outer loop
      vertex 17.3503 2.28421 4.5
      vertex 17.4044 1.73438 2.71473
      vertex 17.4015 1.76391 2.60086
    endloop
  endfacet
  facet normal 0.995196 0.0978995 6.75485e-06
    outer loop
      vertex 17.3503 2.28421 4.5
      vertex 17.4081 1.69676 2.82597
      vertex 17.4044 1.73438 2.71473
    endloop
  endfacet
  facet normal 0.995159 0.0982743 -0.000126049
    outer loop
      vertex 17.3503 2.28421 4.5
      vertex 17.4126 1.65133 2.934
      vertex 17.4081 1.69676 2.82597
    endloop
  endfacet
  facet normal 0.995202 0.0978375 5.21983e-05
    outer loop
      vertex 17.3503 2.28421 4.5
      vertex 17.4178 1.59838 3.03823
      vertex 17.4126 1.65133 2.934
    endloop
  endfacet
  facet normal 0.995115 0.0987208 -0.000366261
    outer loop
      vertex 17.3503 2.28421 4.5
      vertex 17.4238 1.53827 3.13812
      vertex 17.4178 1.59838 3.03823
    endloop
  endfacet
  facet normal 0.995251 0.0973377 0.000398639
    outer loop
      vertex 17.3503 2.28421 4.5
      vertex 17.4303 1.47142 3.23317
      vertex 17.4238 1.53827 3.13812
    endloop
  endfacet
  facet normal 0.995192 0.0979391 9.08424e-06
    outer loop
      vertex 17.3503 2.28421 4.5
      vertex 17.4375 1.39825 3.32292
      vertex 17.4303 1.47142 3.23317
    endloop
  endfacet
  facet normal 0.995176 0.098107 -0.000118529
    outer loop
      vertex 17.3503 2.28421 4.5
      vertex 17.4453 1.31923 3.40694
      vertex 17.4375 1.39825 3.32292
    endloop
  endfacet
  facet normal 0.995192 0.0979416 2.89264e-05
    outer loop
      vertex 17.3503 2.28421 4.5
      vertex 17.4536 1.23487 3.48487
      vertex 17.4453 1.31923 3.40694
    endloop
  endfacet
  facet normal 0.995189 0.0979767 -7.80218e-06
    outer loop
      vertex 17.4625 1.14455 4.5
      vertex 17.4536 1.23487 3.48487
      vertex 17.3503 2.28421 4.5
    endloop
  endfacet
  facet normal 0.995169 0.0981752 1.00226e-05
    outer loop
      vertex 17.4536 1.23487 3.48487
      vertex 17.4625 1.14455 4.5
      vertex 17.4624 1.14566 3.55638
    endloop
  endfacet
  facet normal 0.995966 0.0897267 0
    outer loop
      vertex 17.4624 1.14566 3.55638
      vertex 17.4625 1.14455 4.5
      vertex 17.4625 1.14455 3.55715
    endloop
  endfacet
  facet normal 0.99525 0.0973522 -0.000157552
    outer loop
      vertex 17.3982 1.79797 2.13215
      vertex 17.3503 2.28421 0
      vertex 17.3978 1.80225 2.25
    endloop
  endfacet
  facet normal 0.995334 0.0964921 -0.000355583
    outer loop
      vertex 17.3994 1.78516 2.01498
      vertex 17.3503 2.28421 0
      vertex 17.3982 1.79797 2.13215
    endloop
  endfacet
  facet normal 0.995177 0.0980973 4.5789e-05
    outer loop
      vertex 17.4015 1.76391 1.89914
      vertex 17.3503 2.28421 0
      vertex 17.3994 1.78516 2.01498
    endloop
  endfacet
  facet normal 0.995203 0.0978361 -2.64575e-05
    outer loop
      vertex 17.4044 1.73438 1.78527
      vertex 17.3503 2.28421 0
      vertex 17.4015 1.76391 1.89914
    endloop
  endfacet
  facet normal 0.995196 0.0978995 -6.75485e-06
    outer loop
      vertex 17.4081 1.69676 1.67403
      vertex 17.3503 2.28421 0
      vertex 17.4044 1.73438 1.78527
    endloop
  endfacet
  facet normal 0.995159 0.0982743 0.000126049
    outer loop
      vertex 17.4126 1.65133 1.566
      vertex 17.3503 2.28421 0
      vertex 17.4081 1.69676 1.67403
    endloop
  endfacet
  facet normal 0.995202 0.0978375 -5.21983e-05
    outer loop
      vertex 17.4178 1.59838 1.46177
      vertex 17.3503 2.28421 0
      vertex 17.4126 1.65133 1.566
    endloop
  endfacet
  facet normal 0.995115 0.0987208 0.000366261
    outer loop
      vertex 17.4238 1.53827 1.36188
      vertex 17.3503 2.28421 0
      vertex 17.4178 1.59838 1.46177
    endloop
  endfacet
  facet normal 0.995251 0.0973377 -0.000398639
    outer loop
      vertex 17.4303 1.47142 1.26683
      vertex 17.3503 2.28421 0
      vertex 17.4238 1.53827 1.36188
    endloop
  endfacet
  facet normal 0.995192 0.0979391 -9.08424e-06
    outer loop
      vertex 17.4375 1.39825 1.17708
      vertex 17.3503 2.28421 0
      vertex 17.4303 1.47142 1.26683
    endloop
  endfacet
  facet normal 0.995176 0.098107 0.000118529
    outer loop
      vertex 17.4453 1.31923 1.09306
      vertex 17.3503 2.28421 0
      vertex 17.4375 1.39825 1.17708
    endloop
  endfacet
  facet normal 0.995192 0.0979416 -2.89264e-05
    outer loop
      vertex 17.4536 1.23487 1.01513
      vertex 17.3503 2.28421 0
      vertex 17.4453 1.31923 1.09306
    endloop
  endfacet
  facet normal 0.995169 0.0981752 -1.00226e-05
    outer loop
      vertex 17.4625 1.14455 0
      vertex 17.4536 1.23487 1.01513
      vertex 17.4624 1.14566 0.94362
    endloop
  endfacet
  facet normal 0.995966 0.0897267 -0
    outer loop
      vertex 17.4625 1.14455 0
      vertex 17.4624 1.14566 0.94362
      vertex 17.4625 1.14455 0.94285
    endloop
  endfacet
  facet normal 0.995189 0.0979767 7.80218e-06
    outer loop
      vertex 17.4536 1.23487 1.01513
      vertex 17.4625 1.14455 0
      vertex 17.3503 2.28421 0
    endloop
  endfacet
  facet normal 0.812853 0.582468 0
    outer loop
      vertex 14.5507 9.72248 4.5
      vertex 13.8837 10.6533 0
      vertex 13.8837 10.6533 4.5
    endloop
  endfacet
  facet normal 0.812853 0.582468 0
    outer loop
      vertex 13.8837 10.6533 0
      vertex 14.5507 9.72248 4.5
      vertex 14.5507 9.72248 0
    endloop
  endfacet
  facet normal 0.881896 0.471445 0
    outer loop
      vertex 15.6953 7.74005 4.5
      vertex 15.1554 8.75 0
      vertex 15.1554 8.75 4.5
    endloop
  endfacet
  facet normal 0.881896 0.471445 0
    outer loop
      vertex 15.1554 8.75 0
      vertex 15.6953 7.74005 4.5
      vertex 15.6953 7.74005 0
    endloop
  endfacet
  facet normal 0.91087 0.412694 0
    outer loop
      vertex 16.1679 6.69696 4.5
      vertex 15.6953 7.74005 0
      vertex 15.6953 7.74005 4.5
    endloop
  endfacet
  facet normal 0.91087 0.412694 0
    outer loop
      vertex 15.6953 7.74005 0
      vertex 16.1679 6.69696 4.5
      vertex 16.1679 6.69696 0
    endloop
  endfacet
  facet normal 0.290264 0.956947 -0
    outer loop
      vertex 5.62519 16.5713 0
      vertex 4.52933 16.9037 4.5
      vertex 5.62519 16.5713 4.5
    endloop
  endfacet
  facet normal 0.290264 0.956947 0
    outer loop
      vertex 4.52933 16.9037 4.5
      vertex 5.62519 16.5713 0
      vertex 4.52933 16.9037 0
    endloop
  endfacet
  facet normal 0.162945 0.986635 -0
    outer loop
      vertex 3.41408 17.1637 0
      vertex 2.28421 17.3503 4.5
      vertex 3.41408 17.1637 4.5
    endloop
  endfacet
  facet normal 0.162945 0.986635 0
    outer loop
      vertex 2.28421 17.3503 4.5
      vertex 3.41408 17.1637 0
      vertex 2.28421 17.3503 0
    endloop
  endfacet
  facet normal 0.0979767 0.995189 -0
    outer loop
      vertex 2.28421 17.3503 0
      vertex 1.14455 17.4625 4.5
      vertex 2.28421 17.3503 4.5
    endloop
  endfacet
  facet normal 0.0979767 0.995189 0
    outer loop
      vertex 1.14455 17.4625 4.5
      vertex 2.28421 17.3503 0
      vertex 1.14455 17.4625 0
    endloop
  endfacet
  facet normal 0.412694 0.91087 -0
    outer loop
      vertex 7.74005 15.6953 0
      vertex 6.69696 16.1679 4.5
      vertex 7.74005 15.6953 4.5
    endloop
  endfacet
  facet normal 0.412694 0.91087 0
    outer loop
      vertex 6.69696 16.1679 4.5
      vertex 7.74005 15.6953 0
      vertex 6.69696 16.1679 0
    endloop
  endfacet
  facet normal 0.528051 0.849213 -0
    outer loop
      vertex 9.72248 14.5507 0
      vertex 8.75 15.1554 4.5
      vertex 9.72248 14.5507 4.5
    endloop
  endfacet
  facet normal 0.528051 0.849213 0
    outer loop
      vertex 8.75 15.1554 4.5
      vertex 9.72248 14.5507 0
      vertex 8.75 15.1554 0
    endloop
  endfacet
  facet normal 0.634369 0.773031 -0
    outer loop
      vertex 11.5386 13.1572 0
      vertex 10.6533 13.8837 4.5
      vertex 11.5386 13.1572 4.5
    endloop
  endfacet
  facet normal 0.634369 0.773031 0
    outer loop
      vertex 10.6533 13.8837 4.5
      vertex 11.5386 13.1572 0
      vertex 10.6533 13.8837 0
    endloop
  endfacet
  facet normal 0.683587 0.729869 -0
    outer loop
      vertex 12.3744 12.3744 0
      vertex 11.5386 13.1572 4.5
      vertex 12.3744 12.3744 4.5
    endloop
  endfacet
  facet normal 0.683587 0.729869 0
    outer loop
      vertex 11.5386 13.1572 4.5
      vertex 12.3744 12.3744 0
      vertex 11.5386 13.1572 0
    endloop
  endfacet
  facet normal -0.773031 0.634369 0
    outer loop
      vertex -13.8837 10.6533 0
      vertex -13.1572 11.5386 4.5
      vertex -13.1572 11.5386 0
    endloop
  endfacet
  facet normal -0.773031 0.634369 0
    outer loop
      vertex -13.1572 11.5386 4.5
      vertex -13.8837 10.6533 0
      vertex -13.8837 10.6533 4.5
    endloop
  endfacet
  facet normal -0.91087 0.412694 0
    outer loop
      vertex -16.1679 6.69696 0
      vertex -15.6953 7.74005 4.5
      vertex -15.6953 7.74005 0
    endloop
  endfacet
  facet normal -0.91087 0.412694 0
    outer loop
      vertex -15.6953 7.74005 4.5
      vertex -16.1679 6.69696 0
      vertex -16.1679 6.69696 4.5
    endloop
  endfacet
  facet normal -0.956947 0.290264 0
    outer loop
      vertex -16.9037 4.52933 0
      vertex -16.5713 5.62519 4.5
      vertex -16.5713 5.62519 0
    endloop
  endfacet
  facet normal -0.956947 0.290264 0
    outer loop
      vertex -16.5713 5.62519 4.5
      vertex -16.9037 4.52933 0
      vertex -16.9037 4.52933 4.5
    endloop
  endfacet
  facet normal -0.986635 0.162945 0
    outer loop
      vertex -17.3503 2.28421 0
      vertex -17.1637 3.41408 4.5
      vertex -17.1637 3.41408 0
    endloop
  endfacet
  facet normal -0.986635 0.162945 0
    outer loop
      vertex -17.1637 3.41408 4.5
      vertex -17.3503 2.28421 0
      vertex -17.3503 2.28421 4.5
    endloop
  endfacet
  facet normal -0.995178 0.0980807 0
    outer loop
      vertex -17.3503 2.28421 0
      vertex -17.3978 1.80225 2.25
      vertex -17.3503 2.28421 4.5
    endloop
  endfacet
  facet normal -0.99525 0.0973522 -0.000157552
    outer loop
      vertex -17.3503 2.28421 0
      vertex -17.3982 1.79797 2.13215
      vertex -17.3978 1.80225 2.25
    endloop
  endfacet
  facet normal -0.995334 0.0964921 -0.000355583
    outer loop
      vertex -17.3503 2.28421 0
      vertex -17.3994 1.78516 2.01498
      vertex -17.3982 1.79797 2.13215
    endloop
  endfacet
  facet normal -0.995177 0.0980973 4.5789e-05
    outer loop
      vertex -17.3503 2.28421 0
      vertex -17.4015 1.76391 1.89914
      vertex -17.3994 1.78516 2.01498
    endloop
  endfacet
  facet normal -0.995203 0.0978361 -2.64575e-05
    outer loop
      vertex -17.3503 2.28421 0
      vertex -17.4044 1.73438 1.78527
      vertex -17.4015 1.76391 1.89914
    endloop
  endfacet
  facet normal -0.995196 0.0978995 -6.75485e-06
    outer loop
      vertex -17.3503 2.28421 0
      vertex -17.4081 1.69676 1.67403
      vertex -17.4044 1.73438 1.78527
    endloop
  endfacet
  facet normal -0.995159 0.0982743 0.000126049
    outer loop
      vertex -17.3503 2.28421 0
      vertex -17.4126 1.65133 1.566
      vertex -17.4081 1.69676 1.67403
    endloop
  endfacet
  facet normal -0.995202 0.0978375 -5.21983e-05
    outer loop
      vertex -17.3503 2.28421 0
      vertex -17.4178 1.59838 1.46177
      vertex -17.4126 1.65133 1.566
    endloop
  endfacet
  facet normal -0.995115 0.0987208 0.000366261
    outer loop
      vertex -17.3503 2.28421 0
      vertex -17.4238 1.53827 1.36188
      vertex -17.4178 1.59838 1.46177
    endloop
  endfacet
  facet normal -0.995251 0.0973377 -0.000398639
    outer loop
      vertex -17.3503 2.28421 0
      vertex -17.4303 1.47142 1.26683
      vertex -17.4238 1.53827 1.36188
    endloop
  endfacet
  facet normal -0.995192 0.0979391 -9.08424e-06
    outer loop
      vertex -17.3503 2.28421 0
      vertex -17.4375 1.39825 1.17708
      vertex -17.4303 1.47142 1.26683
    endloop
  endfacet
  facet normal -0.995176 0.098107 0.000118529
    outer loop
      vertex -17.3503 2.28421 0
      vertex -17.4453 1.31923 1.09306
      vertex -17.4375 1.39825 1.17708
    endloop
  endfacet
  facet normal -0.995192 0.0979416 -2.89264e-05
    outer loop
      vertex -17.3503 2.28421 0
      vertex -17.4536 1.23487 1.01513
      vertex -17.4453 1.31923 1.09306
    endloop
  endfacet
  facet normal -0.995189 0.0979767 7.80218e-06
    outer loop
      vertex -17.4625 1.14455 0
      vertex -17.4536 1.23487 1.01513
      vertex -17.3503 2.28421 0
    endloop
  endfacet
  facet normal -0.995169 0.0981752 -1.00226e-05
    outer loop
      vertex -17.4536 1.23487 1.01513
      vertex -17.4625 1.14455 0
      vertex -17.4624 1.14566 0.94362
    endloop
  endfacet
  facet normal -0.995966 0.0897267 0
    outer loop
      vertex -17.4624 1.14566 0.94362
      vertex -17.4625 1.14455 0
      vertex -17.4625 1.14455 0.94285
    endloop
  endfacet
  facet normal -0.99525 0.0973522 0.000157564
    outer loop
      vertex -17.3982 1.79797 2.36784
      vertex -17.3503 2.28421 4.5
      vertex -17.3978 1.80225 2.25
    endloop
  endfacet
  facet normal -0.995334 0.0964922 0.000355562
    outer loop
      vertex -17.3994 1.78516 2.48502
      vertex -17.3503 2.28421 4.5
      vertex -17.3982 1.79797 2.36784
    endloop
  endfacet
  facet normal -0.995177 0.0980973 -4.5789e-05
    outer loop
      vertex -17.4015 1.76391 2.60086
      vertex -17.3503 2.28421 4.5
      vertex -17.3994 1.78516 2.48502
    endloop
  endfacet
  facet normal -0.995203 0.0978361 2.64575e-05
    outer loop
      vertex -17.4044 1.73438 2.71473
      vertex -17.3503 2.28421 4.5
      vertex -17.4015 1.76391 2.60086
    endloop
  endfacet
  facet normal -0.995196 0.0978995 6.75485e-06
    outer loop
      vertex -17.4081 1.69676 2.82597
      vertex -17.3503 2.28421 4.5
      vertex -17.4044 1.73438 2.71473
    endloop
  endfacet
  facet normal -0.995159 0.0982743 -0.000126049
    outer loop
      vertex -17.4126 1.65133 2.934
      vertex -17.3503 2.28421 4.5
      vertex -17.4081 1.69676 2.82597
    endloop
  endfacet
  facet normal -0.995202 0.0978375 5.21983e-05
    outer loop
      vertex -17.4178 1.59838 3.03823
      vertex -17.3503 2.28421 4.5
      vertex -17.4126 1.65133 2.934
    endloop
  endfacet
  facet normal -0.995115 0.0987208 -0.000366261
    outer loop
      vertex -17.4238 1.53827 3.13812
      vertex -17.3503 2.28421 4.5
      vertex -17.4178 1.59838 3.03823
    endloop
  endfacet
  facet normal -0.995251 0.0973377 0.000398639
    outer loop
      vertex -17.4303 1.47142 3.23317
      vertex -17.3503 2.28421 4.5
      vertex -17.4238 1.53827 3.13812
    endloop
  endfacet
  facet normal -0.995192 0.0979391 9.08424e-06
    outer loop
      vertex -17.4375 1.39825 3.32292
      vertex -17.3503 2.28421 4.5
      vertex -17.4303 1.47142 3.23317
    endloop
  endfacet
  facet normal -0.995176 0.098107 -0.000118529
    outer loop
      vertex -17.4453 1.31923 3.40694
      vertex -17.3503 2.28421 4.5
      vertex -17.4375 1.39825 3.32292
    endloop
  endfacet
  facet normal -0.995192 0.0979416 2.89264e-05
    outer loop
      vertex -17.4536 1.23487 3.48487
      vertex -17.3503 2.28421 4.5
      vertex -17.4453 1.31923 3.40694
    endloop
  endfacet
  facet normal -0.995169 0.0981752 1.00226e-05
    outer loop
      vertex -17.4625 1.14455 4.5
      vertex -17.4536 1.23487 3.48487
      vertex -17.4624 1.14566 3.55638
    endloop
  endfacet
  facet normal -0.995966 0.0897267 0
    outer loop
      vertex -17.4625 1.14455 4.5
      vertex -17.4624 1.14566 3.55638
      vertex -17.4625 1.14455 3.55715
    endloop
  endfacet
  facet normal -0.995189 0.0979767 -7.80218e-06
    outer loop
      vertex -17.4536 1.23487 3.48487
      vertex -17.4625 1.14455 4.5
      vertex -17.3503 2.28421 4.5
    endloop
  endfacet
  facet normal -0.582468 0.812853 0
    outer loop
      vertex -9.72248 14.5507 0
      vertex -10.6533 13.8837 4.5
      vertex -9.72248 14.5507 4.5
    endloop
  endfacet
  facet normal -0.582468 0.812853 0
    outer loop
      vertex -10.6533 13.8837 4.5
      vertex -9.72248 14.5507 0
      vertex -10.6533 13.8837 0
    endloop
  endfacet
  facet normal -0.471445 0.881896 0
    outer loop
      vertex -7.74005 15.6953 0
      vertex -8.75 15.1554 4.5
      vertex -7.74005 15.6953 4.5
    endloop
  endfacet
  facet normal -0.471445 0.881896 0
    outer loop
      vertex -8.75 15.1554 4.5
      vertex -7.74005 15.6953 0
      vertex -8.75 15.1554 0
    endloop
  endfacet
  facet normal -0.352261 0.935902 0
    outer loop
      vertex -5.62519 16.5713 0
      vertex -6.69696 16.1679 4.5
      vertex -5.62519 16.5713 4.5
    endloop
  endfacet
  facet normal -0.352261 0.935902 0
    outer loop
      vertex -6.69696 16.1679 4.5
      vertex -5.62519 16.5713 0
      vertex -6.69696 16.1679 0
    endloop
  endfacet
  facet normal -0.227043 0.973885 0
    outer loop
      vertex -3.41408 17.1637 0
      vertex -4.52933 16.9037 4.5
      vertex -3.41408 17.1637 4.5
    endloop
  endfacet
  facet normal -0.227043 0.973885 0
    outer loop
      vertex -4.52933 16.9037 4.5
      vertex -3.41408 17.1637 0
      vertex -4.52933 16.9037 0
    endloop
  endfacet
  facet normal -0.162945 0.986635 0
    outer loop
      vertex -2.28421 17.3503 0
      vertex -3.41408 17.1637 4.5
      vertex -2.28421 17.3503 4.5
    endloop
  endfacet
  facet normal -0.162945 0.986635 0
    outer loop
      vertex -3.41408 17.1637 4.5
      vertex -2.28421 17.3503 0
      vertex -3.41408 17.1637 0
    endloop
  endfacet
  facet normal 0.999478 -0.0322922 0
    outer loop
      vertex 17.4964 -0.111424 0.55
      vertex 17.5 0 0
      vertex 17.5 0 0.55
    endloop
  endfacet
  facet normal 0.999449 -0.0332009 -0.000184288
    outer loop
      vertex 17.4927 -0.222846 0.557311
      vertex 17.5 0 0
      vertex 17.4964 -0.111424 0.55
    endloop
  endfacet
  facet normal 0.999474 -0.0324161 0.000129856
    outer loop
      vertex 17.4891 -0.333785 0.571948
      vertex 17.5 0 0
      vertex 17.4927 -0.222846 0.557311
    endloop
  endfacet
  facet normal 0.999464 -0.0327303 -5.37e-05
    outer loop
      vertex 17.4855 -0.443752 0.593895
      vertex 17.5 0 0
      vertex 17.4891 -0.333785 0.571948
    endloop
  endfacet
  facet normal 0.999453 -0.0330735 0.000320584
    outer loop
      vertex 17.4625 -1.14455 0
      vertex 17.4855 -0.443752 0.593895
      vertex 17.4819 -0.552258 0.623099
    endloop
  endfacet
  facet normal 0.999462 -0.032806 6.61003e-05
    outer loop
      vertex 17.4625 -1.14455 0
      vertex 17.4819 -0.552258 0.623099
      vertex 17.4784 -0.658815 0.659479
    endloop
  endfacet
  facet normal 0.999467 -0.0326554 -4.49912e-05
    outer loop
      vertex 17.4625 -1.14455 0
      vertex 17.4784 -0.658815 0.659479
      vertex 17.475 -0.762937 0.702916
    endloop
  endfacet
  facet normal 0.999468 -0.0326208 -6.37682e-05
    outer loop
      vertex 17.4625 -1.14455 0
      vertex 17.475 -0.762937 0.702916
      vertex 17.4717 -0.864144 0.753258
    endloop
  endfacet
  facet normal 0.999465 -0.0327126 -2.95768e-05
    outer loop
      vertex 17.4625 -1.14455 0
      vertex 17.4717 -0.864144 0.753258
      vertex 17.4685 -0.961965 0.810318
    endloop
  endfacet
  facet normal 0.999457 -0.0329529 2.46407e-05
    outer loop
      vertex 17.4625 -1.14455 0
      vertex 17.4685 -0.961965 0.810318
      vertex 17.4654 -1.05594 0.873875
    endloop
  endfacet
  facet normal 0.999465 -0.0327102 0
    outer loop
      vertex 17.4625 -1.14455 0
      vertex 17.4654 -1.05594 0.873875
      vertex 17.4625 -1.14455 0.94285
    endloop
  endfacet
  facet normal 0.999464 -0.0327464 -6.57617e-05
    outer loop
      vertex 17.4855 -0.443752 0.593895
      vertex 17.4625 -1.14455 0
      vertex 17.5 0 0
    endloop
  endfacet
  facet normal 0.999478 -0.0322922 0
    outer loop
      vertex 17.5 0 4.5
      vertex 17.4964 -0.111424 3.95
      vertex 17.5 0 3.95
    endloop
  endfacet
  facet normal 0.999449 -0.0332009 0.000184288
    outer loop
      vertex 17.5 0 4.5
      vertex 17.4927 -0.222846 3.94269
      vertex 17.4964 -0.111424 3.95
    endloop
  endfacet
  facet normal 0.999474 -0.0324161 -0.000129858
    outer loop
      vertex 17.5 0 4.5
      vertex 17.4891 -0.333785 3.92805
      vertex 17.4927 -0.222846 3.94269
    endloop
  endfacet
  facet normal 0.999464 -0.0327303 5.36975e-05
    outer loop
      vertex 17.5 0 4.5
      vertex 17.4855 -0.443752 3.90611
      vertex 17.4891 -0.333785 3.92805
    endloop
  endfacet
  facet normal 0.999464 -0.0327464 6.57622e-05
    outer loop
      vertex 17.4625 -1.14455 4.5
      vertex 17.4855 -0.443752 3.90611
      vertex 17.5 0 4.5
    endloop
  endfacet
  facet normal 0.999453 -0.0330734 -0.00032057
    outer loop
      vertex 17.4855 -0.443752 3.90611
      vertex 17.4625 -1.14455 4.5
      vertex 17.4819 -0.552258 3.8769
    endloop
  endfacet
  facet normal 0.999462 -0.032806 -6.61002e-05
    outer loop
      vertex 17.4819 -0.552258 3.8769
      vertex 17.4625 -1.14455 4.5
      vertex 17.4784 -0.658815 3.84052
    endloop
  endfacet
  facet normal 0.999467 -0.0326554 4.49905e-05
    outer loop
      vertex 17.4784 -0.658815 3.84052
      vertex 17.4625 -1.14455 4.5
      vertex 17.475 -0.762937 3.79708
    endloop
  endfacet
  facet normal 0.999468 -0.0326208 6.37685e-05
    outer loop
      vertex 17.475 -0.762937 3.79708
      vertex 17.4625 -1.14455 4.5
      vertex 17.4717 -0.864144 3.74674
    endloop
  endfacet
  facet normal 0.999465 -0.0327126 2.95768e-05
    outer loop
      vertex 17.4717 -0.864144 3.74674
      vertex 17.4625 -1.14455 4.5
      vertex 17.4685 -0.961965 3.68968
    endloop
  endfacet
  facet normal 0.999457 -0.0329529 -2.4641e-05
    outer loop
      vertex 17.4685 -0.961965 3.68968
      vertex 17.4625 -1.14455 4.5
      vertex 17.4654 -1.05594 3.62613
    endloop
  endfacet
  facet normal 0.999465 -0.0327102 0
    outer loop
      vertex 17.4654 -1.05594 3.62613
      vertex 17.4625 -1.14455 4.5
      vertex 17.4625 -1.14455 3.55715
    endloop
  endfacet
  facet normal 0.162945 -0.986635 0
    outer loop
      vertex 2.28421 -17.3503 0
      vertex 3.41408 -17.1637 4.5
      vertex 2.28421 -17.3503 4.5
    endloop
  endfacet
  facet normal 0.162945 -0.986635 0
    outer loop
      vertex 3.41408 -17.1637 4.5
      vertex 2.28421 -17.3503 0
      vertex 3.41408 -17.1637 0
    endloop
  endfacet
  facet normal 0.0979767 -0.995189 0
    outer loop
      vertex 1.14455 -17.4625 0
      vertex 2.28421 -17.3503 4.5
      vertex 1.14455 -17.4625 4.5
    endloop
  endfacet
  facet normal 0.0979767 -0.995189 0
    outer loop
      vertex 2.28421 -17.3503 4.5
      vertex 1.14455 -17.4625 0
      vertex 2.28421 -17.3503 0
    endloop
  endfacet
  facet normal 0.290264 -0.956947 0
    outer loop
      vertex 4.52933 -16.9037 0
      vertex 5.62519 -16.5713 4.5
      vertex 4.52933 -16.9037 4.5
    endloop
  endfacet
  facet normal 0.290264 -0.956947 0
    outer loop
      vertex 5.62519 -16.5713 4.5
      vertex 4.52933 -16.9037 0
      vertex 5.62519 -16.5713 0
    endloop
  endfacet
  facet normal 0.352261 -0.935902 0
    outer loop
      vertex 5.62519 -16.5713 0
      vertex 6.69696 -16.1679 4.5
      vertex 5.62519 -16.5713 4.5
    endloop
  endfacet
  facet normal 0.352261 -0.935902 0
    outer loop
      vertex 6.69696 -16.1679 4.5
      vertex 5.62519 -16.5713 0
      vertex 6.69696 -16.1679 0
    endloop
  endfacet
  facet normal 0.683587 -0.729869 0
    outer loop
      vertex 11.5386 -13.1572 0
      vertex 12.3744 -12.3744 4.5
      vertex 11.5386 -13.1572 4.5
    endloop
  endfacet
  facet normal 0.683587 -0.729869 0
    outer loop
      vertex 12.3744 -12.3744 4.5
      vertex 11.5386 -13.1572 0
      vertex 12.3744 -12.3744 0
    endloop
  endfacet
  facet normal 0.412694 -0.91087 0
    outer loop
      vertex 6.69696 -16.1679 0
      vertex 7.74005 -15.6953 4.5
      vertex 6.69696 -16.1679 4.5
    endloop
  endfacet
  facet normal 0.412694 -0.91087 0
    outer loop
      vertex 7.74005 -15.6953 4.5
      vertex 6.69696 -16.1679 0
      vertex 7.74005 -15.6953 0
    endloop
  endfacet
  facet normal 0.729869 -0.683587 0
    outer loop
      vertex 12.3744 -12.3744 4.5
      vertex 13.1572 -11.5386 0
      vertex 13.1572 -11.5386 4.5
    endloop
  endfacet
  facet normal 0.729869 -0.683587 0
    outer loop
      vertex 13.1572 -11.5386 0
      vertex 12.3744 -12.3744 4.5
      vertex 12.3744 -12.3744 0
    endloop
  endfacet
  facet normal 0.773031 -0.634369 0
    outer loop
      vertex 13.1572 -11.5386 4.5
      vertex 13.8837 -10.6533 0
      vertex 13.8837 -10.6533 4.5
    endloop
  endfacet
  facet normal 0.773031 -0.634369 0
    outer loop
      vertex 13.8837 -10.6533 0
      vertex 13.1572 -11.5386 4.5
      vertex 13.1572 -11.5386 0
    endloop
  endfacet
  facet normal 0.881896 -0.471445 0
    outer loop
      vertex 15.1554 -8.75 4.5
      vertex 15.6953 -7.74005 0
      vertex 15.6953 -7.74005 4.5
    endloop
  endfacet
  facet normal 0.881896 -0.471445 0
    outer loop
      vertex 15.6953 -7.74005 0
      vertex 15.1554 -8.75 4.5
      vertex 15.1554 -8.75 0
    endloop
  endfacet
  facet normal 0.91087 -0.412694 0
    outer loop
      vertex 15.6953 -7.74005 4.5
      vertex 16.1679 -6.69696 0
      vertex 16.1679 -6.69696 4.5
    endloop
  endfacet
  facet normal 0.91087 -0.412694 0
    outer loop
      vertex 16.1679 -6.69696 0
      vertex 15.6953 -7.74005 4.5
      vertex 15.6953 -7.74005 0
    endloop
  endfacet
  facet normal 0.935902 -0.352261 0
    outer loop
      vertex 16.1679 -6.69696 4.5
      vertex 16.5713 -5.62519 0
      vertex 16.5713 -5.62519 4.5
    endloop
  endfacet
  facet normal 0.935902 -0.352261 0
    outer loop
      vertex 16.5713 -5.62519 0
      vertex 16.1679 -6.69696 4.5
      vertex 16.1679 -6.69696 0
    endloop
  endfacet
  facet normal 0.956947 -0.290264 0
    outer loop
      vertex 16.5713 -5.62519 4.5
      vertex 16.9037 -4.52933 0
      vertex 16.9037 -4.52933 4.5
    endloop
  endfacet
  facet normal 0.956947 -0.290264 0
    outer loop
      vertex 16.9037 -4.52933 0
      vertex 16.5713 -5.62519 4.5
      vertex 16.5713 -5.62519 0
    endloop
  endfacet
  facet normal 0.995966 -0.0897267 0
    outer loop
      vertex 17.4625 -1.14455 4.5
      vertex 17.4624 -1.14566 3.55638
      vertex 17.4625 -1.14455 3.55715
    endloop
  endfacet
  facet normal 0.995169 -0.0981752 1.00226e-05
    outer loop
      vertex 17.4625 -1.14455 4.5
      vertex 17.4536 -1.23487 3.48487
      vertex 17.4624 -1.14566 3.55638
    endloop
  endfacet
  facet normal 0.995189 -0.0979767 -7.80218e-06
    outer loop
      vertex 17.3503 -2.28421 4.5
      vertex 17.4536 -1.23487 3.48487
      vertex 17.4625 -1.14455 4.5
    endloop
  endfacet
  facet normal 0.995192 -0.0979416 2.89264e-05
    outer loop
      vertex 17.4536 -1.23487 3.48487
      vertex 17.3503 -2.28421 4.5
      vertex 17.4453 -1.31923 3.40694
    endloop
  endfacet
  facet normal 0.995176 -0.098107 -0.000118529
    outer loop
      vertex 17.4453 -1.31923 3.40694
      vertex 17.3503 -2.28421 4.5
      vertex 17.4375 -1.39825 3.32292
    endloop
  endfacet
  facet normal 0.995192 -0.0979391 9.08424e-06
    outer loop
      vertex 17.4375 -1.39825 3.32292
      vertex 17.3503 -2.28421 4.5
      vertex 17.4303 -1.47142 3.23317
    endloop
  endfacet
  facet normal 0.995251 -0.0973377 0.000398639
    outer loop
      vertex 17.4303 -1.47142 3.23317
      vertex 17.3503 -2.28421 4.5
      vertex 17.4238 -1.53827 3.13812
    endloop
  endfacet
  facet normal 0.995115 -0.0987208 -0.000366261
    outer loop
      vertex 17.4238 -1.53827 3.13812
      vertex 17.3503 -2.28421 4.5
      vertex 17.4178 -1.59838 3.03823
    endloop
  endfacet
  facet normal 0.995202 -0.0978375 5.21983e-05
    outer loop
      vertex 17.4178 -1.59838 3.03823
      vertex 17.3503 -2.28421 4.5
      vertex 17.4126 -1.65133 2.934
    endloop
  endfacet
  facet normal 0.995159 -0.0982743 -0.000126049
    outer loop
      vertex 17.4126 -1.65133 2.934
      vertex 17.3503 -2.28421 4.5
      vertex 17.4081 -1.69676 2.82597
    endloop
  endfacet
  facet normal 0.99525 -0.0973522 0.000157564
    outer loop
      vertex 17.3982 -1.79797 2.36784
      vertex 17.3503 -2.28421 4.5
      vertex 17.3978 -1.80225 2.25
    endloop
  endfacet
  facet normal 0.995334 -0.0964922 0.000355562
    outer loop
      vertex 17.3994 -1.78516 2.48502
      vertex 17.3503 -2.28421 4.5
      vertex 17.3982 -1.79797 2.36784
    endloop
  endfacet
  facet normal 0.995177 -0.0980973 -4.5789e-05
    outer loop
      vertex 17.4015 -1.76391 2.60086
      vertex 17.3503 -2.28421 4.5
      vertex 17.3994 -1.78516 2.48502
    endloop
  endfacet
  facet normal 0.995203 -0.0978361 2.64575e-05
    outer loop
      vertex 17.4044 -1.73438 2.71473
      vertex 17.3503 -2.28421 4.5
      vertex 17.4015 -1.76391 2.60086
    endloop
  endfacet
  facet normal 0.995196 -0.0978995 6.75485e-06
    outer loop
      vertex 17.4081 -1.69676 2.82597
      vertex 17.3503 -2.28421 4.5
      vertex 17.4044 -1.73438 2.71473
    endloop
  endfacet
  facet normal 0.995966 -0.0897267 0
    outer loop
      vertex 17.4624 -1.14566 0.94362
      vertex 17.4625 -1.14455 0
      vertex 17.4625 -1.14455 0.94285
    endloop
  endfacet
  facet normal 0.995169 -0.0981752 -1.00226e-05
    outer loop
      vertex 17.4536 -1.23487 1.01513
      vertex 17.4625 -1.14455 0
      vertex 17.4624 -1.14566 0.94362
    endloop
  endfacet
  facet normal 0.995192 -0.0979416 -2.89264e-05
    outer loop
      vertex 17.3503 -2.28421 0
      vertex 17.4536 -1.23487 1.01513
      vertex 17.4453 -1.31923 1.09306
    endloop
  endfacet
  facet normal 0.995176 -0.098107 0.000118529
    outer loop
      vertex 17.3503 -2.28421 0
      vertex 17.4453 -1.31923 1.09306
      vertex 17.4375 -1.39825 1.17708
    endloop
  endfacet
  facet normal 0.995192 -0.0979391 -9.08424e-06
    outer loop
      vertex 17.3503 -2.28421 0
      vertex 17.4375 -1.39825 1.17708
      vertex 17.4303 -1.47142 1.26683
    endloop
  endfacet
  facet normal 0.995251 -0.0973377 -0.000398639
    outer loop
      vertex 17.3503 -2.28421 0
      vertex 17.4303 -1.47142 1.26683
      vertex 17.4238 -1.53827 1.36188
    endloop
  endfacet
  facet normal 0.995115 -0.0987208 0.000366261
    outer loop
      vertex 17.3503 -2.28421 0
      vertex 17.4238 -1.53827 1.36188
      vertex 17.4178 -1.59838 1.46177
    endloop
  endfacet
  facet normal 0.995202 -0.0978375 -5.21983e-05
    outer loop
      vertex 17.3503 -2.28421 0
      vertex 17.4178 -1.59838 1.46177
      vertex 17.4126 -1.65133 1.566
    endloop
  endfacet
  facet normal 0.995159 -0.0982743 0.000126049
    outer loop
      vertex 17.3503 -2.28421 0
      vertex 17.4126 -1.65133 1.566
      vertex 17.4081 -1.69676 1.67403
    endloop
  endfacet
  facet normal 0.995196 -0.0978995 -6.75485e-06
    outer loop
      vertex 17.3503 -2.28421 0
      vertex 17.4081 -1.69676 1.67403
      vertex 17.4044 -1.73438 1.78527
    endloop
  endfacet
  facet normal 0.995178 -0.0980807 0
    outer loop
      vertex 17.3503 -2.28421 0
      vertex 17.3978 -1.80225 2.25
      vertex 17.3503 -2.28421 4.5
    endloop
  endfacet
  facet normal 0.99525 -0.0973522 -0.000157552
    outer loop
      vertex 17.3978 -1.80225 2.25
      vertex 17.3503 -2.28421 0
      vertex 17.3982 -1.79797 2.13215
    endloop
  endfacet
  facet normal 0.995334 -0.0964921 -0.000355583
    outer loop
      vertex 17.3982 -1.79797 2.13215
      vertex 17.3503 -2.28421 0
      vertex 17.3994 -1.78516 2.01498
    endloop
  endfacet
  facet normal 0.995189 -0.0979767 7.80218e-06
    outer loop
      vertex 17.4536 -1.23487 1.01513
      vertex 17.3503 -2.28421 0
      vertex 17.4625 -1.14455 0
    endloop
  endfacet
  facet normal 0.995203 -0.0978361 -2.64575e-05
    outer loop
      vertex 17.4015 -1.76391 1.89914
      vertex 17.3503 -2.28421 0
      vertex 17.4044 -1.73438 1.78527
    endloop
  endfacet
  facet normal 0.995177 -0.0980973 4.5789e-05
    outer loop
      vertex 17.3994 -1.78516 2.01498
      vertex 17.3503 -2.28421 0
      vertex 17.4015 -1.76391 1.89914
    endloop
  endfacet
  facet normal -0.683587 -0.729869 0
    outer loop
      vertex -12.3744 -12.3744 0
      vertex -11.5386 -13.1572 4.5
      vertex -12.3744 -12.3744 4.5
    endloop
  endfacet
  facet normal -0.683587 -0.729869 -0
    outer loop
      vertex -11.5386 -13.1572 4.5
      vertex -12.3744 -12.3744 0
      vertex -11.5386 -13.1572 0
    endloop
  endfacet
  facet normal -0.634369 -0.773031 0
    outer loop
      vertex -11.5386 -13.1572 0
      vertex -10.6533 -13.8837 4.5
      vertex -11.5386 -13.1572 4.5
    endloop
  endfacet
  facet normal -0.634369 -0.773031 -0
    outer loop
      vertex -10.6533 -13.8837 4.5
      vertex -11.5386 -13.1572 0
      vertex -10.6533 -13.8837 0
    endloop
  endfacet
  facet normal -0.471445 -0.881896 0
    outer loop
      vertex -8.75 -15.1554 0
      vertex -7.74005 -15.6953 4.5
      vertex -8.75 -15.1554 4.5
    endloop
  endfacet
  facet normal -0.471445 -0.881896 -0
    outer loop
      vertex -7.74005 -15.6953 4.5
      vertex -8.75 -15.1554 0
      vertex -7.74005 -15.6953 0
    endloop
  endfacet
  facet normal -0.227043 -0.973885 0
    outer loop
      vertex -4.52933 -16.9037 0
      vertex -3.41408 -17.1637 4.5
      vertex -4.52933 -16.9037 4.5
    endloop
  endfacet
  facet normal -0.227043 -0.973885 -0
    outer loop
      vertex -3.41408 -17.1637 4.5
      vertex -4.52933 -16.9037 0
      vertex -3.41408 -17.1637 0
    endloop
  endfacet
  facet normal -0.162945 -0.986635 0
    outer loop
      vertex -3.41408 -17.1637 0
      vertex -2.28421 -17.3503 4.5
      vertex -3.41408 -17.1637 4.5
    endloop
  endfacet
  facet normal -0.162945 -0.986635 -0
    outer loop
      vertex -2.28421 -17.3503 4.5
      vertex -3.41408 -17.1637 0
      vertex -2.28421 -17.3503 0
    endloop
  endfacet
  facet normal -0.729869 -0.683587 0
    outer loop
      vertex -12.3744 -12.3744 0
      vertex -13.1572 -11.5386 4.5
      vertex -13.1572 -11.5386 0
    endloop
  endfacet
  facet normal -0.729869 -0.683587 0
    outer loop
      vertex -13.1572 -11.5386 4.5
      vertex -12.3744 -12.3744 0
      vertex -12.3744 -12.3744 4.5
    endloop
  endfacet
  facet normal -0.849213 -0.528051 0
    outer loop
      vertex -14.5507 -9.72248 0
      vertex -15.1554 -8.75 4.5
      vertex -15.1554 -8.75 0
    endloop
  endfacet
  facet normal -0.849213 -0.528051 0
    outer loop
      vertex -15.1554 -8.75 4.5
      vertex -14.5507 -9.72248 0
      vertex -14.5507 -9.72248 4.5
    endloop
  endfacet
  facet normal -0.935902 -0.352261 0
    outer loop
      vertex -16.1679 -6.69696 0
      vertex -16.5713 -5.62519 4.5
      vertex -16.5713 -5.62519 0
    endloop
  endfacet
  facet normal -0.935902 -0.352261 0
    outer loop
      vertex -16.5713 -5.62519 4.5
      vertex -16.1679 -6.69696 0
      vertex -16.1679 -6.69696 4.5
    endloop
  endfacet
  facet normal -0.956947 -0.290264 0
    outer loop
      vertex -16.5713 -5.62519 0
      vertex -16.9037 -4.52933 4.5
      vertex -16.9037 -4.52933 0
    endloop
  endfacet
  facet normal -0.956947 -0.290264 0
    outer loop
      vertex -16.9037 -4.52933 4.5
      vertex -16.5713 -5.62519 0
      vertex -16.5713 -5.62519 4.5
    endloop
  endfacet
  facet normal -0.995966 -0.0897267 0
    outer loop
      vertex -17.4625 -1.14455 0
      vertex -17.4624 -1.14566 0.94362
      vertex -17.4625 -1.14455 0.94285
    endloop
  endfacet
  facet normal -0.995169 -0.0981752 -1.00226e-05
    outer loop
      vertex -17.4625 -1.14455 0
      vertex -17.4536 -1.23487 1.01513
      vertex -17.4624 -1.14566 0.94362
    endloop
  endfacet
  facet normal -0.995189 -0.0979767 7.80218e-06
    outer loop
      vertex -17.3503 -2.28421 0
      vertex -17.4536 -1.23487 1.01513
      vertex -17.4625 -1.14455 0
    endloop
  endfacet
  facet normal -0.995192 -0.0979416 -2.89264e-05
    outer loop
      vertex -17.4536 -1.23487 1.01513
      vertex -17.3503 -2.28421 0
      vertex -17.4453 -1.31923 1.09306
    endloop
  endfacet
  facet normal -0.995176 -0.098107 0.000118529
    outer loop
      vertex -17.4453 -1.31923 1.09306
      vertex -17.3503 -2.28421 0
      vertex -17.4375 -1.39825 1.17708
    endloop
  endfacet
  facet normal -0.995192 -0.0979391 -9.08424e-06
    outer loop
      vertex -17.4375 -1.39825 1.17708
      vertex -17.3503 -2.28421 0
      vertex -17.4303 -1.47142 1.26683
    endloop
  endfacet
  facet normal -0.995251 -0.0973377 -0.000398639
    outer loop
      vertex -17.4303 -1.47142 1.26683
      vertex -17.3503 -2.28421 0
      vertex -17.4238 -1.53827 1.36188
    endloop
  endfacet
  facet normal -0.995115 -0.0987208 0.000366261
    outer loop
      vertex -17.4238 -1.53827 1.36188
      vertex -17.3503 -2.28421 0
      vertex -17.4178 -1.59838 1.46177
    endloop
  endfacet
  facet normal -0.995202 -0.0978375 -5.21983e-05
    outer loop
      vertex -17.4178 -1.59838 1.46177
      vertex -17.3503 -2.28421 0
      vertex -17.4126 -1.65133 1.566
    endloop
  endfacet
  facet normal -0.995159 -0.0982743 0.000126049
    outer loop
      vertex -17.4126 -1.65133 1.566
      vertex -17.3503 -2.28421 0
      vertex -17.4081 -1.69676 1.67403
    endloop
  endfacet
  facet normal -0.99525 -0.0973522 -0.000157552
    outer loop
      vertex -17.3982 -1.79797 2.13215
      vertex -17.3503 -2.28421 0
      vertex -17.3978 -1.80225 2.25
    endloop
  endfacet
  facet normal -0.995334 -0.0964921 -0.000355583
    outer loop
      vertex -17.3994 -1.78516 2.01498
      vertex -17.3503 -2.28421 0
      vertex -17.3982 -1.79797 2.13215
    endloop
  endfacet
  facet normal -0.995177 -0.0980973 4.5789e-05
    outer loop
      vertex -17.4015 -1.76391 1.89914
      vertex -17.3503 -2.28421 0
      vertex -17.3994 -1.78516 2.01498
    endloop
  endfacet
  facet normal -0.995203 -0.0978361 -2.64575e-05
    outer loop
      vertex -17.4044 -1.73438 1.78527
      vertex -17.3503 -2.28421 0
      vertex -17.4015 -1.76391 1.89914
    endloop
  endfacet
  facet normal -0.995196 -0.0978995 -6.75485e-06
    outer loop
      vertex -17.4081 -1.69676 1.67403
      vertex -17.3503 -2.28421 0
      vertex -17.4044 -1.73438 1.78527
    endloop
  endfacet
  facet normal -0.995966 -0.0897267 0
    outer loop
      vertex -17.4624 -1.14566 3.55638
      vertex -17.4625 -1.14455 4.5
      vertex -17.4625 -1.14455 3.55715
    endloop
  endfacet
  facet normal -0.995169 -0.0981752 1.00226e-05
    outer loop
      vertex -17.4536 -1.23487 3.48487
      vertex -17.4625 -1.14455 4.5
      vertex -17.4624 -1.14566 3.55638
    endloop
  endfacet
  facet normal -0.995192 -0.0979416 2.89264e-05
    outer loop
      vertex -17.3503 -2.28421 4.5
      vertex -17.4536 -1.23487 3.48487
      vertex -17.4453 -1.31923 3.40694
    endloop
  endfacet
  facet normal -0.995176 -0.098107 -0.000118529
    outer loop
      vertex -17.3503 -2.28421 4.5
      vertex -17.4453 -1.31923 3.40694
      vertex -17.4375 -1.39825 3.32292
    endloop
  endfacet
  facet normal -0.995192 -0.0979391 9.08424e-06
    outer loop
      vertex -17.3503 -2.28421 4.5
      vertex -17.4375 -1.39825 3.32292
      vertex -17.4303 -1.47142 3.23317
    endloop
  endfacet
  facet normal -0.995251 -0.0973377 0.000398639
    outer loop
      vertex -17.3503 -2.28421 4.5
      vertex -17.4303 -1.47142 3.23317
      vertex -17.4238 -1.53827 3.13812
    endloop
  endfacet
  facet normal -0.995115 -0.0987208 -0.000366261
    outer loop
      vertex -17.3503 -2.28421 4.5
      vertex -17.4238 -1.53827 3.13812
      vertex -17.4178 -1.59838 3.03823
    endloop
  endfacet
  facet normal -0.995202 -0.0978375 5.21983e-05
    outer loop
      vertex -17.3503 -2.28421 4.5
      vertex -17.4178 -1.59838 3.03823
      vertex -17.4126 -1.65133 2.934
    endloop
  endfacet
  facet normal -0.995159 -0.0982743 -0.000126049
    outer loop
      vertex -17.3503 -2.28421 4.5
      vertex -17.4126 -1.65133 2.934
      vertex -17.4081 -1.69676 2.82597
    endloop
  endfacet
  facet normal -0.995196 -0.0978995 6.75485e-06
    outer loop
      vertex -17.3503 -2.28421 4.5
      vertex -17.4081 -1.69676 2.82597
      vertex -17.4044 -1.73438 2.71473
    endloop
  endfacet
  facet normal -0.995178 -0.0980807 -0
    outer loop
      vertex -17.3503 -2.28421 4.5
      vertex -17.3978 -1.80225 2.25
      vertex -17.3503 -2.28421 0
    endloop
  endfacet
  facet normal -0.99525 -0.0973522 0.000157564
    outer loop
      vertex -17.3978 -1.80225 2.25
      vertex -17.3503 -2.28421 4.5
      vertex -17.3982 -1.79797 2.36784
    endloop
  endfacet
  facet normal -0.995334 -0.0964922 0.000355562
    outer loop
      vertex -17.3982 -1.79797 2.36784
      vertex -17.3503 -2.28421 4.5
      vertex -17.3994 -1.78516 2.48502
    endloop
  endfacet
  facet normal -0.995189 -0.0979767 -7.80218e-06
    outer loop
      vertex -17.4536 -1.23487 3.48487
      vertex -17.3503 -2.28421 4.5
      vertex -17.4625 -1.14455 4.5
    endloop
  endfacet
  facet normal -0.995203 -0.0978361 2.64575e-05
    outer loop
      vertex -17.4015 -1.76391 2.60086
      vertex -17.3503 -2.28421 4.5
      vertex -17.4044 -1.73438 2.71473
    endloop
  endfacet
  facet normal -0.995177 -0.0980973 -4.5789e-05
    outer loop
      vertex -17.3994 -1.78516 2.48502
      vertex -17.3503 -2.28421 4.5
      vertex -17.4015 -1.76391 2.60086
    endloop
  endfacet
  facet normal 0.352261 0.935902 -0
    outer loop
      vertex 6.69696 16.1679 0
      vertex 5.62519 16.5713 4.5
      vertex 6.69696 16.1679 4.5
    endloop
  endfacet
  facet normal 0.352261 0.935902 0
    outer loop
      vertex 5.62519 16.5713 4.5
      vertex 6.69696 16.1679 0
      vertex 5.62519 16.5713 0
    endloop
  endfacet
  facet normal 0.471445 0.881896 -0
    outer loop
      vertex 8.75 15.1554 0
      vertex 7.74005 15.6953 4.5
      vertex 8.75 15.1554 4.5
    endloop
  endfacet
  facet normal 0.471445 0.881896 0
    outer loop
      vertex 7.74005 15.6953 4.5
      vertex 8.75 15.1554 0
      vertex 7.74005 15.6953 0
    endloop
  endfacet
  facet normal -0.729869 0.683587 0
    outer loop
      vertex -13.1572 11.5386 0
      vertex -12.3744 12.3744 4.5
      vertex -12.3744 12.3744 0
    endloop
  endfacet
  facet normal -0.729869 0.683587 0
    outer loop
      vertex -12.3744 12.3744 4.5
      vertex -13.1572 11.5386 0
      vertex -13.1572 11.5386 4.5
    endloop
  endfacet
  facet normal -0.881896 0.471445 0
    outer loop
      vertex -15.6953 7.74005 0
      vertex -15.1554 8.75 4.5
      vertex -15.1554 8.75 0
    endloop
  endfacet
  facet normal -0.881896 0.471445 0
    outer loop
      vertex -15.1554 8.75 4.5
      vertex -15.6953 7.74005 0
      vertex -15.6953 7.74005 4.5
    endloop
  endfacet
  facet normal -0.935902 0.352261 0
    outer loop
      vertex -16.5713 5.62519 0
      vertex -16.1679 6.69696 4.5
      vertex -16.1679 6.69696 0
    endloop
  endfacet
  facet normal -0.935902 0.352261 0
    outer loop
      vertex -16.1679 6.69696 4.5
      vertex -16.5713 5.62519 0
      vertex -16.5713 5.62519 4.5
    endloop
  endfacet
  facet normal -0.634369 0.773031 0
    outer loop
      vertex -10.6533 13.8837 0
      vertex -11.5386 13.1572 4.5
      vertex -10.6533 13.8837 4.5
    endloop
  endfacet
  facet normal -0.634369 0.773031 0
    outer loop
      vertex -11.5386 13.1572 4.5
      vertex -10.6533 13.8837 0
      vertex -11.5386 13.1572 0
    endloop
  endfacet
  facet normal -0.412694 0.91087 0
    outer loop
      vertex -6.69696 16.1679 0
      vertex -7.74005 15.6953 4.5
      vertex -6.69696 16.1679 4.5
    endloop
  endfacet
  facet normal -0.412694 0.91087 0
    outer loop
      vertex -7.74005 15.6953 4.5
      vertex -6.69696 16.1679 0
      vertex -7.74005 15.6953 0
    endloop
  endfacet
  facet normal -0.290264 0.956947 0
    outer loop
      vertex -4.52933 16.9037 0
      vertex -5.62519 16.5713 4.5
      vertex -4.52933 16.9037 4.5
    endloop
  endfacet
  facet normal -0.290264 0.956947 0
    outer loop
      vertex -5.62519 16.5713 4.5
      vertex -4.52933 16.9037 0
      vertex -5.62519 16.5713 0
    endloop
  endfacet
  facet normal -0.412694 -0.91087 0
    outer loop
      vertex -7.74005 -15.6953 0
      vertex -6.69696 -16.1679 4.5
      vertex -7.74005 -15.6953 4.5
    endloop
  endfacet
  facet normal -0.412694 -0.91087 -0
    outer loop
      vertex -6.69696 -16.1679 4.5
      vertex -7.74005 -15.6953 0
      vertex -6.69696 -16.1679 0
    endloop
  endfacet
  facet normal -0.290264 -0.956947 0
    outer loop
      vertex -5.62519 -16.5713 0
      vertex -4.52933 -16.9037 4.5
      vertex -5.62519 -16.5713 4.5
    endloop
  endfacet
  facet normal -0.290264 -0.956947 -0
    outer loop
      vertex -4.52933 -16.9037 4.5
      vertex -5.62519 -16.5713 0
      vertex -4.52933 -16.9037 0
    endloop
  endfacet
  facet normal -0.0979767 -0.995189 0
    outer loop
      vertex -2.28421 -17.3503 0
      vertex -1.14455 -17.4625 4.5
      vertex -2.28421 -17.3503 4.5
    endloop
  endfacet
  facet normal -0.0979767 -0.995189 -0
    outer loop
      vertex -1.14455 -17.4625 4.5
      vertex -2.28421 -17.3503 0
      vertex -1.14455 -17.4625 0
    endloop
  endfacet
  facet normal -0.881896 -0.471445 0
    outer loop
      vertex -15.1554 -8.75 0
      vertex -15.6953 -7.74005 4.5
      vertex -15.6953 -7.74005 0
    endloop
  endfacet
  facet normal -0.881896 -0.471445 0
    outer loop
      vertex -15.6953 -7.74005 4.5
      vertex -15.1554 -8.75 0
      vertex -15.1554 -8.75 4.5
    endloop
  endfacet
  facet normal -0.999465 -0.032714 0
    outer loop
      vertex 13.5 0 0
      vertex 13.4711 0.882942 4.5
      vertex 13.4711 0.882942 0
    endloop
  endfacet
  facet normal -0.999465 -0.032714 0
    outer loop
      vertex 13.4711 0.882942 4.5
      vertex 13.5 0 0
      vertex 13.5 0 4.5
    endloop
  endfacet
  facet normal 0.999465 -0.032714 0
    outer loop
      vertex -13.5 0 4.5
      vertex -13.4711 0.882942 0
      vertex -13.4711 0.882942 4.5
    endloop
  endfacet
  facet normal 0.999465 -0.032714 0
    outer loop
      vertex -13.4711 0.882942 0
      vertex -13.5 0 4.5
      vertex -13.5 0 0
    endloop
  endfacet
  facet normal -0.032388 -0.999475 -0
    outer loop
      vertex 0 13.5 0.555025
      vertex 0 13.5 0
      vertex 0.111094 13.4964 0.555025
    endloop
  endfacet
  facet normal -0.0332986 -0.999445 0.000182468
    outer loop
      vertex 0 13.5 0
      vertex 0.222188 13.4927 0.562314
      vertex 0.111094 13.4964 0.555025
    endloop
  endfacet
  facet normal -0.0325126 -0.999471 -0.00012844
    outer loop
      vertex 0 13.5 0
      vertex 0.332798 13.4891 0.576908
      vertex 0.222188 13.4927 0.562314
    endloop
  endfacet
  facet normal -0.032714 -0.999465 -1.21762e-05
    outer loop
      vertex 0.882942 13.4711 0
      vertex 0.332798 13.4891 0.576908
      vertex 0 13.5 0
    endloop
  endfacet
  facet normal -0.032798 -0.999462 -9.24234e-05
    outer loop
      vertex 0.332798 13.4891 0.576908
      vertex 0.882942 13.4711 0
      vertex 0.44244 13.4855 0.598789
    endloop
  endfacet
  facet normal -0.0323908 -0.999475 0.000207437
    outer loop
      vertex 0.44244 13.4855 0.598789
      vertex 0.882942 13.4711 0
      vertex 0.550625 13.482 0.627908
    endloop
  endfacet
  facet normal -0.0329036 -0.999459 -6.42171e-05
    outer loop
      vertex 0.550625 13.482 0.627908
      vertex 0.882942 13.4711 0
      vertex 0.656868 13.4785 0.664181
    endloop
  endfacet
  facet normal -0.0327311 -0.999464 -5.43255e-06
    outer loop
      vertex 0.656868 13.4785 0.664181
      vertex 0.882942 13.4711 0
      vertex 0.760682 13.4751 0.707489
    endloop
  endfacet
  facet normal -0.0326867 -0.999466 2.24316e-06
    outer loop
      vertex 0.760682 13.4751 0.707489
      vertex 0.882942 13.4711 0
      vertex 0.86159 13.4718 0.757681
    endloop
  endfacet
  facet normal -0.0327662 -0.999463 0
    outer loop
      vertex 0.86159 13.4718 0.757681
      vertex 0.882942 13.4711 0
      vertex 0.882942 13.4711 0.770137
    endloop
  endfacet
  facet normal -0.0332986 -0.999445 -0.000182467
    outer loop
      vertex 0.222188 13.4927 3.93768
      vertex 0 13.5 4.5
      vertex 0.111094 13.4964 3.94497
    endloop
  endfacet
  facet normal -0.032388 -0.999475 0
    outer loop
      vertex 0.111094 13.4964 3.94497
      vertex 0 13.5 4.5
      vertex 0 13.5 3.94497
    endloop
  endfacet
  facet normal -0.0325126 -0.999471 0.000128437
    outer loop
      vertex 0.332798 13.4891 3.92309
      vertex 0 13.5 4.5
      vertex 0.222188 13.4927 3.93768
    endloop
  endfacet
  facet normal -0.032714 -0.999465 1.21762e-05
    outer loop
      vertex 0 13.5 4.5
      vertex 0.332798 13.4891 3.92309
      vertex 0.882942 13.4711 4.5
    endloop
  endfacet
  facet normal -0.032798 -0.999462 9.24238e-05
    outer loop
      vertex 0.44244 13.4855 3.90121
      vertex 0.882942 13.4711 4.5
      vertex 0.332798 13.4891 3.92309
    endloop
  endfacet
  facet normal -0.0323908 -0.999475 -0.000207435
    outer loop
      vertex 0.550625 13.482 3.87209
      vertex 0.882942 13.4711 4.5
      vertex 0.44244 13.4855 3.90121
    endloop
  endfacet
  facet normal -0.0329036 -0.999459 6.42178e-05
    outer loop
      vertex 0.656868 13.4785 3.83582
      vertex 0.882942 13.4711 4.5
      vertex 0.550625 13.482 3.87209
    endloop
  endfacet
  facet normal -0.0327311 -0.999464 5.43253e-06
    outer loop
      vertex 0.760682 13.4751 3.79251
      vertex 0.882942 13.4711 4.5
      vertex 0.656868 13.4785 3.83582
    endloop
  endfacet
  facet normal -0.0326867 -0.999466 -2.24316e-06
    outer loop
      vertex 0.86159 13.4718 3.74232
      vertex 0.882942 13.4711 4.5
      vertex 0.760682 13.4751 3.79251
    endloop
  endfacet
  facet normal -0.0327662 -0.999463 -0
    outer loop
      vertex 0.882942 13.4711 4.5
      vertex 0.86159 13.4718 3.74232
      vertex 0.882942 13.4711 3.72986
    endloop
  endfacet
  facet normal 0.032388 0.999475 0
    outer loop
      vertex 0 -13.5 0.555025
      vertex 0 -13.5 0
      vertex -0.111094 -13.4964 0.555025
    endloop
  endfacet
  facet normal 0.0332986 0.999445 0.000182468
    outer loop
      vertex 0 -13.5 0
      vertex -0.222188 -13.4927 0.562314
      vertex -0.111094 -13.4964 0.555025
    endloop
  endfacet
  facet normal 0.0325126 0.999471 -0.00012844
    outer loop
      vertex 0 -13.5 0
      vertex -0.332798 -13.4891 0.576908
      vertex -0.222188 -13.4927 0.562314
    endloop
  endfacet
  facet normal 0.032714 0.999465 -1.21762e-05
    outer loop
      vertex -0.882942 -13.4711 0
      vertex -0.332798 -13.4891 0.576908
      vertex 0 -13.5 0
    endloop
  endfacet
  facet normal 0.032798 0.999462 -9.24234e-05
    outer loop
      vertex -0.332798 -13.4891 0.576908
      vertex -0.882942 -13.4711 0
      vertex -0.44244 -13.4855 0.598789
    endloop
  endfacet
  facet normal 0.0323908 0.999475 0.000207437
    outer loop
      vertex -0.44244 -13.4855 0.598789
      vertex -0.882942 -13.4711 0
      vertex -0.550625 -13.482 0.627908
    endloop
  endfacet
  facet normal 0.0329036 0.999459 -6.42171e-05
    outer loop
      vertex -0.550625 -13.482 0.627908
      vertex -0.882942 -13.4711 0
      vertex -0.656868 -13.4785 0.664181
    endloop
  endfacet
  facet normal 0.0327311 0.999464 -5.43255e-06
    outer loop
      vertex -0.656868 -13.4785 0.664181
      vertex -0.882942 -13.4711 0
      vertex -0.760682 -13.4751 0.707489
    endloop
  endfacet
  facet normal 0.0326867 0.999466 2.24316e-06
    outer loop
      vertex -0.760682 -13.4751 0.707489
      vertex -0.882942 -13.4711 0
      vertex -0.86159 -13.4718 0.757681
    endloop
  endfacet
  facet normal 0.0327662 0.999463 0
    outer loop
      vertex -0.86159 -13.4718 0.757681
      vertex -0.882942 -13.4711 0
      vertex -0.882942 -13.4711 0.770137
    endloop
  endfacet
  facet normal 0.0332986 0.999445 -0.000182467
    outer loop
      vertex -0.222188 -13.4927 3.93768
      vertex 0 -13.5 4.5
      vertex -0.111094 -13.4964 3.94497
    endloop
  endfacet
  facet normal 0.032388 0.999475 0
    outer loop
      vertex -0.111094 -13.4964 3.94497
      vertex 0 -13.5 4.5
      vertex 0 -13.5 3.94497
    endloop
  endfacet
  facet normal 0.0325126 0.999471 0.000128437
    outer loop
      vertex -0.332798 -13.4891 3.92309
      vertex 0 -13.5 4.5
      vertex -0.222188 -13.4927 3.93768
    endloop
  endfacet
  facet normal 0.032714 0.999465 1.21762e-05
    outer loop
      vertex 0 -13.5 4.5
      vertex -0.332798 -13.4891 3.92309
      vertex -0.882942 -13.4711 4.5
    endloop
  endfacet
  facet normal 0.032798 0.999462 9.24238e-05
    outer loop
      vertex -0.44244 -13.4855 3.90121
      vertex -0.882942 -13.4711 4.5
      vertex -0.332798 -13.4891 3.92309
    endloop
  endfacet
  facet normal 0.0323908 0.999475 -0.000207435
    outer loop
      vertex -0.550625 -13.482 3.87209
      vertex -0.882942 -13.4711 4.5
      vertex -0.44244 -13.4855 3.90121
    endloop
  endfacet
  facet normal 0.0329036 0.999459 6.42178e-05
    outer loop
      vertex -0.656868 -13.4785 3.83582
      vertex -0.882942 -13.4711 4.5
      vertex -0.550625 -13.482 3.87209
    endloop
  endfacet
  facet normal 0.0327311 0.999464 5.43253e-06
    outer loop
      vertex -0.760682 -13.4751 3.79251
      vertex -0.882942 -13.4711 4.5
      vertex -0.656868 -13.4785 3.83582
    endloop
  endfacet
  facet normal 0.0326867 0.999466 -2.24316e-06
    outer loop
      vertex -0.86159 -13.4718 3.74232
      vertex -0.882942 -13.4711 4.5
      vertex -0.760682 -13.4751 3.79251
    endloop
  endfacet
  facet normal 0.0327662 0.999463 0
    outer loop
      vertex -0.882942 -13.4711 4.5
      vertex -0.86159 -13.4718 3.74232
      vertex -0.882942 -13.4711 3.72986
    endloop
  endfacet
  facet normal 0.729883 0.683572 0
    outer loop
      vertex -9.54594 -9.54594 4.5
      vertex -10.1498 -8.90117 0
      vertex -10.1498 -8.90117 4.5
    endloop
  endfacet
  facet normal 0.729883 0.683572 0
    outer loop
      vertex -10.1498 -8.90117 0
      vertex -9.54594 -9.54594 4.5
      vertex -9.54594 -9.54594 0
    endloop
  endfacet
  facet normal -0.729883 -0.683572 0
    outer loop
      vertex 10.1498 8.90117 0
      vertex 9.54594 9.54594 4.5
      vertex 9.54594 9.54594 0
    endloop
  endfacet
  facet normal -0.729883 -0.683572 0
    outer loop
      vertex 9.54594 9.54594 4.5
      vertex 10.1498 8.90117 0
      vertex 10.1498 8.90117 4.5
    endloop
  endfacet
  facet normal 0.683572 -0.729883 0
    outer loop
      vertex -9.54594 9.54594 0
      vertex -8.90117 10.1498 4.5
      vertex -9.54594 9.54594 4.5
    endloop
  endfacet
  facet normal 0.683572 -0.729883 0
    outer loop
      vertex -8.90117 10.1498 4.5
      vertex -9.54594 9.54594 0
      vertex -8.90117 10.1498 0
    endloop
  endfacet
  facet normal 0.973878 0.227073 0
    outer loop
      vertex -13.04 -3.49406 4.5
      vertex -13.2406 -2.63372 0
      vertex -13.2406 -2.63372 4.5
    endloop
  endfacet
  facet normal 0.973878 0.227073 0
    outer loop
      vertex -13.2406 -2.63372 0
      vertex -13.04 -3.49406 4.5
      vertex -13.04 -3.49406 0
    endloop
  endfacet
  facet normal -0.91086 -0.412715 0
    outer loop
      vertex 12.4724 5.16623 0
      vertex 12.1078 5.9709 4.5
      vertex 12.1078 5.9709 0
    endloop
  endfacet
  facet normal -0.91086 -0.412715 0
    outer loop
      vertex 12.1078 5.9709 4.5
      vertex 12.4724 5.16623 0
      vertex 12.4724 5.16623 4.5
    endloop
  endfacet
  facet normal -0.471452 -0.881892 0
    outer loop
      vertex 5.9709 12.1078 0
      vertex 6.75 11.6913 4.5
      vertex 5.9709 12.1078 4.5
    endloop
  endfacet
  facet normal -0.471452 -0.881892 -0
    outer loop
      vertex 6.75 11.6913 4.5
      vertex 5.9709 12.1078 0
      vertex 6.75 11.6913 0
    endloop
  endfacet
  facet normal 0.849204 -0.528064 0
    outer loop
      vertex -11.6913 6.75 4.5
      vertex -11.2248 7.5002 0
      vertex -11.2248 7.5002 4.5
    endloop
  endfacet
  facet normal 0.849204 -0.528064 0
    outer loop
      vertex -11.2248 7.5002 0
      vertex -11.6913 6.75 4.5
      vertex -11.6913 6.75 0
    endloop
  endfacet
  facet normal 0.812884 -0.582426 0
    outer loop
      vertex -11.2248 7.5002 4.5
      vertex -10.7103 8.21828 0
      vertex -10.7103 8.21828 4.5
    endloop
  endfacet
  facet normal 0.812884 -0.582426 0
    outer loop
      vertex -10.7103 8.21828 0
      vertex -11.2248 7.5002 4.5
      vertex -11.2248 7.5002 0
    endloop
  endfacet
  facet normal 0.634438 -0.772973 0
    outer loop
      vertex -8.90117 10.1498 0
      vertex -8.21828 10.7103 4.5
      vertex -8.90117 10.1498 4.5
    endloop
  endfacet
  facet normal 0.634438 -0.772973 0
    outer loop
      vertex -8.21828 10.7103 4.5
      vertex -8.90117 10.1498 0
      vertex -8.21828 10.7103 0
    endloop
  endfacet
  facet normal 0.16289 -0.986644 0
    outer loop
      vertex -2.63372 13.2406 4.5
      vertex -1.7621 13.3845 2.66144
      vertex -1.7621 13.3845 4.5
    endloop
  endfacet
  facet normal 0.163451 -0.986551 0.000273401
    outer loop
      vertex -2.63372 13.2406 4.5
      vertex -1.7783 13.3818 2.60373
      vertex -1.7621 13.3845 2.66144
    endloop
  endfacet
  facet normal 0.162675 -0.98668 -8.61717e-05
    outer loop
      vertex -2.63372 13.2406 4.5
      vertex -1.80141 13.378 2.48716
      vertex -1.7783 13.3818 2.60373
    endloop
  endfacet
  facet normal 0.162809 -0.986658 -2.95794e-05
    outer loop
      vertex -2.63372 13.2406 4.5
      vertex -1.81537 13.3757 2.36899
      vertex -1.80141 13.378 2.48716
    endloop
  endfacet
  facet normal 0.163469 -0.986548 0.000230893
    outer loop
      vertex -2.63372 13.2406 4.5
      vertex -1.82003 13.3749 2.25
      vertex -1.81537 13.3757 2.36899
    endloop
  endfacet
  facet normal 0.162847 -0.986651 0
    outer loop
      vertex -2.63372 13.2406 0
      vertex -1.82003 13.3749 2.25
      vertex -2.63372 13.2406 4.5
    endloop
  endfacet
  facet normal 0.163469 -0.986548 -0.000230893
    outer loop
      vertex -1.82003 13.3749 2.25
      vertex -2.63372 13.2406 0
      vertex -1.81537 13.3757 2.13101
    endloop
  endfacet
  facet normal 0.162809 -0.986658 2.95794e-05
    outer loop
      vertex -1.81537 13.3757 2.13101
      vertex -2.63372 13.2406 0
      vertex -1.80141 13.378 2.01284
    endloop
  endfacet
  facet normal 0.162675 -0.98668 8.61717e-05
    outer loop
      vertex -1.80141 13.378 2.01284
      vertex -2.63372 13.2406 0
      vertex -1.7783 13.3818 1.89627
    endloop
  endfacet
  facet normal 0.163451 -0.986551 -0.000273401
    outer loop
      vertex -1.7783 13.3818 1.89627
      vertex -2.63372 13.2406 0
      vertex -1.7621 13.3845 1.83856
    endloop
  endfacet
  facet normal 0.16289 -0.986644 0
    outer loop
      vertex -1.7621 13.3845 1.83856
      vertex -2.63372 13.2406 0
      vertex -1.7621 13.3845 0
    endloop
  endfacet
  facet normal -0.881892 0.471452 0
    outer loop
      vertex 11.6913 -6.75 0
      vertex 12.1078 -5.9709 4.5
      vertex 12.1078 -5.9709 0
    endloop
  endfacet
  facet normal -0.881892 0.471452 0
    outer loop
      vertex 12.1078 -5.9709 4.5
      vertex 11.6913 -6.75 0
      vertex 11.6913 -6.75 4.5
    endloop
  endfacet
  facet normal -0.227073 0.973878 0
    outer loop
      vertex 3.49406 -13.04 0
      vertex 2.63372 -13.2406 4.5
      vertex 3.49406 -13.04 4.5
    endloop
  endfacet
  facet normal -0.227073 0.973878 0
    outer loop
      vertex 2.63372 -13.2406 4.5
      vertex 3.49406 -13.04 0
      vertex 2.63372 -13.2406 0
    endloop
  endfacet
  facet normal -0.634438 0.772973 0
    outer loop
      vertex 8.90117 -10.1498 0
      vertex 8.21828 -10.7103 4.5
      vertex 8.90117 -10.1498 4.5
    endloop
  endfacet
  facet normal -0.634438 0.772973 0
    outer loop
      vertex 8.21828 -10.7103 4.5
      vertex 8.90117 -10.1498 0
      vertex 8.21828 -10.7103 0
    endloop
  endfacet
  facet normal -0.956953 0.290243 0
    outer loop
      vertex 12.7836 -4.33943 0
      vertex 13.04 -3.49406 4.5
      vertex 13.04 -3.49406 0
    endloop
  endfacet
  facet normal -0.956953 0.290243 0
    outer loop
      vertex 13.04 -3.49406 4.5
      vertex 12.7836 -4.33943 0
      vertex 12.7836 -4.33943 4.5
    endloop
  endfacet
  facet normal 0.352264 0.935901 -0
    outer loop
      vertex -4.33943 -12.7836 0
      vertex -5.16623 -12.4724 4.5
      vertex -4.33943 -12.7836 4.5
    endloop
  endfacet
  facet normal 0.352264 0.935901 0
    outer loop
      vertex -5.16623 -12.4724 4.5
      vertex -4.33943 -12.7836 0
      vertex -5.16623 -12.4724 0
    endloop
  endfacet
  facet normal 0.812884 0.582426 0
    outer loop
      vertex -10.7103 -8.21828 4.5
      vertex -11.2248 -7.5002 0
      vertex -11.2248 -7.5002 4.5
    endloop
  endfacet
  facet normal 0.812884 0.582426 0
    outer loop
      vertex -11.2248 -7.5002 0
      vertex -10.7103 -8.21828 4.5
      vertex -10.7103 -8.21828 0
    endloop
  endfacet
  facet normal -0.995184 -0.0980289 0
    outer loop
      vertex 13.4711 0.882942 0
      vertex 13.3845 1.7621 4.5
      vertex 13.3845 1.7621 0
    endloop
  endfacet
  facet normal -0.995184 -0.0980289 0
    outer loop
      vertex 13.3845 1.7621 4.5
      vertex 13.4711 0.882942 0
      vertex 13.4711 0.882942 4.5
    endloop
  endfacet
  facet normal -0.956953 -0.290243 0
    outer loop
      vertex 13.04 3.49406 0
      vertex 12.7836 4.33943 4.5
      vertex 12.7836 4.33943 0
    endloop
  endfacet
  facet normal -0.956953 -0.290243 0
    outer loop
      vertex 12.7836 4.33943 4.5
      vertex 13.04 3.49406 0
      vertex 13.04 3.49406 4.5
    endloop
  endfacet
  facet normal -0.772973 -0.634438 0
    outer loop
      vertex 10.7103 8.21828 0
      vertex 10.1498 8.90117 4.5
      vertex 10.1498 8.90117 0
    endloop
  endfacet
  facet normal -0.772973 -0.634438 0
    outer loop
      vertex 10.1498 8.90117 4.5
      vertex 10.7103 8.21828 0
      vertex 10.7103 8.21828 4.5
    endloop
  endfacet
  facet normal -0.881892 -0.471452 0
    outer loop
      vertex 12.1078 5.9709 0
      vertex 11.6913 6.75 4.5
      vertex 11.6913 6.75 0
    endloop
  endfacet
  facet normal -0.881892 -0.471452 0
    outer loop
      vertex 11.6913 6.75 4.5
      vertex 12.1078 5.9709 0
      vertex 12.1078 5.9709 4.5
    endloop
  endfacet
  facet normal -0.227073 -0.973878 0
    outer loop
      vertex 2.63372 13.2406 0
      vertex 3.49406 13.04 4.5
      vertex 2.63372 13.2406 4.5
    endloop
  endfacet
  facet normal -0.227073 -0.973878 -0
    outer loop
      vertex 3.49406 13.04 4.5
      vertex 2.63372 13.2406 0
      vertex 3.49406 13.04 0
    endloop
  endfacet
  facet normal -0.16289 -0.986644 0
    outer loop
      vertex 1.7621 13.3845 2.66144
      vertex 2.63372 13.2406 4.5
      vertex 1.7621 13.3845 4.5
    endloop
  endfacet
  facet normal -0.163451 -0.986551 0.000273401
    outer loop
      vertex 1.7783 13.3818 2.60373
      vertex 2.63372 13.2406 4.5
      vertex 1.7621 13.3845 2.66144
    endloop
  endfacet
  facet normal -0.162675 -0.98668 -8.61717e-05
    outer loop
      vertex 1.80141 13.378 2.48716
      vertex 2.63372 13.2406 4.5
      vertex 1.7783 13.3818 2.60373
    endloop
  endfacet
  facet normal -0.162809 -0.986658 -2.95794e-05
    outer loop
      vertex 1.81537 13.3757 2.36899
      vertex 2.63372 13.2406 4.5
      vertex 1.80141 13.378 2.48716
    endloop
  endfacet
  facet normal -0.163469 -0.986548 0.000230893
    outer loop
      vertex 1.82003 13.3749 2.25
      vertex 2.63372 13.2406 4.5
      vertex 1.81537 13.3757 2.36899
    endloop
  endfacet
  facet normal -0.163469 -0.986548 -0.000230893
    outer loop
      vertex 2.63372 13.2406 0
      vertex 1.82003 13.3749 2.25
      vertex 1.81537 13.3757 2.13101
    endloop
  endfacet
  facet normal -0.162809 -0.986658 2.95794e-05
    outer loop
      vertex 2.63372 13.2406 0
      vertex 1.81537 13.3757 2.13101
      vertex 1.80141 13.378 2.01284
    endloop
  endfacet
  facet normal -0.162675 -0.98668 8.61717e-05
    outer loop
      vertex 2.63372 13.2406 0
      vertex 1.80141 13.378 2.01284
      vertex 1.7783 13.3818 1.89627
    endloop
  endfacet
  facet normal -0.163451 -0.986551 -0.000273401
    outer loop
      vertex 2.63372 13.2406 0
      vertex 1.7783 13.3818 1.89627
      vertex 1.7621 13.3845 1.83856
    endloop
  endfacet
  facet normal -0.16289 -0.986644 0
    outer loop
      vertex 2.63372 13.2406 0
      vertex 1.7621 13.3845 1.83856
      vertex 1.7621 13.3845 0
    endloop
  endfacet
  facet normal -0.162847 -0.986651 0
    outer loop
      vertex 1.82003 13.3749 2.25
      vertex 2.63372 13.2406 0
      vertex 2.63372 13.2406 4.5
    endloop
  endfacet
  facet normal -0.582426 -0.812884 0
    outer loop
      vertex 7.5002 11.2248 0
      vertex 8.21828 10.7103 4.5
      vertex 7.5002 11.2248 4.5
    endloop
  endfacet
  facet normal -0.582426 -0.812884 -0
    outer loop
      vertex 8.21828 10.7103 4.5
      vertex 7.5002 11.2248 0
      vertex 8.21828 10.7103 0
    endloop
  endfacet
  facet normal -0.528064 -0.849204 0
    outer loop
      vertex 6.75 11.6913 0
      vertex 7.5002 11.2248 4.5
      vertex 6.75 11.6913 4.5
    endloop
  endfacet
  facet normal -0.528064 -0.849204 -0
    outer loop
      vertex 7.5002 11.2248 4.5
      vertex 6.75 11.6913 0
      vertex 7.5002 11.2248 0
    endloop
  endfacet
  facet normal 0.973878 -0.227073 0
    outer loop
      vertex -13.2406 2.63372 4.5
      vertex -13.04 3.49406 0
      vertex -13.04 3.49406 4.5
    endloop
  endfacet
  facet normal 0.973878 -0.227073 0
    outer loop
      vertex -13.04 3.49406 0
      vertex -13.2406 2.63372 4.5
      vertex -13.2406 2.63372 0
    endloop
  endfacet
  facet normal 0.986644 -0.16289 0
    outer loop
      vertex -13.3845 1.7621 4.5
      vertex -13.2406 2.63372 0
      vertex -13.2406 2.63372 4.5
    endloop
  endfacet
  facet normal 0.986644 -0.16289 0
    outer loop
      vertex -13.2406 2.63372 0
      vertex -13.3845 1.7621 4.5
      vertex -13.3845 1.7621 0
    endloop
  endfacet
  facet normal 0.528064 -0.849204 0
    outer loop
      vertex -7.5002 11.2248 0
      vertex -6.75 11.6913 4.5
      vertex -7.5002 11.2248 4.5
    endloop
  endfacet
  facet normal 0.528064 -0.849204 0
    outer loop
      vertex -6.75 11.6913 4.5
      vertex -7.5002 11.2248 0
      vertex -6.75 11.6913 0
    endloop
  endfacet
  facet normal 0.582426 -0.812884 0
    outer loop
      vertex -8.21828 10.7103 0
      vertex -7.5002 11.2248 4.5
      vertex -8.21828 10.7103 4.5
    endloop
  endfacet
  facet normal 0.582426 -0.812884 0
    outer loop
      vertex -7.5002 11.2248 4.5
      vertex -8.21828 10.7103 0
      vertex -7.5002 11.2248 0
    endloop
  endfacet
  facet normal 0.227073 -0.973878 0
    outer loop
      vertex -3.49406 13.04 0
      vertex -2.63372 13.2406 4.5
      vertex -3.49406 13.04 4.5
    endloop
  endfacet
  facet normal 0.227073 -0.973878 0
    outer loop
      vertex -2.63372 13.2406 4.5
      vertex -3.49406 13.04 0
      vertex -2.63372 13.2406 0
    endloop
  endfacet
  facet normal 0.290243 -0.956953 0
    outer loop
      vertex -4.33943 12.7836 0
      vertex -3.49406 13.04 4.5
      vertex -4.33943 12.7836 4.5
    endloop
  endfacet
  facet normal 0.290243 -0.956953 0
    outer loop
      vertex -3.49406 13.04 4.5
      vertex -4.33943 12.7836 0
      vertex -3.49406 13.04 0
    endloop
  endfacet
  facet normal 0.101377 -0.994848 0
    outer loop
      vertex -1.7621 13.3845 0
      vertex -1.74738 13.386 1.78179
      vertex -1.7621 13.3845 1.83856
    endloop
  endfacet
  facet normal 0.097264 -0.995259 3.43264e-05
    outer loop
      vertex -1.7621 13.3845 0
      vertex -1.70948 13.3897 1.66971
      vertex -1.74738 13.386 1.78179
    endloop
  endfacet
  facet normal 0.0978608 -0.9952 1.53338e-05
    outer loop
      vertex -1.7621 13.3845 0
      vertex -1.6637 13.3942 1.56087
      vertex -1.70948 13.3897 1.66971
    endloop
  endfacet
  facet normal 0.0987902 -0.995108 -4.38278e-05
    outer loop
      vertex -1.7621 13.3845 0
      vertex -1.61036 13.3995 1.45586
      vertex -1.6637 13.3942 1.56087
    endloop
  endfacet
  facet normal 0.097173 -0.995267 0.000126374
    outer loop
      vertex -1.7621 13.3845 0
      vertex -1.5498 13.4054 1.35522
      vertex -1.61036 13.3995 1.45586
    endloop
  endfacet
  facet normal 0.0976092 -0.995225 5.73839e-05
    outer loop
      vertex -1.7621 13.3845 0
      vertex -1.48245 13.412 1.25946
      vertex -1.5498 13.4054 1.35522
    endloop
  endfacet
  facet normal 0.0983966 -0.995147 -0.000119157
    outer loop
      vertex -1.7621 13.3845 0
      vertex -1.40873 13.4193 1.16904
      vertex -1.48245 13.412 1.25946
    endloop
  endfacet
  facet normal 0.0985682 -0.99513 -0.000171506
    outer loop
      vertex -1.7621 13.3845 0
      vertex -1.32912 13.4272 1.08439
      vertex -1.40873 13.4193 1.16904
    endloop
  endfacet
  facet normal 0.097443 -0.995241 0.000282134
    outer loop
      vertex -1.7621 13.3845 0
      vertex -1.24412 13.4355 1.00588
      vertex -1.32912 13.4272 1.08439
    endloop
  endfacet
  facet normal 0.098385 -0.995148 -0.000207663
    outer loop
      vertex -1.7621 13.3845 0
      vertex -1.15425 13.4444 0.933828
      vertex -1.24412 13.4355 1.00588
    endloop
  endfacet
  facet normal 0.0981927 -0.995167 -8.12631e-05
    outer loop
      vertex -1.7621 13.3845 0
      vertex -1.06005 13.4537 0.868515
      vertex -1.15425 13.4444 0.933828
    endloop
  endfacet
  facet normal 0.0980289 -0.995184 5.23991e-05
    outer loop
      vertex -0.882942 13.4711 0
      vertex -1.06005 13.4537 0.868515
      vertex -1.7621 13.3845 0
    endloop
  endfacet
  facet normal 0.0974704 -0.995238 -6.25915e-05
    outer loop
      vertex -1.06005 13.4537 0.868515
      vertex -0.882942 13.4711 0
      vertex -0.962065 13.4633 0.810167
    endloop
  endfacet
  facet normal 0.0981051 -0.995176 0
    outer loop
      vertex -0.962065 13.4633 0.810167
      vertex -0.882942 13.4711 0
      vertex -0.882942 13.4711 0.770137
    endloop
  endfacet
  facet normal 0.0980289 -0.995184 -5.23988e-05
    outer loop
      vertex -1.06005 13.4537 3.63148
      vertex -0.882942 13.4711 4.5
      vertex -1.7621 13.3845 4.5
    endloop
  endfacet
  facet normal 0.0981051 -0.995176 0
    outer loop
      vertex -0.882942 13.4711 4.5
      vertex -0.962065 13.4633 3.68983
      vertex -0.882942 13.4711 3.72986
    endloop
  endfacet
  facet normal 0.0974704 -0.995238 6.25914e-05
    outer loop
      vertex -0.882942 13.4711 4.5
      vertex -1.06005 13.4537 3.63148
      vertex -0.962065 13.4633 3.68983
    endloop
  endfacet
  facet normal 0.0981927 -0.995167 8.12641e-05
    outer loop
      vertex -1.7621 13.3845 4.5
      vertex -1.15425 13.4444 3.56617
      vertex -1.06005 13.4537 3.63148
    endloop
  endfacet
  facet normal 0.098385 -0.995148 0.000207665
    outer loop
      vertex -1.7621 13.3845 4.5
      vertex -1.24412 13.4355 3.49412
      vertex -1.15425 13.4444 3.56617
    endloop
  endfacet
  facet normal 0.097443 -0.995241 -0.000282134
    outer loop
      vertex -1.7621 13.3845 4.5
      vertex -1.32912 13.4272 3.41561
      vertex -1.24412 13.4355 3.49412
    endloop
  endfacet
  facet normal 0.0985682 -0.99513 0.000171506
    outer loop
      vertex -1.7621 13.3845 4.5
      vertex -1.40873 13.4193 3.33096
      vertex -1.32912 13.4272 3.41561
    endloop
  endfacet
  facet normal 0.0983966 -0.995147 0.000119157
    outer loop
      vertex -1.7621 13.3845 4.5
      vertex -1.48245 13.412 3.24054
      vertex -1.40873 13.4193 3.33096
    endloop
  endfacet
  facet normal 0.0976092 -0.995225 -5.73839e-05
    outer loop
      vertex -1.7621 13.3845 4.5
      vertex -1.5498 13.4054 3.14478
      vertex -1.48245 13.412 3.24054
    endloop
  endfacet
  facet normal 0.097173 -0.995267 -0.000126374
    outer loop
      vertex -1.7621 13.3845 4.5
      vertex -1.61036 13.3995 3.04414
      vertex -1.5498 13.4054 3.14478
    endloop
  endfacet
  facet normal 0.0987902 -0.995108 4.38278e-05
    outer loop
      vertex -1.7621 13.3845 4.5
      vertex -1.6637 13.3942 2.93913
      vertex -1.61036 13.3995 3.04414
    endloop
  endfacet
  facet normal 0.0978608 -0.9952 -1.53338e-05
    outer loop
      vertex -1.7621 13.3845 4.5
      vertex -1.70948 13.3897 2.83029
      vertex -1.6637 13.3942 2.93913
    endloop
  endfacet
  facet normal 0.097264 -0.995259 -3.43264e-05
    outer loop
      vertex -1.7621 13.3845 4.5
      vertex -1.74738 13.386 2.71821
      vertex -1.70948 13.3897 2.83029
    endloop
  endfacet
  facet normal 0.101377 -0.994848 0
    outer loop
      vertex -1.74738 13.386 2.71821
      vertex -1.7621 13.3845 4.5
      vertex -1.7621 13.3845 2.66144
    endloop
  endfacet
  facet normal -0.582426 0.812884 0
    outer loop
      vertex 8.21828 -10.7103 0
      vertex 7.5002 -11.2248 4.5
      vertex 8.21828 -10.7103 4.5
    endloop
  endfacet
  facet normal -0.582426 0.812884 0
    outer loop
      vertex 7.5002 -11.2248 4.5
      vertex 8.21828 -10.7103 0
      vertex 7.5002 -11.2248 0
    endloop
  endfacet
  facet normal -0.528064 0.849204 0
    outer loop
      vertex 7.5002 -11.2248 0
      vertex 6.75 -11.6913 4.5
      vertex 7.5002 -11.2248 4.5
    endloop
  endfacet
  facet normal -0.528064 0.849204 0
    outer loop
      vertex 6.75 -11.6913 4.5
      vertex 7.5002 -11.2248 0
      vertex 6.75 -11.6913 0
    endloop
  endfacet
  facet normal 0.582426 0.812884 -0
    outer loop
      vertex -7.5002 -11.2248 0
      vertex -8.21828 -10.7103 4.5
      vertex -7.5002 -11.2248 4.5
    endloop
  endfacet
  facet normal 0.582426 0.812884 0
    outer loop
      vertex -8.21828 -10.7103 4.5
      vertex -7.5002 -11.2248 0
      vertex -8.21828 -10.7103 0
    endloop
  endfacet
  facet normal 0.528064 0.849204 -0
    outer loop
      vertex -6.75 -11.6913 0
      vertex -7.5002 -11.2248 4.5
      vertex -6.75 -11.6913 4.5
    endloop
  endfacet
  facet normal 0.528064 0.849204 0
    outer loop
      vertex -7.5002 -11.2248 4.5
      vertex -6.75 -11.6913 0
      vertex -7.5002 -11.2248 0
    endloop
  endfacet
  facet normal 0.16289 0.986644 -0
    outer loop
      vertex -1.7621 -13.3845 2.66144
      vertex -2.63372 -13.2406 4.5
      vertex -1.7621 -13.3845 4.5
    endloop
  endfacet
  facet normal 0.163451 0.986551 0.000273401
    outer loop
      vertex -1.7783 -13.3818 2.60373
      vertex -2.63372 -13.2406 4.5
      vertex -1.7621 -13.3845 2.66144
    endloop
  endfacet
  facet normal 0.162675 0.98668 -8.61717e-05
    outer loop
      vertex -1.80141 -13.378 2.48716
      vertex -2.63372 -13.2406 4.5
      vertex -1.7783 -13.3818 2.60373
    endloop
  endfacet
  facet normal 0.162809 0.986658 -2.95794e-05
    outer loop
      vertex -1.81537 -13.3757 2.36899
      vertex -2.63372 -13.2406 4.5
      vertex -1.80141 -13.378 2.48716
    endloop
  endfacet
  facet normal 0.163469 0.986548 0.000230893
    outer loop
      vertex -1.82003 -13.3749 2.25
      vertex -2.63372 -13.2406 4.5
      vertex -1.81537 -13.3757 2.36899
    endloop
  endfacet
  facet normal 0.163469 0.986548 -0.000230893
    outer loop
      vertex -2.63372 -13.2406 0
      vertex -1.82003 -13.3749 2.25
      vertex -1.81537 -13.3757 2.13101
    endloop
  endfacet
  facet normal 0.162809 0.986658 2.95794e-05
    outer loop
      vertex -2.63372 -13.2406 0
      vertex -1.81537 -13.3757 2.13101
      vertex -1.80141 -13.378 2.01284
    endloop
  endfacet
  facet normal 0.162675 0.98668 8.61717e-05
    outer loop
      vertex -2.63372 -13.2406 0
      vertex -1.80141 -13.378 2.01284
      vertex -1.7783 -13.3818 1.89627
    endloop
  endfacet
  facet normal 0.163451 0.986551 -0.000273401
    outer loop
      vertex -2.63372 -13.2406 0
      vertex -1.7783 -13.3818 1.89627
      vertex -1.7621 -13.3845 1.83856
    endloop
  endfacet
  facet normal 0.16289 0.986644 0
    outer loop
      vertex -2.63372 -13.2406 0
      vertex -1.7621 -13.3845 1.83856
      vertex -1.7621 -13.3845 0
    endloop
  endfacet
  facet normal 0.162847 0.986651 0
    outer loop
      vertex -1.82003 -13.3749 2.25
      vertex -2.63372 -13.2406 0
      vertex -2.63372 -13.2406 4.5
    endloop
  endfacet
  facet normal 0.91086 0.412715 0
    outer loop
      vertex -12.1078 -5.9709 4.5
      vertex -12.4724 -5.16623 0
      vertex -12.4724 -5.16623 4.5
    endloop
  endfacet
  facet normal 0.91086 0.412715 0
    outer loop
      vertex -12.4724 -5.16623 0
      vertex -12.1078 -5.9709 4.5
      vertex -12.1078 -5.9709 0
    endloop
  endfacet
  facet normal -0.973878 -0.227073 0
    outer loop
      vertex 13.2406 2.63372 0
      vertex 13.04 3.49406 4.5
      vertex 13.04 3.49406 0
    endloop
  endfacet
  facet normal -0.973878 -0.227073 0
    outer loop
      vertex 13.04 3.49406 4.5
      vertex 13.2406 2.63372 0
      vertex 13.2406 2.63372 4.5
    endloop
  endfacet
  facet normal -0.986644 -0.16289 0
    outer loop
      vertex 13.3845 1.7621 0
      vertex 13.2406 2.63372 4.5
      vertex 13.2406 2.63372 0
    endloop
  endfacet
  facet normal -0.986644 -0.16289 0
    outer loop
      vertex 13.2406 2.63372 4.5
      vertex 13.3845 1.7621 0
      vertex 13.3845 1.7621 4.5
    endloop
  endfacet
  facet normal -0.935901 -0.352264 0
    outer loop
      vertex 12.7836 4.33943 0
      vertex 12.4724 5.16623 4.5
      vertex 12.4724 5.16623 0
    endloop
  endfacet
  facet normal -0.935901 -0.352264 0
    outer loop
      vertex 12.4724 5.16623 4.5
      vertex 12.7836 4.33943 0
      vertex 12.7836 4.33943 4.5
    endloop
  endfacet
  facet normal -0.812884 -0.582426 0
    outer loop
      vertex 11.2248 7.5002 0
      vertex 10.7103 8.21828 4.5
      vertex 10.7103 8.21828 0
    endloop
  endfacet
  facet normal -0.812884 -0.582426 0
    outer loop
      vertex 10.7103 8.21828 4.5
      vertex 11.2248 7.5002 0
      vertex 11.2248 7.5002 4.5
    endloop
  endfacet
  facet normal -0.849204 -0.528064 0
    outer loop
      vertex 11.6913 6.75 0
      vertex 11.2248 7.5002 4.5
      vertex 11.2248 7.5002 0
    endloop
  endfacet
  facet normal -0.849204 -0.528064 0
    outer loop
      vertex 11.2248 7.5002 4.5
      vertex 11.6913 6.75 0
      vertex 11.6913 6.75 4.5
    endloop
  endfacet
  facet normal -0.352264 -0.935901 0
    outer loop
      vertex 4.33943 12.7836 0
      vertex 5.16623 12.4724 4.5
      vertex 4.33943 12.7836 4.5
    endloop
  endfacet
  facet normal -0.352264 -0.935901 -0
    outer loop
      vertex 5.16623 12.4724 4.5
      vertex 4.33943 12.7836 0
      vertex 5.16623 12.4724 0
    endloop
  endfacet
  facet normal -0.290243 -0.956953 0
    outer loop
      vertex 3.49406 13.04 0
      vertex 4.33943 12.7836 4.5
      vertex 3.49406 13.04 4.5
    endloop
  endfacet
  facet normal -0.290243 -0.956953 -0
    outer loop
      vertex 4.33943 12.7836 4.5
      vertex 3.49406 13.04 0
      vertex 4.33943 12.7836 0
    endloop
  endfacet
  facet normal -0.0981051 -0.995176 0
    outer loop
      vertex 0.882942 13.4711 0
      vertex 0.962065 13.4633 0.810167
      vertex 0.882942 13.4711 0.770137
    endloop
  endfacet
  facet normal -0.0974704 -0.995238 -6.25915e-05
    outer loop
      vertex 0.882942 13.4711 0
      vertex 1.06005 13.4537 0.868515
      vertex 0.962065 13.4633 0.810167
    endloop
  endfacet
  facet normal -0.0980289 -0.995184 5.23991e-05
    outer loop
      vertex 1.7621 13.3845 0
      vertex 1.06005 13.4537 0.868515
      vertex 0.882942 13.4711 0
    endloop
  endfacet
  facet normal -0.0981927 -0.995167 -8.12631e-05
    outer loop
      vertex 1.06005 13.4537 0.868515
      vertex 1.7621 13.3845 0
      vertex 1.15425 13.4444 0.933828
    endloop
  endfacet
  facet normal -0.098385 -0.995148 -0.000207663
    outer loop
      vertex 1.15425 13.4444 0.933828
      vertex 1.7621 13.3845 0
      vertex 1.24412 13.4355 1.00588
    endloop
  endfacet
  facet normal -0.097443 -0.995241 0.000282134
    outer loop
      vertex 1.24412 13.4355 1.00588
      vertex 1.7621 13.3845 0
      vertex 1.32912 13.4272 1.08439
    endloop
  endfacet
  facet normal -0.0985682 -0.99513 -0.000171506
    outer loop
      vertex 1.32912 13.4272 1.08439
      vertex 1.7621 13.3845 0
      vertex 1.40873 13.4193 1.16904
    endloop
  endfacet
  facet normal -0.0983966 -0.995147 -0.000119157
    outer loop
      vertex 1.40873 13.4193 1.16904
      vertex 1.7621 13.3845 0
      vertex 1.48245 13.412 1.25946
    endloop
  endfacet
  facet normal -0.0976092 -0.995225 5.73839e-05
    outer loop
      vertex 1.48245 13.412 1.25946
      vertex 1.7621 13.3845 0
      vertex 1.5498 13.4054 1.35522
    endloop
  endfacet
  facet normal -0.097173 -0.995267 0.000126374
    outer loop
      vertex 1.5498 13.4054 1.35522
      vertex 1.7621 13.3845 0
      vertex 1.61036 13.3995 1.45586
    endloop
  endfacet
  facet normal -0.101377 -0.994848 0
    outer loop
      vertex 1.74738 13.386 1.78179
      vertex 1.7621 13.3845 0
      vertex 1.7621 13.3845 1.83856
    endloop
  endfacet
  facet normal -0.097264 -0.995259 3.43264e-05
    outer loop
      vertex 1.70948 13.3897 1.66971
      vertex 1.7621 13.3845 0
      vertex 1.74738 13.386 1.78179
    endloop
  endfacet
  facet normal -0.0978608 -0.9952 1.53338e-05
    outer loop
      vertex 1.6637 13.3942 1.56087
      vertex 1.7621 13.3845 0
      vertex 1.70948 13.3897 1.66971
    endloop
  endfacet
  facet normal -0.0987902 -0.995108 -4.38278e-05
    outer loop
      vertex 1.61036 13.3995 1.45586
      vertex 1.7621 13.3845 0
      vertex 1.6637 13.3942 1.56087
    endloop
  endfacet
  facet normal -0.0981051 -0.995176 0
    outer loop
      vertex 0.962065 13.4633 3.68983
      vertex 0.882942 13.4711 4.5
      vertex 0.882942 13.4711 3.72986
    endloop
  endfacet
  facet normal -0.0974704 -0.995238 6.25914e-05
    outer loop
      vertex 1.06005 13.4537 3.63148
      vertex 0.882942 13.4711 4.5
      vertex 0.962065 13.4633 3.68983
    endloop
  endfacet
  facet normal -0.0980289 -0.995184 -5.23988e-05
    outer loop
      vertex 0.882942 13.4711 4.5
      vertex 1.06005 13.4537 3.63148
      vertex 1.7621 13.3845 4.5
    endloop
  endfacet
  facet normal -0.0981927 -0.995167 8.12641e-05
    outer loop
      vertex 1.15425 13.4444 3.56617
      vertex 1.7621 13.3845 4.5
      vertex 1.06005 13.4537 3.63148
    endloop
  endfacet
  facet normal -0.098385 -0.995148 0.000207665
    outer loop
      vertex 1.24412 13.4355 3.49412
      vertex 1.7621 13.3845 4.5
      vertex 1.15425 13.4444 3.56617
    endloop
  endfacet
  facet normal -0.097443 -0.995241 -0.000282134
    outer loop
      vertex 1.32912 13.4272 3.41561
      vertex 1.7621 13.3845 4.5
      vertex 1.24412 13.4355 3.49412
    endloop
  endfacet
  facet normal -0.0985682 -0.99513 0.000171506
    outer loop
      vertex 1.40873 13.4193 3.33096
      vertex 1.7621 13.3845 4.5
      vertex 1.32912 13.4272 3.41561
    endloop
  endfacet
  facet normal -0.0983966 -0.995147 0.000119157
    outer loop
      vertex 1.48245 13.412 3.24054
      vertex 1.7621 13.3845 4.5
      vertex 1.40873 13.4193 3.33096
    endloop
  endfacet
  facet normal -0.0976092 -0.995225 -5.73839e-05
    outer loop
      vertex 1.5498 13.4054 3.14478
      vertex 1.7621 13.3845 4.5
      vertex 1.48245 13.412 3.24054
    endloop
  endfacet
  facet normal -0.097173 -0.995267 -0.000126374
    outer loop
      vertex 1.61036 13.3995 3.04414
      vertex 1.7621 13.3845 4.5
      vertex 1.5498 13.4054 3.14478
    endloop
  endfacet
  facet normal -0.0987902 -0.995108 4.38278e-05
    outer loop
      vertex 1.6637 13.3942 2.93913
      vertex 1.7621 13.3845 4.5
      vertex 1.61036 13.3995 3.04414
    endloop
  endfacet
  facet normal -0.0978608 -0.9952 -1.53338e-05
    outer loop
      vertex 1.70948 13.3897 2.83029
      vertex 1.7621 13.3845 4.5
      vertex 1.6637 13.3942 2.93913
    endloop
  endfacet
  facet normal -0.097264 -0.995259 -3.43264e-05
    outer loop
      vertex 1.74738 13.386 2.71821
      vertex 1.7621 13.3845 4.5
      vertex 1.70948 13.3897 2.83029
    endloop
  endfacet
  facet normal -0.101377 -0.994848 -0
    outer loop
      vertex 1.7621 13.3845 4.5
      vertex 1.74738 13.386 2.71821
      vertex 1.7621 13.3845 2.66144
    endloop
  endfacet
  facet normal -0.412715 -0.91086 0
    outer loop
      vertex 5.16623 12.4724 0
      vertex 5.9709 12.1078 4.5
      vertex 5.16623 12.4724 4.5
    endloop
  endfacet
  facet normal -0.412715 -0.91086 -0
    outer loop
      vertex 5.9709 12.1078 4.5
      vertex 5.16623 12.4724 0
      vertex 5.9709 12.1078 0
    endloop
  endfacet
  facet normal -0.634438 -0.772973 0
    outer loop
      vertex 8.21828 10.7103 0
      vertex 8.90117 10.1498 4.5
      vertex 8.21828 10.7103 4.5
    endloop
  endfacet
  facet normal -0.634438 -0.772973 -0
    outer loop
      vertex 8.90117 10.1498 4.5
      vertex 8.21828 10.7103 0
      vertex 8.90117 10.1498 0
    endloop
  endfacet
  facet normal -0.683572 -0.729883 0
    outer loop
      vertex 8.90117 10.1498 0
      vertex 9.54594 9.54594 4.5
      vertex 8.90117 10.1498 4.5
    endloop
  endfacet
  facet normal -0.683572 -0.729883 -0
    outer loop
      vertex 9.54594 9.54594 4.5
      vertex 8.90117 10.1498 0
      vertex 9.54594 9.54594 0
    endloop
  endfacet
  facet normal 0.729883 -0.683572 0
    outer loop
      vertex -10.1498 8.90117 4.5
      vertex -9.54594 9.54594 0
      vertex -9.54594 9.54594 4.5
    endloop
  endfacet
  facet normal 0.729883 -0.683572 0
    outer loop
      vertex -9.54594 9.54594 0
      vertex -10.1498 8.90117 4.5
      vertex -10.1498 8.90117 0
    endloop
  endfacet
  facet normal 0.772973 -0.634438 0
    outer loop
      vertex -10.7103 8.21828 4.5
      vertex -10.1498 8.90117 0
      vertex -10.1498 8.90117 4.5
    endloop
  endfacet
  facet normal 0.772973 -0.634438 0
    outer loop
      vertex -10.1498 8.90117 0
      vertex -10.7103 8.21828 4.5
      vertex -10.7103 8.21828 0
    endloop
  endfacet
  facet normal 0.91086 -0.412715 0
    outer loop
      vertex -12.4724 5.16623 4.5
      vertex -12.1078 5.9709 0
      vertex -12.1078 5.9709 4.5
    endloop
  endfacet
  facet normal 0.91086 -0.412715 0
    outer loop
      vertex -12.1078 5.9709 0
      vertex -12.4724 5.16623 4.5
      vertex -12.4724 5.16623 0
    endloop
  endfacet
  facet normal 0.881892 -0.471452 0
    outer loop
      vertex -12.1078 5.9709 4.5
      vertex -11.6913 6.75 0
      vertex -11.6913 6.75 4.5
    endloop
  endfacet
  facet normal 0.881892 -0.471452 0
    outer loop
      vertex -11.6913 6.75 0
      vertex -12.1078 5.9709 4.5
      vertex -12.1078 5.9709 0
    endloop
  endfacet
  facet normal 0.935901 -0.352264 0
    outer loop
      vertex -12.7836 4.33943 4.5
      vertex -12.4724 5.16623 0
      vertex -12.4724 5.16623 4.5
    endloop
  endfacet
  facet normal 0.935901 -0.352264 0
    outer loop
      vertex -12.4724 5.16623 0
      vertex -12.7836 4.33943 4.5
      vertex -12.7836 4.33943 0
    endloop
  endfacet
  facet normal 0.956953 -0.290243 0
    outer loop
      vertex -13.04 3.49406 4.5
      vertex -12.7836 4.33943 0
      vertex -12.7836 4.33943 4.5
    endloop
  endfacet
  facet normal 0.956953 -0.290243 0
    outer loop
      vertex -12.7836 4.33943 0
      vertex -13.04 3.49406 4.5
      vertex -13.04 3.49406 0
    endloop
  endfacet
  facet normal 0.995184 -0.0980289 0
    outer loop
      vertex -13.4711 0.882942 4.5
      vertex -13.3845 1.7621 0
      vertex -13.3845 1.7621 4.5
    endloop
  endfacet
  facet normal 0.995184 -0.0980289 0
    outer loop
      vertex -13.3845 1.7621 0
      vertex -13.4711 0.882942 4.5
      vertex -13.4711 0.882942 0
    endloop
  endfacet
  facet normal 0.412715 -0.91086 0
    outer loop
      vertex -5.9709 12.1078 0
      vertex -5.16623 12.4724 4.5
      vertex -5.9709 12.1078 4.5
    endloop
  endfacet
  facet normal 0.412715 -0.91086 0
    outer loop
      vertex -5.16623 12.4724 4.5
      vertex -5.9709 12.1078 0
      vertex -5.16623 12.4724 0
    endloop
  endfacet
  facet normal 0.471452 -0.881892 0
    outer loop
      vertex -6.75 11.6913 0
      vertex -5.9709 12.1078 4.5
      vertex -6.75 11.6913 4.5
    endloop
  endfacet
  facet normal 0.471452 -0.881892 0
    outer loop
      vertex -5.9709 12.1078 4.5
      vertex -6.75 11.6913 0
      vertex -5.9709 12.1078 0
    endloop
  endfacet
  facet normal 0.352264 -0.935901 0
    outer loop
      vertex -5.16623 12.4724 0
      vertex -4.33943 12.7836 4.5
      vertex -5.16623 12.4724 4.5
    endloop
  endfacet
  facet normal 0.352264 -0.935901 0
    outer loop
      vertex -4.33943 12.7836 4.5
      vertex -5.16623 12.4724 0
      vertex -4.33943 12.7836 0
    endloop
  endfacet
  facet normal 0.0325126 -0.999471 -0.00012844
    outer loop
      vertex -0.332798 13.4891 0.576908
      vertex 0 13.5 0
      vertex -0.222188 13.4927 0.562314
    endloop
  endfacet
  facet normal 0.032714 -0.999465 -1.21762e-05
    outer loop
      vertex 0 13.5 0
      vertex -0.332798 13.4891 0.576908
      vertex -0.882942 13.4711 0
    endloop
  endfacet
  facet normal 0.032798 -0.999462 -9.24234e-05
    outer loop
      vertex -0.44244 13.4855 0.598789
      vertex -0.882942 13.4711 0
      vertex -0.332798 13.4891 0.576908
    endloop
  endfacet
  facet normal 0.0323908 -0.999475 0.000207437
    outer loop
      vertex -0.550625 13.482 0.627908
      vertex -0.882942 13.4711 0
      vertex -0.44244 13.4855 0.598789
    endloop
  endfacet
  facet normal 0.0329036 -0.999459 -6.42171e-05
    outer loop
      vertex -0.656868 13.4785 0.664181
      vertex -0.882942 13.4711 0
      vertex -0.550625 13.482 0.627908
    endloop
  endfacet
  facet normal 0.0327311 -0.999464 -5.43255e-06
    outer loop
      vertex -0.760682 13.4751 0.707489
      vertex -0.882942 13.4711 0
      vertex -0.656868 13.4785 0.664181
    endloop
  endfacet
  facet normal 0.0326867 -0.999466 2.24316e-06
    outer loop
      vertex -0.86159 13.4718 0.757681
      vertex -0.882942 13.4711 0
      vertex -0.760682 13.4751 0.707489
    endloop
  endfacet
  facet normal 0.0327662 -0.999463 0
    outer loop
      vertex -0.882942 13.4711 0
      vertex -0.86159 13.4718 0.757681
      vertex -0.882942 13.4711 0.770137
    endloop
  endfacet
  facet normal 0.0332986 -0.999445 0.000182468
    outer loop
      vertex -0.222188 13.4927 0.562314
      vertex 0 13.5 0
      vertex -0.111094 13.4964 0.555025
    endloop
  endfacet
  facet normal 0.032388 -0.999475 0
    outer loop
      vertex -0.111094 13.4964 0.555025
      vertex 0 13.5 0
      vertex 0 13.5 0.555025
    endloop
  endfacet
  facet normal 0.032714 -0.999465 1.21762e-05
    outer loop
      vertex -0.332798 13.4891 3.92309
      vertex 0 13.5 4.5
      vertex -0.882942 13.4711 4.5
    endloop
  endfacet
  facet normal 0.0332986 -0.999445 -0.000182467
    outer loop
      vertex 0 13.5 4.5
      vertex -0.222188 13.4927 3.93768
      vertex -0.111094 13.4964 3.94497
    endloop
  endfacet
  facet normal 0.0325126 -0.999471 0.000128437
    outer loop
      vertex 0 13.5 4.5
      vertex -0.332798 13.4891 3.92309
      vertex -0.222188 13.4927 3.93768
    endloop
  endfacet
  facet normal 0.032798 -0.999462 9.24238e-05
    outer loop
      vertex -0.882942 13.4711 4.5
      vertex -0.44244 13.4855 3.90121
      vertex -0.332798 13.4891 3.92309
    endloop
  endfacet
  facet normal 0.0323908 -0.999475 -0.000207435
    outer loop
      vertex -0.882942 13.4711 4.5
      vertex -0.550625 13.482 3.87209
      vertex -0.44244 13.4855 3.90121
    endloop
  endfacet
  facet normal 0.0329036 -0.999459 6.42178e-05
    outer loop
      vertex -0.882942 13.4711 4.5
      vertex -0.656868 13.4785 3.83582
      vertex -0.550625 13.482 3.87209
    endloop
  endfacet
  facet normal 0.0327311 -0.999464 5.43253e-06
    outer loop
      vertex -0.882942 13.4711 4.5
      vertex -0.760682 13.4751 3.79251
      vertex -0.656868 13.4785 3.83582
    endloop
  endfacet
  facet normal 0.0326867 -0.999466 -2.24316e-06
    outer loop
      vertex -0.882942 13.4711 4.5
      vertex -0.86159 13.4718 3.74232
      vertex -0.760682 13.4751 3.79251
    endloop
  endfacet
  facet normal 0.0327662 -0.999463 0
    outer loop
      vertex -0.86159 13.4718 3.74232
      vertex -0.882942 13.4711 4.5
      vertex -0.882942 13.4711 3.72986
    endloop
  endfacet
  facet normal 0.032388 -0.999475 0
    outer loop
      vertex 0 13.5 4.5
      vertex -0.111094 13.4964 3.94497
      vertex 0 13.5 3.94497
    endloop
  endfacet
  facet normal -0.999465 0.032714 0
    outer loop
      vertex 13.4711 -0.882942 0
      vertex 13.5 0 4.5
      vertex 13.5 0 0
    endloop
  endfacet
  facet normal -0.999465 0.032714 0
    outer loop
      vertex 13.5 0 4.5
      vertex 13.4711 -0.882942 0
      vertex 13.4711 -0.882942 4.5
    endloop
  endfacet
  facet normal -0.0325126 0.999471 -0.00012844
    outer loop
      vertex 0.332798 -13.4891 0.576908
      vertex 0 -13.5 0
      vertex 0.222188 -13.4927 0.562314
    endloop
  endfacet
  facet normal -0.032714 0.999465 -1.21762e-05
    outer loop
      vertex 0 -13.5 0
      vertex 0.332798 -13.4891 0.576908
      vertex 0.882942 -13.4711 0
    endloop
  endfacet
  facet normal -0.032798 0.999462 -9.24234e-05
    outer loop
      vertex 0.44244 -13.4855 0.598789
      vertex 0.882942 -13.4711 0
      vertex 0.332798 -13.4891 0.576908
    endloop
  endfacet
  facet normal -0.0323908 0.999475 0.000207437
    outer loop
      vertex 0.550625 -13.482 0.627908
      vertex 0.882942 -13.4711 0
      vertex 0.44244 -13.4855 0.598789
    endloop
  endfacet
  facet normal -0.0329036 0.999459 -6.42171e-05
    outer loop
      vertex 0.656868 -13.4785 0.664181
      vertex 0.882942 -13.4711 0
      vertex 0.550625 -13.482 0.627908
    endloop
  endfacet
  facet normal -0.0327311 0.999464 -5.43255e-06
    outer loop
      vertex 0.760682 -13.4751 0.707489
      vertex 0.882942 -13.4711 0
      vertex 0.656868 -13.4785 0.664181
    endloop
  endfacet
  facet normal -0.0326867 0.999466 2.24316e-06
    outer loop
      vertex 0.86159 -13.4718 0.757681
      vertex 0.882942 -13.4711 0
      vertex 0.760682 -13.4751 0.707489
    endloop
  endfacet
  facet normal -0.0327662 0.999463 0
    outer loop
      vertex 0.882942 -13.4711 0
      vertex 0.86159 -13.4718 0.757681
      vertex 0.882942 -13.4711 0.770137
    endloop
  endfacet
  facet normal -0.0332986 0.999445 0.000182468
    outer loop
      vertex 0.222188 -13.4927 0.562314
      vertex 0 -13.5 0
      vertex 0.111094 -13.4964 0.555025
    endloop
  endfacet
  facet normal -0.032388 0.999475 0
    outer loop
      vertex 0.111094 -13.4964 0.555025
      vertex 0 -13.5 0
      vertex 0 -13.5 0.555025
    endloop
  endfacet
  facet normal -0.032714 0.999465 1.21762e-05
    outer loop
      vertex 0.332798 -13.4891 3.92309
      vertex 0 -13.5 4.5
      vertex 0.882942 -13.4711 4.5
    endloop
  endfacet
  facet normal -0.0332986 0.999445 -0.000182467
    outer loop
      vertex 0 -13.5 4.5
      vertex 0.222188 -13.4927 3.93768
      vertex 0.111094 -13.4964 3.94497
    endloop
  endfacet
  facet normal -0.0325126 0.999471 0.000128437
    outer loop
      vertex 0 -13.5 4.5
      vertex 0.332798 -13.4891 3.92309
      vertex 0.222188 -13.4927 3.93768
    endloop
  endfacet
  facet normal -0.032798 0.999462 9.24238e-05
    outer loop
      vertex 0.882942 -13.4711 4.5
      vertex 0.44244 -13.4855 3.90121
      vertex 0.332798 -13.4891 3.92309
    endloop
  endfacet
  facet normal -0.0323908 0.999475 -0.000207435
    outer loop
      vertex 0.882942 -13.4711 4.5
      vertex 0.550625 -13.482 3.87209
      vertex 0.44244 -13.4855 3.90121
    endloop
  endfacet
  facet normal -0.0329036 0.999459 6.42178e-05
    outer loop
      vertex 0.882942 -13.4711 4.5
      vertex 0.656868 -13.4785 3.83582
      vertex 0.550625 -13.482 3.87209
    endloop
  endfacet
  facet normal -0.0327311 0.999464 5.43253e-06
    outer loop
      vertex 0.882942 -13.4711 4.5
      vertex 0.760682 -13.4751 3.79251
      vertex 0.656868 -13.4785 3.83582
    endloop
  endfacet
  facet normal -0.0326867 0.999466 -2.24316e-06
    outer loop
      vertex 0.882942 -13.4711 4.5
      vertex 0.86159 -13.4718 3.74232
      vertex 0.760682 -13.4751 3.79251
    endloop
  endfacet
  facet normal -0.0327662 0.999463 0
    outer loop
      vertex 0.86159 -13.4718 3.74232
      vertex 0.882942 -13.4711 4.5
      vertex 0.882942 -13.4711 3.72986
    endloop
  endfacet
  facet normal -0.032388 0.999475 0
    outer loop
      vertex 0 -13.5 4.5
      vertex 0.111094 -13.4964 3.94497
      vertex 0 -13.5 3.94497
    endloop
  endfacet
  facet normal -0.16289 0.986644 0
    outer loop
      vertex 2.63372 -13.2406 4.5
      vertex 1.7621 -13.3845 2.66144
      vertex 1.7621 -13.3845 4.5
    endloop
  endfacet
  facet normal -0.163451 0.986551 0.000273401
    outer loop
      vertex 2.63372 -13.2406 4.5
      vertex 1.7783 -13.3818 2.60373
      vertex 1.7621 -13.3845 2.66144
    endloop
  endfacet
  facet normal -0.162675 0.98668 -8.61717e-05
    outer loop
      vertex 2.63372 -13.2406 4.5
      vertex 1.80141 -13.378 2.48716
      vertex 1.7783 -13.3818 2.60373
    endloop
  endfacet
  facet normal -0.162809 0.986658 -2.95794e-05
    outer loop
      vertex 2.63372 -13.2406 4.5
      vertex 1.81537 -13.3757 2.36899
      vertex 1.80141 -13.378 2.48716
    endloop
  endfacet
  facet normal -0.163469 0.986548 0.000230893
    outer loop
      vertex 2.63372 -13.2406 4.5
      vertex 1.82003 -13.3749 2.25
      vertex 1.81537 -13.3757 2.36899
    endloop
  endfacet
  facet normal -0.162847 0.986651 0
    outer loop
      vertex 2.63372 -13.2406 0
      vertex 1.82003 -13.3749 2.25
      vertex 2.63372 -13.2406 4.5
    endloop
  endfacet
  facet normal -0.163469 0.986548 -0.000230893
    outer loop
      vertex 1.82003 -13.3749 2.25
      vertex 2.63372 -13.2406 0
      vertex 1.81537 -13.3757 2.13101
    endloop
  endfacet
  facet normal -0.162809 0.986658 2.95794e-05
    outer loop
      vertex 1.81537 -13.3757 2.13101
      vertex 2.63372 -13.2406 0
      vertex 1.80141 -13.378 2.01284
    endloop
  endfacet
  facet normal -0.162675 0.98668 8.61717e-05
    outer loop
      vertex 1.80141 -13.378 2.01284
      vertex 2.63372 -13.2406 0
      vertex 1.7783 -13.3818 1.89627
    endloop
  endfacet
  facet normal -0.163451 0.986551 -0.000273401
    outer loop
      vertex 1.7783 -13.3818 1.89627
      vertex 2.63372 -13.2406 0
      vertex 1.7621 -13.3845 1.83856
    endloop
  endfacet
  facet normal -0.16289 0.986644 0
    outer loop
      vertex 1.7621 -13.3845 1.83856
      vertex 2.63372 -13.2406 0
      vertex 1.7621 -13.3845 0
    endloop
  endfacet
  facet normal -0.290243 0.956953 0
    outer loop
      vertex 4.33943 -12.7836 0
      vertex 3.49406 -13.04 4.5
      vertex 4.33943 -12.7836 4.5
    endloop
  endfacet
  facet normal -0.290243 0.956953 0
    outer loop
      vertex 3.49406 -13.04 4.5
      vertex 4.33943 -12.7836 0
      vertex 3.49406 -13.04 0
    endloop
  endfacet
  facet normal -0.412715 0.91086 0
    outer loop
      vertex 5.9709 -12.1078 0
      vertex 5.16623 -12.4724 4.5
      vertex 5.9709 -12.1078 4.5
    endloop
  endfacet
  facet normal -0.412715 0.91086 0
    outer loop
      vertex 5.16623 -12.4724 4.5
      vertex 5.9709 -12.1078 0
      vertex 5.16623 -12.4724 0
    endloop
  endfacet
  facet normal -0.729883 0.683572 0
    outer loop
      vertex 9.54594 -9.54594 0
      vertex 10.1498 -8.90117 4.5
      vertex 10.1498 -8.90117 0
    endloop
  endfacet
  facet normal -0.729883 0.683572 0
    outer loop
      vertex 10.1498 -8.90117 4.5
      vertex 9.54594 -9.54594 0
      vertex 9.54594 -9.54594 4.5
    endloop
  endfacet
  facet normal -0.812884 0.582426 0
    outer loop
      vertex 10.7103 -8.21828 0
      vertex 11.2248 -7.5002 4.5
      vertex 11.2248 -7.5002 0
    endloop
  endfacet
  facet normal -0.812884 0.582426 0
    outer loop
      vertex 11.2248 -7.5002 4.5
      vertex 10.7103 -8.21828 0
      vertex 10.7103 -8.21828 4.5
    endloop
  endfacet
  facet normal -0.935901 0.352264 0
    outer loop
      vertex 12.4724 -5.16623 0
      vertex 12.7836 -4.33943 4.5
      vertex 12.7836 -4.33943 0
    endloop
  endfacet
  facet normal -0.935901 0.352264 0
    outer loop
      vertex 12.7836 -4.33943 4.5
      vertex 12.4724 -5.16623 0
      vertex 12.4724 -5.16623 4.5
    endloop
  endfacet
  facet normal -0.91086 0.412715 0
    outer loop
      vertex 12.1078 -5.9709 0
      vertex 12.4724 -5.16623 4.5
      vertex 12.4724 -5.16623 0
    endloop
  endfacet
  facet normal -0.91086 0.412715 0
    outer loop
      vertex 12.4724 -5.16623 4.5
      vertex 12.1078 -5.9709 0
      vertex 12.1078 -5.9709 4.5
    endloop
  endfacet
  facet normal -0.973878 0.227073 0
    outer loop
      vertex 13.04 -3.49406 0
      vertex 13.2406 -2.63372 4.5
      vertex 13.2406 -2.63372 0
    endloop
  endfacet
  facet normal -0.973878 0.227073 0
    outer loop
      vertex 13.2406 -2.63372 4.5
      vertex 13.04 -3.49406 0
      vertex 13.04 -3.49406 4.5
    endloop
  endfacet
  facet normal -0.995184 0.0980289 0
    outer loop
      vertex 13.3845 -1.7621 0
      vertex 13.4711 -0.882942 4.5
      vertex 13.4711 -0.882942 0
    endloop
  endfacet
  facet normal -0.995184 0.0980289 0
    outer loop
      vertex 13.4711 -0.882942 4.5
      vertex 13.3845 -1.7621 0
      vertex 13.3845 -1.7621 4.5
    endloop
  endfacet
  facet normal 0.683572 0.729883 -0
    outer loop
      vertex -8.90117 -10.1498 0
      vertex -9.54594 -9.54594 4.5
      vertex -8.90117 -10.1498 4.5
    endloop
  endfacet
  facet normal 0.683572 0.729883 0
    outer loop
      vertex -9.54594 -9.54594 4.5
      vertex -8.90117 -10.1498 0
      vertex -9.54594 -9.54594 0
    endloop
  endfacet
  facet normal 0.471452 0.881892 -0
    outer loop
      vertex -5.9709 -12.1078 0
      vertex -6.75 -11.6913 4.5
      vertex -5.9709 -12.1078 4.5
    endloop
  endfacet
  facet normal 0.471452 0.881892 0
    outer loop
      vertex -6.75 -11.6913 4.5
      vertex -5.9709 -12.1078 0
      vertex -6.75 -11.6913 0
    endloop
  endfacet
  facet normal 0.227073 0.973878 -0
    outer loop
      vertex -2.63372 -13.2406 0
      vertex -3.49406 -13.04 4.5
      vertex -2.63372 -13.2406 4.5
    endloop
  endfacet
  facet normal 0.227073 0.973878 0
    outer loop
      vertex -3.49406 -13.04 4.5
      vertex -2.63372 -13.2406 0
      vertex -3.49406 -13.04 0
    endloop
  endfacet
  facet normal 0.0981051 0.995176 -0
    outer loop
      vertex -0.882942 -13.4711 0
      vertex -0.962065 -13.4633 0.810167
      vertex -0.882942 -13.4711 0.770137
    endloop
  endfacet
  facet normal 0.0974704 0.995238 -6.25915e-05
    outer loop
      vertex -0.882942 -13.4711 0
      vertex -1.06005 -13.4537 0.868515
      vertex -0.962065 -13.4633 0.810167
    endloop
  endfacet
  facet normal 0.0980289 0.995184 5.23991e-05
    outer loop
      vertex -1.7621 -13.3845 0
      vertex -1.06005 -13.4537 0.868515
      vertex -0.882942 -13.4711 0
    endloop
  endfacet
  facet normal 0.0981927 0.995167 -8.12631e-05
    outer loop
      vertex -1.06005 -13.4537 0.868515
      vertex -1.7621 -13.3845 0
      vertex -1.15425 -13.4444 0.933828
    endloop
  endfacet
  facet normal 0.098385 0.995148 -0.000207663
    outer loop
      vertex -1.15425 -13.4444 0.933828
      vertex -1.7621 -13.3845 0
      vertex -1.24412 -13.4355 1.00588
    endloop
  endfacet
  facet normal 0.097443 0.995241 0.000282134
    outer loop
      vertex -1.24412 -13.4355 1.00588
      vertex -1.7621 -13.3845 0
      vertex -1.32912 -13.4272 1.08439
    endloop
  endfacet
  facet normal 0.0985682 0.99513 -0.000171506
    outer loop
      vertex -1.32912 -13.4272 1.08439
      vertex -1.7621 -13.3845 0
      vertex -1.40873 -13.4193 1.16904
    endloop
  endfacet
  facet normal 0.0983966 0.995147 -0.000119157
    outer loop
      vertex -1.40873 -13.4193 1.16904
      vertex -1.7621 -13.3845 0
      vertex -1.48245 -13.412 1.25946
    endloop
  endfacet
  facet normal 0.0976092 0.995225 5.73839e-05
    outer loop
      vertex -1.48245 -13.412 1.25946
      vertex -1.7621 -13.3845 0
      vertex -1.5498 -13.4054 1.35522
    endloop
  endfacet
  facet normal 0.097173 0.995267 0.000126374
    outer loop
      vertex -1.5498 -13.4054 1.35522
      vertex -1.7621 -13.3845 0
      vertex -1.61036 -13.3995 1.45586
    endloop
  endfacet
  facet normal 0.101377 0.994848 0
    outer loop
      vertex -1.74738 -13.386 1.78179
      vertex -1.7621 -13.3845 0
      vertex -1.7621 -13.3845 1.83856
    endloop
  endfacet
  facet normal 0.097264 0.995259 3.43264e-05
    outer loop
      vertex -1.70948 -13.3897 1.66971
      vertex -1.7621 -13.3845 0
      vertex -1.74738 -13.386 1.78179
    endloop
  endfacet
  facet normal 0.0978608 0.9952 1.53338e-05
    outer loop
      vertex -1.6637 -13.3942 1.56087
      vertex -1.7621 -13.3845 0
      vertex -1.70948 -13.3897 1.66971
    endloop
  endfacet
  facet normal 0.0987902 0.995108 -4.38278e-05
    outer loop
      vertex -1.61036 -13.3995 1.45586
      vertex -1.7621 -13.3845 0
      vertex -1.6637 -13.3942 1.56087
    endloop
  endfacet
  facet normal 0.0981051 0.995176 0
    outer loop
      vertex -0.962065 -13.4633 3.68983
      vertex -0.882942 -13.4711 4.5
      vertex -0.882942 -13.4711 3.72986
    endloop
  endfacet
  facet normal 0.0974704 0.995238 6.25914e-05
    outer loop
      vertex -1.06005 -13.4537 3.63148
      vertex -0.882942 -13.4711 4.5
      vertex -0.962065 -13.4633 3.68983
    endloop
  endfacet
  facet normal 0.0980289 0.995184 -5.23988e-05
    outer loop
      vertex -0.882942 -13.4711 4.5
      vertex -1.06005 -13.4537 3.63148
      vertex -1.7621 -13.3845 4.5
    endloop
  endfacet
  facet normal 0.0981927 0.995167 8.12641e-05
    outer loop
      vertex -1.15425 -13.4444 3.56617
      vertex -1.7621 -13.3845 4.5
      vertex -1.06005 -13.4537 3.63148
    endloop
  endfacet
  facet normal 0.098385 0.995148 0.000207665
    outer loop
      vertex -1.24412 -13.4355 3.49412
      vertex -1.7621 -13.3845 4.5
      vertex -1.15425 -13.4444 3.56617
    endloop
  endfacet
  facet normal 0.097443 0.995241 -0.000282134
    outer loop
      vertex -1.32912 -13.4272 3.41561
      vertex -1.7621 -13.3845 4.5
      vertex -1.24412 -13.4355 3.49412
    endloop
  endfacet
  facet normal 0.0985682 0.99513 0.000171506
    outer loop
      vertex -1.40873 -13.4193 3.33096
      vertex -1.7621 -13.3845 4.5
      vertex -1.32912 -13.4272 3.41561
    endloop
  endfacet
  facet normal 0.0983966 0.995147 0.000119157
    outer loop
      vertex -1.48245 -13.412 3.24054
      vertex -1.7621 -13.3845 4.5
      vertex -1.40873 -13.4193 3.33096
    endloop
  endfacet
  facet normal 0.0976092 0.995225 -5.73839e-05
    outer loop
      vertex -1.5498 -13.4054 3.14478
      vertex -1.7621 -13.3845 4.5
      vertex -1.48245 -13.412 3.24054
    endloop
  endfacet
  facet normal 0.097173 0.995267 -0.000126374
    outer loop
      vertex -1.61036 -13.3995 3.04414
      vertex -1.7621 -13.3845 4.5
      vertex -1.5498 -13.4054 3.14478
    endloop
  endfacet
  facet normal 0.0987902 0.995108 4.38278e-05
    outer loop
      vertex -1.6637 -13.3942 2.93913
      vertex -1.7621 -13.3845 4.5
      vertex -1.61036 -13.3995 3.04414
    endloop
  endfacet
  facet normal 0.0978608 0.9952 -1.53338e-05
    outer loop
      vertex -1.70948 -13.3897 2.83029
      vertex -1.7621 -13.3845 4.5
      vertex -1.6637 -13.3942 2.93913
    endloop
  endfacet
  facet normal 0.097264 0.995259 -3.43264e-05
    outer loop
      vertex -1.74738 -13.386 2.71821
      vertex -1.7621 -13.3845 4.5
      vertex -1.70948 -13.3897 2.83029
    endloop
  endfacet
  facet normal 0.101377 0.994848 0
    outer loop
      vertex -1.7621 -13.3845 4.5
      vertex -1.74738 -13.386 2.71821
      vertex -1.7621 -13.3845 2.66144
    endloop
  endfacet
  facet normal 0.772973 0.634438 0
    outer loop
      vertex -10.1498 -8.90117 4.5
      vertex -10.7103 -8.21828 0
      vertex -10.7103 -8.21828 4.5
    endloop
  endfacet
  facet normal 0.772973 0.634438 0
    outer loop
      vertex -10.7103 -8.21828 0
      vertex -10.1498 -8.90117 4.5
      vertex -10.1498 -8.90117 0
    endloop
  endfacet
  facet normal 0.849204 0.528064 0
    outer loop
      vertex -11.2248 -7.5002 4.5
      vertex -11.6913 -6.75 0
      vertex -11.6913 -6.75 4.5
    endloop
  endfacet
  facet normal 0.849204 0.528064 0
    outer loop
      vertex -11.6913 -6.75 0
      vertex -11.2248 -7.5002 4.5
      vertex -11.2248 -7.5002 0
    endloop
  endfacet
  facet normal 0.935901 0.352264 0
    outer loop
      vertex -12.4724 -5.16623 4.5
      vertex -12.7836 -4.33943 0
      vertex -12.7836 -4.33943 4.5
    endloop
  endfacet
  facet normal 0.935901 0.352264 0
    outer loop
      vertex -12.7836 -4.33943 0
      vertex -12.4724 -5.16623 4.5
      vertex -12.4724 -5.16623 0
    endloop
  endfacet
  facet normal 0.956953 0.290243 0
    outer loop
      vertex -12.7836 -4.33943 4.5
      vertex -13.04 -3.49406 0
      vertex -13.04 -3.49406 4.5
    endloop
  endfacet
  facet normal 0.956953 0.290243 0
    outer loop
      vertex -13.04 -3.49406 0
      vertex -12.7836 -4.33943 4.5
      vertex -12.7836 -4.33943 0
    endloop
  endfacet
  facet normal 0.986644 0.16289 0
    outer loop
      vertex -13.2406 -2.63372 4.5
      vertex -13.3845 -1.7621 0
      vertex -13.3845 -1.7621 4.5
    endloop
  endfacet
  facet normal 0.986644 0.16289 0
    outer loop
      vertex -13.3845 -1.7621 0
      vertex -13.2406 -2.63372 4.5
      vertex -13.2406 -2.63372 0
    endloop
  endfacet
  facet normal 0.999465 0.032714 0
    outer loop
      vertex -13.4711 -0.882942 4.5
      vertex -13.5 0 0
      vertex -13.5 0 4.5
    endloop
  endfacet
  facet normal 0.999465 0.032714 0
    outer loop
      vertex -13.5 0 0
      vertex -13.4711 -0.882942 4.5
      vertex -13.4711 -0.882942 0
    endloop
  endfacet
  facet normal -0.101377 0.994848 0
    outer loop
      vertex 1.7621 -13.3845 0
      vertex 1.74738 -13.386 1.78179
      vertex 1.7621 -13.3845 1.83856
    endloop
  endfacet
  facet normal -0.097264 0.995259 3.43264e-05
    outer loop
      vertex 1.7621 -13.3845 0
      vertex 1.70948 -13.3897 1.66971
      vertex 1.74738 -13.386 1.78179
    endloop
  endfacet
  facet normal -0.0978608 0.9952 1.53338e-05
    outer loop
      vertex 1.7621 -13.3845 0
      vertex 1.6637 -13.3942 1.56087
      vertex 1.70948 -13.3897 1.66971
    endloop
  endfacet
  facet normal -0.0987902 0.995108 -4.38278e-05
    outer loop
      vertex 1.7621 -13.3845 0
      vertex 1.61036 -13.3995 1.45586
      vertex 1.6637 -13.3942 1.56087
    endloop
  endfacet
  facet normal -0.097173 0.995267 0.000126374
    outer loop
      vertex 1.7621 -13.3845 0
      vertex 1.5498 -13.4054 1.35522
      vertex 1.61036 -13.3995 1.45586
    endloop
  endfacet
  facet normal -0.0976092 0.995225 5.73839e-05
    outer loop
      vertex 1.7621 -13.3845 0
      vertex 1.48245 -13.412 1.25946
      vertex 1.5498 -13.4054 1.35522
    endloop
  endfacet
  facet normal -0.0983966 0.995147 -0.000119157
    outer loop
      vertex 1.7621 -13.3845 0
      vertex 1.40873 -13.4193 1.16904
      vertex 1.48245 -13.412 1.25946
    endloop
  endfacet
  facet normal -0.0985682 0.99513 -0.000171506
    outer loop
      vertex 1.7621 -13.3845 0
      vertex 1.32912 -13.4272 1.08439
      vertex 1.40873 -13.4193 1.16904
    endloop
  endfacet
  facet normal -0.097443 0.995241 0.000282134
    outer loop
      vertex 1.7621 -13.3845 0
      vertex 1.24412 -13.4355 1.00588
      vertex 1.32912 -13.4272 1.08439
    endloop
  endfacet
  facet normal -0.098385 0.995148 -0.000207663
    outer loop
      vertex 1.7621 -13.3845 0
      vertex 1.15425 -13.4444 0.933828
      vertex 1.24412 -13.4355 1.00588
    endloop
  endfacet
  facet normal -0.0981927 0.995167 -8.12631e-05
    outer loop
      vertex 1.7621 -13.3845 0
      vertex 1.06005 -13.4537 0.868515
      vertex 1.15425 -13.4444 0.933828
    endloop
  endfacet
  facet normal -0.0980289 0.995184 5.23991e-05
    outer loop
      vertex 0.882942 -13.4711 0
      vertex 1.06005 -13.4537 0.868515
      vertex 1.7621 -13.3845 0
    endloop
  endfacet
  facet normal -0.0974704 0.995238 -6.25915e-05
    outer loop
      vertex 1.06005 -13.4537 0.868515
      vertex 0.882942 -13.4711 0
      vertex 0.962065 -13.4633 0.810167
    endloop
  endfacet
  facet normal -0.0981051 0.995176 0
    outer loop
      vertex 0.962065 -13.4633 0.810167
      vertex 0.882942 -13.4711 0
      vertex 0.882942 -13.4711 0.770137
    endloop
  endfacet
  facet normal -0.0980289 0.995184 -5.23988e-05
    outer loop
      vertex 1.06005 -13.4537 3.63148
      vertex 0.882942 -13.4711 4.5
      vertex 1.7621 -13.3845 4.5
    endloop
  endfacet
  facet normal -0.0981051 0.995176 0
    outer loop
      vertex 0.882942 -13.4711 4.5
      vertex 0.962065 -13.4633 3.68983
      vertex 0.882942 -13.4711 3.72986
    endloop
  endfacet
  facet normal -0.0974704 0.995238 6.25914e-05
    outer loop
      vertex 0.882942 -13.4711 4.5
      vertex 1.06005 -13.4537 3.63148
      vertex 0.962065 -13.4633 3.68983
    endloop
  endfacet
  facet normal -0.0981927 0.995167 8.12641e-05
    outer loop
      vertex 1.7621 -13.3845 4.5
      vertex 1.15425 -13.4444 3.56617
      vertex 1.06005 -13.4537 3.63148
    endloop
  endfacet
  facet normal -0.098385 0.995148 0.000207665
    outer loop
      vertex 1.7621 -13.3845 4.5
      vertex 1.24412 -13.4355 3.49412
      vertex 1.15425 -13.4444 3.56617
    endloop
  endfacet
  facet normal -0.097443 0.995241 -0.000282134
    outer loop
      vertex 1.7621 -13.3845 4.5
      vertex 1.32912 -13.4272 3.41561
      vertex 1.24412 -13.4355 3.49412
    endloop
  endfacet
  facet normal -0.0985682 0.99513 0.000171506
    outer loop
      vertex 1.7621 -13.3845 4.5
      vertex 1.40873 -13.4193 3.33096
      vertex 1.32912 -13.4272 3.41561
    endloop
  endfacet
  facet normal -0.0983966 0.995147 0.000119157
    outer loop
      vertex 1.7621 -13.3845 4.5
      vertex 1.48245 -13.412 3.24054
      vertex 1.40873 -13.4193 3.33096
    endloop
  endfacet
  facet normal -0.0976092 0.995225 -5.73839e-05
    outer loop
      vertex 1.7621 -13.3845 4.5
      vertex 1.5498 -13.4054 3.14478
      vertex 1.48245 -13.412 3.24054
    endloop
  endfacet
  facet normal -0.097173 0.995267 -0.000126374
    outer loop
      vertex 1.7621 -13.3845 4.5
      vertex 1.61036 -13.3995 3.04414
      vertex 1.5498 -13.4054 3.14478
    endloop
  endfacet
  facet normal -0.0987902 0.995108 4.38278e-05
    outer loop
      vertex 1.7621 -13.3845 4.5
      vertex 1.6637 -13.3942 2.93913
      vertex 1.61036 -13.3995 3.04414
    endloop
  endfacet
  facet normal -0.0978608 0.9952 -1.53338e-05
    outer loop
      vertex 1.7621 -13.3845 4.5
      vertex 1.70948 -13.3897 2.83029
      vertex 1.6637 -13.3942 2.93913
    endloop
  endfacet
  facet normal -0.097264 0.995259 -3.43264e-05
    outer loop
      vertex 1.7621 -13.3845 4.5
      vertex 1.74738 -13.386 2.71821
      vertex 1.70948 -13.3897 2.83029
    endloop
  endfacet
  facet normal -0.101377 0.994848 0
    outer loop
      vertex 1.74738 -13.386 2.71821
      vertex 1.7621 -13.3845 4.5
      vertex 1.7621 -13.3845 2.66144
    endloop
  endfacet
  facet normal -0.352264 0.935901 0
    outer loop
      vertex 5.16623 -12.4724 0
      vertex 4.33943 -12.7836 4.5
      vertex 5.16623 -12.4724 4.5
    endloop
  endfacet
  facet normal -0.352264 0.935901 0
    outer loop
      vertex 4.33943 -12.7836 4.5
      vertex 5.16623 -12.4724 0
      vertex 4.33943 -12.7836 0
    endloop
  endfacet
  facet normal -0.683572 0.729883 0
    outer loop
      vertex 9.54594 -9.54594 0
      vertex 8.90117 -10.1498 4.5
      vertex 9.54594 -9.54594 4.5
    endloop
  endfacet
  facet normal -0.683572 0.729883 0
    outer loop
      vertex 8.90117 -10.1498 4.5
      vertex 9.54594 -9.54594 0
      vertex 8.90117 -10.1498 0
    endloop
  endfacet
  facet normal -0.471452 0.881892 0
    outer loop
      vertex 6.75 -11.6913 0
      vertex 5.9709 -12.1078 4.5
      vertex 6.75 -11.6913 4.5
    endloop
  endfacet
  facet normal -0.471452 0.881892 0
    outer loop
      vertex 5.9709 -12.1078 4.5
      vertex 6.75 -11.6913 0
      vertex 5.9709 -12.1078 0
    endloop
  endfacet
  facet normal -0.849204 0.528064 0
    outer loop
      vertex 11.2248 -7.5002 0
      vertex 11.6913 -6.75 4.5
      vertex 11.6913 -6.75 0
    endloop
  endfacet
  facet normal -0.849204 0.528064 0
    outer loop
      vertex 11.6913 -6.75 4.5
      vertex 11.2248 -7.5002 0
      vertex 11.2248 -7.5002 4.5
    endloop
  endfacet
  facet normal 0.634438 0.772973 -0
    outer loop
      vertex -8.21828 -10.7103 0
      vertex -8.90117 -10.1498 4.5
      vertex -8.21828 -10.7103 4.5
    endloop
  endfacet
  facet normal 0.634438 0.772973 0
    outer loop
      vertex -8.90117 -10.1498 4.5
      vertex -8.21828 -10.7103 0
      vertex -8.90117 -10.1498 0
    endloop
  endfacet
  facet normal 0.412715 0.91086 -0
    outer loop
      vertex -5.16623 -12.4724 0
      vertex -5.9709 -12.1078 4.5
      vertex -5.16623 -12.4724 4.5
    endloop
  endfacet
  facet normal 0.412715 0.91086 0
    outer loop
      vertex -5.9709 -12.1078 4.5
      vertex -5.16623 -12.4724 0
      vertex -5.9709 -12.1078 0
    endloop
  endfacet
  facet normal 0.290243 0.956953 -0
    outer loop
      vertex -3.49406 -13.04 0
      vertex -4.33943 -12.7836 4.5
      vertex -3.49406 -13.04 4.5
    endloop
  endfacet
  facet normal 0.290243 0.956953 0
    outer loop
      vertex -4.33943 -12.7836 4.5
      vertex -3.49406 -13.04 0
      vertex -4.33943 -12.7836 0
    endloop
  endfacet
  facet normal 0.881892 0.471452 0
    outer loop
      vertex -11.6913 -6.75 4.5
      vertex -12.1078 -5.9709 0
      vertex -12.1078 -5.9709 4.5
    endloop
  endfacet
  facet normal 0.881892 0.471452 0
    outer loop
      vertex -12.1078 -5.9709 0
      vertex -11.6913 -6.75 4.5
      vertex -11.6913 -6.75 0
    endloop
  endfacet
  facet normal 0.995184 0.0980289 0
    outer loop
      vertex -13.3845 -1.7621 4.5
      vertex -13.4711 -0.882942 0
      vertex -13.4711 -0.882942 4.5
    endloop
  endfacet
  facet normal 0.995184 0.0980289 0
    outer loop
      vertex -13.4711 -0.882942 0
      vertex -13.3845 -1.7621 4.5
      vertex -13.3845 -1.7621 0
    endloop
  endfacet
  facet normal -0.772973 0.634438 0
    outer loop
      vertex 10.1498 -8.90117 0
      vertex 10.7103 -8.21828 4.5
      vertex 10.7103 -8.21828 0
    endloop
  endfacet
  facet normal -0.772973 0.634438 0
    outer loop
      vertex 10.7103 -8.21828 4.5
      vertex 10.1498 -8.90117 0
      vertex 10.1498 -8.90117 4.5
    endloop
  endfacet
  facet normal -0.986644 0.16289 0
    outer loop
      vertex 13.2406 -2.63372 0
      vertex 13.3845 -1.7621 4.5
      vertex 13.3845 -1.7621 0
    endloop
  endfacet
  facet normal -0.986644 0.16289 0
    outer loop
      vertex 13.3845 -1.7621 4.5
      vertex 13.2406 -2.63372 0
      vertex 13.2406 -2.63372 4.5
    endloop
  endfacet
  facet normal 0.706922 0.02284 -0.706922
    outer loop
      vertex 17.5 0 0.55
      vertex 17.4964 0.111424 0.55
      vertex 19.2 0 2.25
    endloop
  endfacet
  facet normal 0.706922 -0.02284 0.706922
    outer loop
      vertex 17.5 0 3.95
      vertex 17.4964 -0.111424 3.95
      vertex 19.2 0 2.25
    endloop
  endfacet
  facet normal 0.706925 0.706905 0.0232755
    outer loop
      vertex 19.2 0 2.25
      vertex 17.3978 1.80225 2.25
      vertex 17.3982 1.79797 2.36784
    endloop
  endfacet
  facet normal 0.706925 -0.706905 -0.0232735
    outer loop
      vertex 19.2 0 2.25
      vertex 17.3978 -1.80225 2.25
      vertex 17.3982 -1.79797 2.13215
    endloop
  endfacet
  facet normal 0.706912 0.483526 0.516215
    outer loop
      vertex 19.2 0 2.25
      vertex 17.4536 1.23487 3.48487
      vertex 17.4624 1.14566 3.55638
    endloop
  endfacet
  facet normal 0.706911 0.546808 -0.448641
    outer loop
      vertex 17.4453 1.31923 1.09306
      vertex 17.4375 1.39825 1.17708
      vertex 19.2 0 2.25
    endloop
  endfacet
  facet normal 0.706912 -0.516219 0.483522
    outer loop
      vertex 17.4536 -1.23487 3.48487
      vertex 17.4453 -1.31923 3.40694
      vertex 19.2 0 2.25
    endloop
  endfacet
  facet normal 0.706912 -0.483526 -0.516215
    outer loop
      vertex 19.2 0 2.25
      vertex 17.4536 -1.23487 1.01513
      vertex 17.4624 -1.14566 0.94362
    endloop
  endfacet
  facet normal 0.706913 0.644213 0.292
    outer loop
      vertex 19.2 0 2.25
      vertex 17.4126 1.65133 2.934
      vertex 17.4178 1.59838 3.03823
    endloop
  endfacet
  facet normal 0.706912 0.249215 0.661942
    outer loop
      vertex 19.2 0 2.25
      vertex 17.4784 0.658815 3.84052
      vertex 17.4819 0.552258 3.8769
    endloop
  endfacet
  facet normal 0.706911 0.662038 -0.248961
    outer loop
      vertex 17.4126 1.65133 1.566
      vertex 17.4081 1.69676 1.67403
      vertex 19.2 0 2.25
    endloop
  endfacet
  facet normal 0.706914 0.333348 -0.62382
    outer loop
      vertex 17.475 0.762937 0.702916
      vertex 17.4717 0.864144 0.753258
      vertex 19.2 0 2.25
    endloop
  endfacet
  facet normal 0.706911 -0.291875 0.644271
    outer loop
      vertex 17.4784 -0.658815 3.84052
      vertex 17.475 -0.762937 3.79708
      vertex 19.2 0 2.25
    endloop
  endfacet
  facet normal 0.706911 -0.662038 0.248961
    outer loop
      vertex 17.4126 -1.65133 2.934
      vertex 17.4081 -1.69676 2.82597
      vertex 19.2 0 2.25
    endloop
  endfacet
  facet normal 0.706913 -0.644213 -0.292
    outer loop
      vertex 19.2 0 2.25
      vertex 17.4126 -1.65133 1.566
      vertex 17.4178 -1.59838 1.46177
    endloop
  endfacet
  facet normal 0.706912 -0.249215 -0.661942
    outer loop
      vertex 19.2 0 2.25
      vertex 17.4784 -0.658815 0.659479
      vertex 17.4819 -0.552258 0.623099
    endloop
  endfacet
  facet normal 0.70691 0.688822 0.160629
    outer loop
      vertex 19.2 0 2.25
      vertex 17.4015 1.76391 2.60086
      vertex 17.4044 1.73438 2.71473
    endloop
  endfacet
  facet normal 0.706909 0.57492 0.412002
    outer loop
      vertex 19.2 0 2.25
      vertex 17.4303 1.47142 3.23317
      vertex 17.4375 1.39825 3.32292
    endloop
  endfacet
  facet normal 0.706915 0.373489 0.600647
    outer loop
      vertex 19.2 0 2.25
      vertex 17.4685 0.961965 3.68968
      vertex 17.4717 0.864144 3.74674
    endloop
  endfacet
  facet normal 0.70692 0.115035 0.697877
    outer loop
      vertex 19.2 0 2.25
      vertex 17.4891 0.333785 3.92805
      vertex 17.4927 0.222846 3.94269
    endloop
  endfacet
  facet normal 0.706918 0.623986 -0.333029
    outer loop
      vertex 17.4238 1.53827 1.36188
      vertex 17.4178 1.59838 1.46177
      vertex 19.2 0 2.25
    endloop
  endfacet
  facet normal 0.706911 0.697858 -0.115202
    outer loop
      vertex 17.4015 1.76391 1.89914
      vertex 17.3994 1.78516 2.01498
      vertex 19.2 0 2.25
    endloop
  endfacet
  facet normal 0.706911 0.448724 -0.54674
    outer loop
      vertex 17.4625 1.14455 0.94285
      vertex 19.2 0 2.25
      vertex 17.4654 1.05594 0.873875
    endloop
  endfacet
  facet normal 0.706827 0.445082 -0.549816
    outer loop
      vertex 19.2 0 2.25
      vertex 17.4625 1.14455 0.94285
      vertex 17.4624 1.14566 0.94362
    endloop
  endfacet
  facet normal 0.706918 0.2056 -0.676754
    outer loop
      vertex 17.4855 0.443752 0.593895
      vertex 17.4819 0.552258 0.623099
      vertex 19.2 0 2.25
    endloop
  endfacet
  facet normal 0.706923 -0.160573 0.688822
    outer loop
      vertex 17.4891 -0.333785 3.92805
      vertex 17.4855 -0.443752 3.90611
      vertex 19.2 0 2.25
    endloop
  endfacet
  facet normal 0.706914 -0.412069 0.574867
    outer loop
      vertex 17.4685 -0.961965 3.68968
      vertex 17.4654 -1.05594 3.62613
      vertex 19.2 0 2.25
    endloop
  endfacet
  facet normal 0.706918 -0.60038 0.373913
    outer loop
      vertex 17.4303 -1.47142 3.23317
      vertex 17.4238 -1.53827 3.13812
      vertex 19.2 0 2.25
    endloop
  endfacet
  facet normal 0.706911 -0.697858 0.115202
    outer loop
      vertex 17.4015 -1.76391 2.60086
      vertex 17.3994 -1.78516 2.48502
      vertex 19.2 0 2.25
    endloop
  endfacet
  facet normal 0.70691 -0.688822 -0.160629
    outer loop
      vertex 19.2 0 2.25
      vertex 17.4015 -1.76391 1.89914
      vertex 17.4044 -1.73438 1.78527
    endloop
  endfacet
  facet normal 0.706909 -0.57492 -0.412002
    outer loop
      vertex 19.2 0 2.25
      vertex 17.4303 -1.47142 1.26683
      vertex 17.4375 -1.39825 1.17708
    endloop
  endfacet
  facet normal 0.706915 -0.373489 -0.600647
    outer loop
      vertex 19.2 0 2.25
      vertex 17.4685 -0.961965 0.810318
      vertex 17.4717 -0.864144 0.753258
    endloop
  endfacet
  facet normal 0.70692 -0.115016 -0.69788
    outer loop
      vertex 19.2 0 2.25
      vertex 17.4891 -0.333785 0.571948
      vertex 17.4927 -0.222846 0.557311
    endloop
  endfacet
  facet normal 0.706911 0.697858 0.115202
    outer loop
      vertex 19.2 0 2.25
      vertex 17.3994 1.78516 2.48502
      vertex 17.4015 1.76391 2.60086
    endloop
  endfacet
  facet normal 0.706911 0.662038 0.248961
    outer loop
      vertex 19.2 0 2.25
      vertex 17.4081 1.69676 2.82597
      vertex 17.4126 1.65133 2.934
    endloop
  endfacet
  facet normal 0.706918 0.60038 0.373913
    outer loop
      vertex 19.2 0 2.25
      vertex 17.4238 1.53827 3.13812
      vertex 17.4303 1.47142 3.23317
    endloop
  endfacet
  facet normal 0.706911 0.546808 0.448641
    outer loop
      vertex 19.2 0 2.25
      vertex 17.4375 1.39825 3.32292
      vertex 17.4453 1.31923 3.40694
    endloop
  endfacet
  facet normal 0.706914 0.412069 0.574867
    outer loop
      vertex 19.2 0 2.25
      vertex 17.4654 1.05594 3.62613
      vertex 17.4685 0.961965 3.68968
    endloop
  endfacet
  facet normal 0.706913 0.333339 0.623826
    outer loop
      vertex 19.2 0 2.25
      vertex 17.4717 0.864144 3.74674
      vertex 17.475 0.762937 3.79708
    endloop
  endfacet
  facet normal 0.706918 0.205634 0.676743
    outer loop
      vertex 19.2 0 2.25
      vertex 17.4819 0.552258 3.8769
      vertex 17.4855 0.443752 3.90611
    endloop
  endfacet
  facet normal 0.706922 0.0696521 0.703854
    outer loop
      vertex 19.2 0 2.25
      vertex 17.4927 0.222846 3.94269
      vertex 17.4964 0.111424 3.95
    endloop
  endfacet
  facet normal 0.706909 0.57492 -0.412002
    outer loop
      vertex 17.4375 1.39825 1.17708
      vertex 17.4303 1.47142 1.26683
      vertex 19.2 0 2.25
    endloop
  endfacet
  facet normal 0.706913 0.644213 -0.292
    outer loop
      vertex 17.4178 1.59838 1.46177
      vertex 17.4126 1.65133 1.566
      vertex 19.2 0 2.25
    endloop
  endfacet
  facet normal 0.706909 0.676829 -0.205382
    outer loop
      vertex 17.4081 1.69676 1.67403
      vertex 17.4044 1.73438 1.78527
      vertex 19.2 0 2.25
    endloop
  endfacet
  facet normal 0.706917 0.703853 -0.0697112
    outer loop
      vertex 17.3994 1.78516 2.01498
      vertex 17.3982 1.79797 2.13215
      vertex 19.2 0 2.25
    endloop
  endfacet
  facet normal 0.706915 0.373489 -0.600647
    outer loop
      vertex 17.4717 0.864144 0.753258
      vertex 17.4685 0.961965 0.810318
      vertex 19.2 0 2.25
    endloop
  endfacet
  facet normal 0.706912 0.516219 -0.483522
    outer loop
      vertex 17.4536 1.23487 1.01513
      vertex 17.4453 1.31923 1.09306
      vertex 19.2 0 2.25
    endloop
  endfacet
  facet normal 0.706912 0.29186 -0.644278
    outer loop
      vertex 17.4784 0.658815 0.659479
      vertex 17.475 0.762937 0.702916
      vertex 19.2 0 2.25
    endloop
  endfacet
  facet normal 0.706923 0.160615 -0.688813
    outer loop
      vertex 17.4891 0.333785 0.571948
      vertex 17.4855 0.443752 0.593895
      vertex 19.2 0 2.25
    endloop
  endfacet
  facet normal 0.70692 -0.115035 0.697877
    outer loop
      vertex 17.4927 -0.222846 3.94269
      vertex 17.4891 -0.333785 3.92805
      vertex 19.2 0 2.25
    endloop
  endfacet
  facet normal 0.706912 -0.249215 0.661942
    outer loop
      vertex 17.4819 -0.552258 3.8769
      vertex 17.4784 -0.658815 3.84052
      vertex 19.2 0 2.25
    endloop
  endfacet
  facet normal 0.706915 -0.373489 0.600647
    outer loop
      vertex 17.4717 -0.864144 3.74674
      vertex 17.4685 -0.961965 3.68968
      vertex 19.2 0 2.25
    endloop
  endfacet
  facet normal 0.706911 -0.448742 0.546724
    outer loop
      vertex 17.4625 -1.14455 3.55715
      vertex 19.2 0 2.25
      vertex 17.4654 -1.05594 3.62613
    endloop
  endfacet
  facet normal 0.706827 -0.445082 0.549816
    outer loop
      vertex 19.2 0 2.25
      vertex 17.4625 -1.14455 3.55715
      vertex 17.4624 -1.14566 3.55638
    endloop
  endfacet
  facet normal 0.706909 -0.57492 0.412002
    outer loop
      vertex 17.4375 -1.39825 3.32292
      vertex 17.4303 -1.47142 3.23317
      vertex 19.2 0 2.25
    endloop
  endfacet
  facet normal 0.706918 -0.623986 0.333029
    outer loop
      vertex 17.4238 -1.53827 3.13812
      vertex 17.4178 -1.59838 3.03823
      vertex 19.2 0 2.25
    endloop
  endfacet
  facet normal 0.706909 -0.676829 0.205382
    outer loop
      vertex 17.4081 -1.69676 2.82597
      vertex 17.4044 -1.73438 2.71473
      vertex 19.2 0 2.25
    endloop
  endfacet
  facet normal 0.706917 -0.703854 0.0697053
    outer loop
      vertex 17.3994 -1.78516 2.48502
      vertex 17.3982 -1.79797 2.36784
      vertex 19.2 0 2.25
    endloop
  endfacet
  facet normal 0.706911 -0.697858 -0.115202
    outer loop
      vertex 19.2 0 2.25
      vertex 17.3994 -1.78516 2.01498
      vertex 17.4015 -1.76391 1.89914
    endloop
  endfacet
  facet normal 0.706911 -0.662038 -0.248961
    outer loop
      vertex 19.2 0 2.25
      vertex 17.4081 -1.69676 1.67403
      vertex 17.4126 -1.65133 1.566
    endloop
  endfacet
  facet normal 0.706918 -0.60038 -0.373913
    outer loop
      vertex 19.2 0 2.25
      vertex 17.4238 -1.53827 1.36188
      vertex 17.4303 -1.47142 1.26683
    endloop
  endfacet
  facet normal 0.706911 -0.546808 -0.448641
    outer loop
      vertex 19.2 0 2.25
      vertex 17.4375 -1.39825 1.17708
      vertex 17.4453 -1.31923 1.09306
    endloop
  endfacet
  facet normal 0.706913 -0.412098 -0.574846
    outer loop
      vertex 19.2 0 2.25
      vertex 17.4654 -1.05594 0.873875
      vertex 17.4685 -0.961965 0.810318
    endloop
  endfacet
  facet normal 0.706914 -0.333348 -0.62382
    outer loop
      vertex 19.2 0 2.25
      vertex 17.4717 -0.864144 0.753258
      vertex 17.475 -0.762937 0.702916
    endloop
  endfacet
  facet normal 0.706918 -0.2056 -0.676754
    outer loop
      vertex 19.2 0 2.25
      vertex 17.4819 -0.552258 0.623099
      vertex 17.4855 -0.443752 0.593895
    endloop
  endfacet
  facet normal 0.706922 -0.0696584 -0.703853
    outer loop
      vertex 19.2 0 2.25
      vertex 17.4927 -0.222846 0.557311
      vertex 17.4964 -0.111424 0.55
    endloop
  endfacet
  facet normal 0.706917 0.703854 0.0697053
    outer loop
      vertex 19.2 0 2.25
      vertex 17.3982 1.79797 2.36784
      vertex 17.3994 1.78516 2.48502
    endloop
  endfacet
  facet normal 0.706909 0.676829 0.205382
    outer loop
      vertex 19.2 0 2.25
      vertex 17.4044 1.73438 2.71473
      vertex 17.4081 1.69676 2.82597
    endloop
  endfacet
  facet normal 0.706918 0.623986 0.333029
    outer loop
      vertex 19.2 0 2.25
      vertex 17.4178 1.59838 3.03823
      vertex 17.4238 1.53827 3.13812
    endloop
  endfacet
  facet normal 0.706912 0.516219 0.483522
    outer loop
      vertex 19.2 0 2.25
      vertex 17.4453 1.31923 3.40694
      vertex 17.4536 1.23487 3.48487
    endloop
  endfacet
  facet normal 0.706827 0.445082 0.549816
    outer loop
      vertex 17.4625 1.14455 3.55715
      vertex 19.2 0 2.25
      vertex 17.4624 1.14566 3.55638
    endloop
  endfacet
  facet normal 0.706911 0.448742 0.546724
    outer loop
      vertex 19.2 0 2.25
      vertex 17.4625 1.14455 3.55715
      vertex 17.4654 1.05594 3.62613
    endloop
  endfacet
  facet normal 0.706911 0.291875 0.644271
    outer loop
      vertex 19.2 0 2.25
      vertex 17.475 0.762937 3.79708
      vertex 17.4784 0.658815 3.84052
    endloop
  endfacet
  facet normal 0.706923 0.160573 0.688822
    outer loop
      vertex 19.2 0 2.25
      vertex 17.4855 0.443752 3.90611
      vertex 17.4891 0.333785 3.92805
    endloop
  endfacet
  facet normal 0.706922 0.02284 0.706922
    outer loop
      vertex 19.2 0 2.25
      vertex 17.4964 0.111424 3.95
      vertex 17.5 0 3.95
    endloop
  endfacet
  facet normal 0.706918 0.60038 -0.373913
    outer loop
      vertex 17.4303 1.47142 1.26683
      vertex 17.4238 1.53827 1.36188
      vertex 19.2 0 2.25
    endloop
  endfacet
  facet normal 0.70691 0.688822 -0.160629
    outer loop
      vertex 17.4044 1.73438 1.78527
      vertex 17.4015 1.76391 1.89914
      vertex 19.2 0 2.25
    endloop
  endfacet
  facet normal 0.706925 0.706905 -0.0232735
    outer loop
      vertex 17.3982 1.79797 2.13215
      vertex 17.3978 1.80225 2.25
      vertex 19.2 0 2.25
    endloop
  endfacet
  facet normal 0.706913 0.412098 -0.574846
    outer loop
      vertex 17.4685 0.961965 0.810318
      vertex 17.4654 1.05594 0.873875
      vertex 19.2 0 2.25
    endloop
  endfacet
  facet normal 0.706912 0.483526 -0.516215
    outer loop
      vertex 17.4624 1.14566 0.94362
      vertex 17.4536 1.23487 1.01513
      vertex 19.2 0 2.25
    endloop
  endfacet
  facet normal 0.706912 0.249215 -0.661942
    outer loop
      vertex 17.4819 0.552258 0.623099
      vertex 17.4784 0.658815 0.659479
      vertex 19.2 0 2.25
    endloop
  endfacet
  facet normal 0.70692 0.115016 -0.69788
    outer loop
      vertex 17.4927 0.222846 0.557311
      vertex 17.4891 0.333785 0.571948
      vertex 19.2 0 2.25
    endloop
  endfacet
  facet normal 0.706922 0.0696584 -0.703853
    outer loop
      vertex 17.4964 0.111424 0.55
      vertex 17.4927 0.222846 0.557311
      vertex 19.2 0 2.25
    endloop
  endfacet
  facet normal 0.706922 -0.0696521 0.703854
    outer loop
      vertex 17.4964 -0.111424 3.95
      vertex 17.4927 -0.222846 3.94269
      vertex 19.2 0 2.25
    endloop
  endfacet
  facet normal 0.706918 -0.205634 0.676743
    outer loop
      vertex 17.4855 -0.443752 3.90611
      vertex 17.4819 -0.552258 3.8769
      vertex 19.2 0 2.25
    endloop
  endfacet
  facet normal 0.706913 -0.333339 0.623826
    outer loop
      vertex 17.475 -0.762937 3.79708
      vertex 17.4717 -0.864144 3.74674
      vertex 19.2 0 2.25
    endloop
  endfacet
  facet normal 0.706912 -0.483526 0.516215
    outer loop
      vertex 17.4624 -1.14566 3.55638
      vertex 17.4536 -1.23487 3.48487
      vertex 19.2 0 2.25
    endloop
  endfacet
  facet normal 0.706911 -0.546808 0.448641
    outer loop
      vertex 17.4453 -1.31923 3.40694
      vertex 17.4375 -1.39825 3.32292
      vertex 19.2 0 2.25
    endloop
  endfacet
  facet normal 0.706913 -0.644213 0.292
    outer loop
      vertex 17.4178 -1.59838 3.03823
      vertex 17.4126 -1.65133 2.934
      vertex 19.2 0 2.25
    endloop
  endfacet
  facet normal 0.70691 -0.688822 0.160629
    outer loop
      vertex 17.4044 -1.73438 2.71473
      vertex 17.4015 -1.76391 2.60086
      vertex 19.2 0 2.25
    endloop
  endfacet
  facet normal 0.706925 -0.706905 0.0232755
    outer loop
      vertex 17.3982 -1.79797 2.36784
      vertex 17.3978 -1.80225 2.25
      vertex 19.2 0 2.25
    endloop
  endfacet
  facet normal 0.706917 -0.703853 -0.0697112
    outer loop
      vertex 19.2 0 2.25
      vertex 17.3982 -1.79797 2.13215
      vertex 17.3994 -1.78516 2.01498
    endloop
  endfacet
  facet normal 0.706909 -0.676829 -0.205382
    outer loop
      vertex 19.2 0 2.25
      vertex 17.4044 -1.73438 1.78527
      vertex 17.4081 -1.69676 1.67403
    endloop
  endfacet
  facet normal 0.706918 -0.623986 -0.333029
    outer loop
      vertex 19.2 0 2.25
      vertex 17.4178 -1.59838 1.46177
      vertex 17.4238 -1.53827 1.36188
    endloop
  endfacet
  facet normal 0.706912 -0.516219 -0.483522
    outer loop
      vertex 19.2 0 2.25
      vertex 17.4453 -1.31923 1.09306
      vertex 17.4536 -1.23487 1.01513
    endloop
  endfacet
  facet normal 0.706911 -0.448724 -0.54674
    outer loop
      vertex 19.2 0 2.25
      vertex 17.4625 -1.14455 0.94285
      vertex 17.4654 -1.05594 0.873875
    endloop
  endfacet
  facet normal 0.706827 -0.445082 -0.549816
    outer loop
      vertex 17.4625 -1.14455 0.94285
      vertex 19.2 0 2.25
      vertex 17.4624 -1.14566 0.94362
    endloop
  endfacet
  facet normal 0.706912 -0.29186 -0.644278
    outer loop
      vertex 19.2 0 2.25
      vertex 17.475 -0.762937 0.702916
      vertex 17.4784 -0.658815 0.659479
    endloop
  endfacet
  facet normal 0.706923 -0.160615 -0.688813
    outer loop
      vertex 19.2 0 2.25
      vertex 17.4855 -0.443752 0.593895
      vertex 17.4891 -0.333785 0.571948
    endloop
  endfacet
  facet normal 0.706922 -0.02284 -0.706922
    outer loop
      vertex 19.2 0 2.25
      vertex 17.4964 -0.111424 0.55
      vertex 17.5 0 0.55
    endloop
  endfacet
  facet normal -0.706922 -0.02284 -0.706922
    outer loop
      vertex -17.4964 -0.111424 0.55
      vertex -19.2 0 2.25
      vertex -17.5 0 0.55
    endloop
  endfacet
  facet normal -0.706922 0.02284 0.706922
    outer loop
      vertex -17.4964 0.111424 3.95
      vertex -19.2 0 2.25
      vertex -17.5 0 3.95
    endloop
  endfacet
  facet normal -0.706925 -0.706905 0.0232755
    outer loop
      vertex -17.3982 -1.79797 2.36784
      vertex -19.2 0 2.25
      vertex -17.3978 -1.80225 2.25
    endloop
  endfacet
  facet normal -0.706925 0.706905 -0.0232735
    outer loop
      vertex -17.3982 1.79797 2.13215
      vertex -19.2 0 2.25
      vertex -17.3978 1.80225 2.25
    endloop
  endfacet
  facet normal -0.706912 -0.483526 0.516215
    outer loop
      vertex -17.4624 -1.14566 3.55638
      vertex -19.2 0 2.25
      vertex -17.4536 -1.23487 3.48487
    endloop
  endfacet
  facet normal -0.706911 -0.546808 -0.448641
    outer loop
      vertex -17.4375 -1.39825 1.17708
      vertex -19.2 0 2.25
      vertex -17.4453 -1.31923 1.09306
    endloop
  endfacet
  facet normal -0.706912 0.516219 0.483522
    outer loop
      vertex -17.4453 1.31923 3.40694
      vertex -19.2 0 2.25
      vertex -17.4536 1.23487 3.48487
    endloop
  endfacet
  facet normal -0.706912 0.483526 -0.516215
    outer loop
      vertex -17.4624 1.14566 0.94362
      vertex -19.2 0 2.25
      vertex -17.4536 1.23487 1.01513
    endloop
  endfacet
  facet normal -0.706913 -0.644213 0.292
    outer loop
      vertex -17.4178 -1.59838 3.03823
      vertex -19.2 0 2.25
      vertex -17.4126 -1.65133 2.934
    endloop
  endfacet
  facet normal -0.706912 -0.249215 0.661942
    outer loop
      vertex -17.4819 -0.552258 3.8769
      vertex -19.2 0 2.25
      vertex -17.4784 -0.658815 3.84052
    endloop
  endfacet
  facet normal -0.706911 -0.662038 -0.248961
    outer loop
      vertex -17.4081 -1.69676 1.67403
      vertex -19.2 0 2.25
      vertex -17.4126 -1.65133 1.566
    endloop
  endfacet
  facet normal -0.706914 -0.333348 -0.62382
    outer loop
      vertex -17.4717 -0.864144 0.753258
      vertex -19.2 0 2.25
      vertex -17.475 -0.762937 0.702916
    endloop
  endfacet
  facet normal -0.706911 0.291875 0.644271
    outer loop
      vertex -17.475 0.762937 3.79708
      vertex -19.2 0 2.25
      vertex -17.4784 0.658815 3.84052
    endloop
  endfacet
  facet normal -0.706911 0.662038 0.248961
    outer loop
      vertex -17.4081 1.69676 2.82597
      vertex -19.2 0 2.25
      vertex -17.4126 1.65133 2.934
    endloop
  endfacet
  facet normal -0.706913 0.644213 -0.292
    outer loop
      vertex -17.4178 1.59838 1.46177
      vertex -19.2 0 2.25
      vertex -17.4126 1.65133 1.566
    endloop
  endfacet
  facet normal -0.706912 0.249215 -0.661942
    outer loop
      vertex -17.4819 0.552258 0.623099
      vertex -19.2 0 2.25
      vertex -17.4784 0.658815 0.659479
    endloop
  endfacet
  facet normal -0.70691 -0.688822 0.160629
    outer loop
      vertex -17.4044 -1.73438 2.71473
      vertex -19.2 0 2.25
      vertex -17.4015 -1.76391 2.60086
    endloop
  endfacet
  facet normal -0.706909 -0.57492 0.412002
    outer loop
      vertex -17.4375 -1.39825 3.32292
      vertex -19.2 0 2.25
      vertex -17.4303 -1.47142 3.23317
    endloop
  endfacet
  facet normal -0.706915 -0.373489 0.600647
    outer loop
      vertex -17.4717 -0.864144 3.74674
      vertex -19.2 0 2.25
      vertex -17.4685 -0.961965 3.68968
    endloop
  endfacet
  facet normal -0.70692 -0.115035 0.697877
    outer loop
      vertex -17.4927 -0.222846 3.94269
      vertex -19.2 0 2.25
      vertex -17.4891 -0.333785 3.92805
    endloop
  endfacet
  facet normal -0.706918 -0.623986 -0.333029
    outer loop
      vertex -17.4178 -1.59838 1.46177
      vertex -19.2 0 2.25
      vertex -17.4238 -1.53827 1.36188
    endloop
  endfacet
  facet normal -0.706911 -0.697858 -0.115202
    outer loop
      vertex -17.3994 -1.78516 2.01498
      vertex -19.2 0 2.25
      vertex -17.4015 -1.76391 1.89914
    endloop
  endfacet
  facet normal -0.706911 -0.448724 -0.54674
    outer loop
      vertex -17.4625 -1.14455 0.94285
      vertex -19.2 0 2.25
      vertex -17.4654 -1.05594 0.873875
    endloop
  endfacet
  facet normal -0.706827 -0.445082 -0.549816
    outer loop
      vertex -19.2 0 2.25
      vertex -17.4625 -1.14455 0.94285
      vertex -17.4624 -1.14566 0.94362
    endloop
  endfacet
  facet normal -0.706918 -0.2056 -0.676754
    outer loop
      vertex -17.4819 -0.552258 0.623099
      vertex -19.2 0 2.25
      vertex -17.4855 -0.443752 0.593895
    endloop
  endfacet
  facet normal -0.706923 0.160573 0.688822
    outer loop
      vertex -17.4855 0.443752 3.90611
      vertex -19.2 0 2.25
      vertex -17.4891 0.333785 3.92805
    endloop
  endfacet
  facet normal -0.706914 0.412069 0.574867
    outer loop
      vertex -17.4654 1.05594 3.62613
      vertex -19.2 0 2.25
      vertex -17.4685 0.961965 3.68968
    endloop
  endfacet
  facet normal -0.706918 0.60038 0.373913
    outer loop
      vertex -17.4238 1.53827 3.13812
      vertex -19.2 0 2.25
      vertex -17.4303 1.47142 3.23317
    endloop
  endfacet
  facet normal -0.706911 0.697858 0.115202
    outer loop
      vertex -17.3994 1.78516 2.48502
      vertex -19.2 0 2.25
      vertex -17.4015 1.76391 2.60086
    endloop
  endfacet
  facet normal -0.70691 0.688822 -0.160629
    outer loop
      vertex -17.4044 1.73438 1.78527
      vertex -19.2 0 2.25
      vertex -17.4015 1.76391 1.89914
    endloop
  endfacet
  facet normal -0.706909 0.57492 -0.412002
    outer loop
      vertex -17.4375 1.39825 1.17708
      vertex -19.2 0 2.25
      vertex -17.4303 1.47142 1.26683
    endloop
  endfacet
  facet normal -0.706915 0.373489 -0.600647
    outer loop
      vertex -17.4717 0.864144 0.753258
      vertex -19.2 0 2.25
      vertex -17.4685 0.961965 0.810318
    endloop
  endfacet
  facet normal -0.70692 0.115016 -0.69788
    outer loop
      vertex -17.4927 0.222846 0.557311
      vertex -19.2 0 2.25
      vertex -17.4891 0.333785 0.571948
    endloop
  endfacet
  facet normal -0.706911 -0.697858 0.115202
    outer loop
      vertex -17.4015 -1.76391 2.60086
      vertex -19.2 0 2.25
      vertex -17.3994 -1.78516 2.48502
    endloop
  endfacet
  facet normal -0.706911 -0.662038 0.248961
    outer loop
      vertex -17.4126 -1.65133 2.934
      vertex -19.2 0 2.25
      vertex -17.4081 -1.69676 2.82597
    endloop
  endfacet
  facet normal -0.706918 -0.60038 0.373913
    outer loop
      vertex -17.4303 -1.47142 3.23317
      vertex -19.2 0 2.25
      vertex -17.4238 -1.53827 3.13812
    endloop
  endfacet
  facet normal -0.706911 -0.546808 0.448641
    outer loop
      vertex -17.4453 -1.31923 3.40694
      vertex -19.2 0 2.25
      vertex -17.4375 -1.39825 3.32292
    endloop
  endfacet
  facet normal -0.706914 -0.412069 0.574867
    outer loop
      vertex -17.4685 -0.961965 3.68968
      vertex -19.2 0 2.25
      vertex -17.4654 -1.05594 3.62613
    endloop
  endfacet
  facet normal -0.706913 -0.333339 0.623826
    outer loop
      vertex -17.475 -0.762937 3.79708
      vertex -19.2 0 2.25
      vertex -17.4717 -0.864144 3.74674
    endloop
  endfacet
  facet normal -0.706918 -0.205634 0.676743
    outer loop
      vertex -17.4855 -0.443752 3.90611
      vertex -19.2 0 2.25
      vertex -17.4819 -0.552258 3.8769
    endloop
  endfacet
  facet normal -0.706922 -0.0696521 0.703854
    outer loop
      vertex -17.4964 -0.111424 3.95
      vertex -19.2 0 2.25
      vertex -17.4927 -0.222846 3.94269
    endloop
  endfacet
  facet normal -0.706909 -0.57492 -0.412002
    outer loop
      vertex -17.4303 -1.47142 1.26683
      vertex -19.2 0 2.25
      vertex -17.4375 -1.39825 1.17708
    endloop
  endfacet
  facet normal -0.706913 -0.644213 -0.292
    outer loop
      vertex -17.4126 -1.65133 1.566
      vertex -19.2 0 2.25
      vertex -17.4178 -1.59838 1.46177
    endloop
  endfacet
  facet normal -0.706909 -0.676829 -0.205382
    outer loop
      vertex -17.4044 -1.73438 1.78527
      vertex -19.2 0 2.25
      vertex -17.4081 -1.69676 1.67403
    endloop
  endfacet
  facet normal -0.706917 -0.703853 -0.0697112
    outer loop
      vertex -17.3982 -1.79797 2.13215
      vertex -19.2 0 2.25
      vertex -17.3994 -1.78516 2.01498
    endloop
  endfacet
  facet normal -0.706915 -0.373489 -0.600647
    outer loop
      vertex -17.4685 -0.961965 0.810318
      vertex -19.2 0 2.25
      vertex -17.4717 -0.864144 0.753258
    endloop
  endfacet
  facet normal -0.706912 -0.516219 -0.483522
    outer loop
      vertex -17.4453 -1.31923 1.09306
      vertex -19.2 0 2.25
      vertex -17.4536 -1.23487 1.01513
    endloop
  endfacet
  facet normal -0.706912 -0.29186 -0.644278
    outer loop
      vertex -17.475 -0.762937 0.702916
      vertex -19.2 0 2.25
      vertex -17.4784 -0.658815 0.659479
    endloop
  endfacet
  facet normal -0.706923 -0.160615 -0.688813
    outer loop
      vertex -17.4855 -0.443752 0.593895
      vertex -19.2 0 2.25
      vertex -17.4891 -0.333785 0.571948
    endloop
  endfacet
  facet normal -0.70692 0.115035 0.697877
    outer loop
      vertex -17.4891 0.333785 3.92805
      vertex -19.2 0 2.25
      vertex -17.4927 0.222846 3.94269
    endloop
  endfacet
  facet normal -0.706912 0.249215 0.661942
    outer loop
      vertex -17.4784 0.658815 3.84052
      vertex -19.2 0 2.25
      vertex -17.4819 0.552258 3.8769
    endloop
  endfacet
  facet normal -0.706915 0.373489 0.600647
    outer loop
      vertex -17.4685 0.961965 3.68968
      vertex -19.2 0 2.25
      vertex -17.4717 0.864144 3.74674
    endloop
  endfacet
  facet normal -0.706911 0.448742 0.546724
    outer loop
      vertex -17.4625 1.14455 3.55715
      vertex -19.2 0 2.25
      vertex -17.4654 1.05594 3.62613
    endloop
  endfacet
  facet normal -0.706827 0.445082 0.549816
    outer loop
      vertex -19.2 0 2.25
      vertex -17.4625 1.14455 3.55715
      vertex -17.4624 1.14566 3.55638
    endloop
  endfacet
  facet normal -0.706909 0.57492 0.412002
    outer loop
      vertex -17.4303 1.47142 3.23317
      vertex -19.2 0 2.25
      vertex -17.4375 1.39825 3.32292
    endloop
  endfacet
  facet normal -0.706918 0.623986 0.333029
    outer loop
      vertex -17.4178 1.59838 3.03823
      vertex -19.2 0 2.25
      vertex -17.4238 1.53827 3.13812
    endloop
  endfacet
  facet normal -0.706909 0.676829 0.205382
    outer loop
      vertex -17.4044 1.73438 2.71473
      vertex -19.2 0 2.25
      vertex -17.4081 1.69676 2.82597
    endloop
  endfacet
  facet normal -0.706917 0.703854 0.0697053
    outer loop
      vertex -17.3982 1.79797 2.36784
      vertex -19.2 0 2.25
      vertex -17.3994 1.78516 2.48502
    endloop
  endfacet
  facet normal -0.706911 0.697858 -0.115202
    outer loop
      vertex -17.4015 1.76391 1.89914
      vertex -19.2 0 2.25
      vertex -17.3994 1.78516 2.01498
    endloop
  endfacet
  facet normal -0.706911 0.662038 -0.248961
    outer loop
      vertex -17.4126 1.65133 1.566
      vertex -19.2 0 2.25
      vertex -17.4081 1.69676 1.67403
    endloop
  endfacet
  facet normal -0.706918 0.60038 -0.373913
    outer loop
      vertex -17.4303 1.47142 1.26683
      vertex -19.2 0 2.25
      vertex -17.4238 1.53827 1.36188
    endloop
  endfacet
  facet normal -0.706911 0.546808 -0.448641
    outer loop
      vertex -17.4453 1.31923 1.09306
      vertex -19.2 0 2.25
      vertex -17.4375 1.39825 1.17708
    endloop
  endfacet
  facet normal -0.706913 0.412098 -0.574846
    outer loop
      vertex -17.4685 0.961965 0.810318
      vertex -19.2 0 2.25
      vertex -17.4654 1.05594 0.873875
    endloop
  endfacet
  facet normal -0.706914 0.333348 -0.62382
    outer loop
      vertex -17.475 0.762937 0.702916
      vertex -19.2 0 2.25
      vertex -17.4717 0.864144 0.753258
    endloop
  endfacet
  facet normal -0.706918 0.2056 -0.676754
    outer loop
      vertex -17.4855 0.443752 0.593895
      vertex -19.2 0 2.25
      vertex -17.4819 0.552258 0.623099
    endloop
  endfacet
  facet normal -0.706922 0.0696584 -0.703853
    outer loop
      vertex -17.4964 0.111424 0.55
      vertex -19.2 0 2.25
      vertex -17.4927 0.222846 0.557311
    endloop
  endfacet
  facet normal -0.706917 -0.703854 0.0697053
    outer loop
      vertex -17.3994 -1.78516 2.48502
      vertex -19.2 0 2.25
      vertex -17.3982 -1.79797 2.36784
    endloop
  endfacet
  facet normal -0.706909 -0.676829 0.205382
    outer loop
      vertex -17.4081 -1.69676 2.82597
      vertex -19.2 0 2.25
      vertex -17.4044 -1.73438 2.71473
    endloop
  endfacet
  facet normal -0.706918 -0.623986 0.333029
    outer loop
      vertex -17.4238 -1.53827 3.13812
      vertex -19.2 0 2.25
      vertex -17.4178 -1.59838 3.03823
    endloop
  endfacet
  facet normal -0.706912 -0.516219 0.483522
    outer loop
      vertex -17.4536 -1.23487 3.48487
      vertex -19.2 0 2.25
      vertex -17.4453 -1.31923 3.40694
    endloop
  endfacet
  facet normal -0.706911 -0.448742 0.546724
    outer loop
      vertex -19.2 0 2.25
      vertex -17.4625 -1.14455 3.55715
      vertex -17.4654 -1.05594 3.62613
    endloop
  endfacet
  facet normal -0.706827 -0.445082 0.549816
    outer loop
      vertex -17.4625 -1.14455 3.55715
      vertex -19.2 0 2.25
      vertex -17.4624 -1.14566 3.55638
    endloop
  endfacet
  facet normal -0.706911 -0.291875 0.644271
    outer loop
      vertex -17.4784 -0.658815 3.84052
      vertex -19.2 0 2.25
      vertex -17.475 -0.762937 3.79708
    endloop
  endfacet
  facet normal -0.706923 -0.160573 0.688822
    outer loop
      vertex -17.4891 -0.333785 3.92805
      vertex -19.2 0 2.25
      vertex -17.4855 -0.443752 3.90611
    endloop
  endfacet
  facet normal -0.706922 -0.02284 0.706922
    outer loop
      vertex -17.5 0 3.95
      vertex -19.2 0 2.25
      vertex -17.4964 -0.111424 3.95
    endloop
  endfacet
  facet normal -0.706918 -0.60038 -0.373913
    outer loop
      vertex -17.4238 -1.53827 1.36188
      vertex -19.2 0 2.25
      vertex -17.4303 -1.47142 1.26683
    endloop
  endfacet
  facet normal -0.70691 -0.688822 -0.160629
    outer loop
      vertex -17.4015 -1.76391 1.89914
      vertex -19.2 0 2.25
      vertex -17.4044 -1.73438 1.78527
    endloop
  endfacet
  facet normal -0.706925 -0.706905 -0.0232735
    outer loop
      vertex -17.3978 -1.80225 2.25
      vertex -19.2 0 2.25
      vertex -17.3982 -1.79797 2.13215
    endloop
  endfacet
  facet normal -0.706913 -0.412098 -0.574846
    outer loop
      vertex -17.4654 -1.05594 0.873875
      vertex -19.2 0 2.25
      vertex -17.4685 -0.961965 0.810318
    endloop
  endfacet
  facet normal -0.706912 -0.483526 -0.516215
    outer loop
      vertex -17.4536 -1.23487 1.01513
      vertex -19.2 0 2.25
      vertex -17.4624 -1.14566 0.94362
    endloop
  endfacet
  facet normal -0.706912 -0.249215 -0.661942
    outer loop
      vertex -17.4784 -0.658815 0.659479
      vertex -19.2 0 2.25
      vertex -17.4819 -0.552258 0.623099
    endloop
  endfacet
  facet normal -0.70692 -0.115016 -0.69788
    outer loop
      vertex -17.4891 -0.333785 0.571948
      vertex -19.2 0 2.25
      vertex -17.4927 -0.222846 0.557311
    endloop
  endfacet
  facet normal -0.706922 -0.0696584 -0.703853
    outer loop
      vertex -17.4927 -0.222846 0.557311
      vertex -19.2 0 2.25
      vertex -17.4964 -0.111424 0.55
    endloop
  endfacet
  facet normal -0.706922 0.0696521 0.703854
    outer loop
      vertex -17.4927 0.222846 3.94269
      vertex -19.2 0 2.25
      vertex -17.4964 0.111424 3.95
    endloop
  endfacet
  facet normal -0.706918 0.205634 0.676743
    outer loop
      vertex -17.4819 0.552258 3.8769
      vertex -19.2 0 2.25
      vertex -17.4855 0.443752 3.90611
    endloop
  endfacet
  facet normal -0.706913 0.333339 0.623826
    outer loop
      vertex -17.4717 0.864144 3.74674
      vertex -19.2 0 2.25
      vertex -17.475 0.762937 3.79708
    endloop
  endfacet
  facet normal -0.706912 0.483526 0.516215
    outer loop
      vertex -17.4536 1.23487 3.48487
      vertex -19.2 0 2.25
      vertex -17.4624 1.14566 3.55638
    endloop
  endfacet
  facet normal -0.706911 0.546808 0.448641
    outer loop
      vertex -17.4375 1.39825 3.32292
      vertex -19.2 0 2.25
      vertex -17.4453 1.31923 3.40694
    endloop
  endfacet
  facet normal -0.706913 0.644213 0.292
    outer loop
      vertex -17.4126 1.65133 2.934
      vertex -19.2 0 2.25
      vertex -17.4178 1.59838 3.03823
    endloop
  endfacet
  facet normal -0.70691 0.688822 0.160629
    outer loop
      vertex -17.4015 1.76391 2.60086
      vertex -19.2 0 2.25
      vertex -17.4044 1.73438 2.71473
    endloop
  endfacet
  facet normal -0.706925 0.706905 0.0232755
    outer loop
      vertex -17.3978 1.80225 2.25
      vertex -19.2 0 2.25
      vertex -17.3982 1.79797 2.36784
    endloop
  endfacet
  facet normal -0.706917 0.703853 -0.0697112
    outer loop
      vertex -17.3994 1.78516 2.01498
      vertex -19.2 0 2.25
      vertex -17.3982 1.79797 2.13215
    endloop
  endfacet
  facet normal -0.706909 0.676829 -0.205382
    outer loop
      vertex -17.4081 1.69676 1.67403
      vertex -19.2 0 2.25
      vertex -17.4044 1.73438 1.78527
    endloop
  endfacet
  facet normal -0.706918 0.623986 -0.333029
    outer loop
      vertex -17.4238 1.53827 1.36188
      vertex -19.2 0 2.25
      vertex -17.4178 1.59838 1.46177
    endloop
  endfacet
  facet normal -0.706912 0.516219 -0.483522
    outer loop
      vertex -17.4536 1.23487 1.01513
      vertex -19.2 0 2.25
      vertex -17.4453 1.31923 1.09306
    endloop
  endfacet
  facet normal -0.706827 0.445082 -0.549816
    outer loop
      vertex -17.4625 1.14455 0.94285
      vertex -19.2 0 2.25
      vertex -17.4624 1.14566 0.94362
    endloop
  endfacet
  facet normal -0.706911 0.448724 -0.54674
    outer loop
      vertex -19.2 0 2.25
      vertex -17.4625 1.14455 0.94285
      vertex -17.4654 1.05594 0.873875
    endloop
  endfacet
  facet normal -0.706912 0.29186 -0.644278
    outer loop
      vertex -17.4784 0.658815 0.659479
      vertex -19.2 0 2.25
      vertex -17.475 0.762937 0.702916
    endloop
  endfacet
  facet normal -0.706923 0.160615 -0.688813
    outer loop
      vertex -17.4891 0.333785 0.571948
      vertex -19.2 0 2.25
      vertex -17.4855 0.443752 0.593895
    endloop
  endfacet
  facet normal -0.706922 0.02284 -0.706922
    outer loop
      vertex -17.5 0 0.55
      vertex -19.2 0 2.25
      vertex -17.4964 0.111424 0.55
    endloop
  endfacet
  facet normal 0.0229076 -0.706916 0.706926
    outer loop
      vertex 0 13.5 0.555025
      vertex 0 15.195 2.25
      vertex -0.111094 13.4964 0.555025
    endloop
  endfacet
  facet normal -0.0229076 -0.706915 -0.706927
    outer loop
      vertex 0 15.195 2.25
      vertex 0.111094 13.4964 3.94497
      vertex 0 13.5 3.94497
    endloop
  endfacet
  facet normal 0.703891 -0.70691 -0.0693952
    outer loop
      vertex 0 15.195 2.25
      vertex -1.80141 13.378 2.48716
      vertex -1.81537 13.3757 2.36899
    endloop
  endfacet
  facet normal -0.706934 -0.706907 0.0229329
    outer loop
      vertex 1.81537 13.3757 2.13101
      vertex 1.82003 13.3749 2.25
      vertex 0 15.195 2.25
    endloop
  endfacet
  facet normal 0.448801 -0.706919 -0.546665
    outer loop
      vertex 0 15.195 2.25
      vertex -1.06005 13.4537 3.63148
      vertex -1.15425 13.4444 3.56617
    endloop
  endfacet
  facet normal 0.546971 -0.706917 0.448432
    outer loop
      vertex -1.32912 13.4272 1.08439
      vertex 0 15.195 2.25
      vertex -1.40873 13.4193 1.16904
    endloop
  endfacet
  facet normal -0.546971 -0.706917 -0.448432
    outer loop
      vertex 1.40873 13.4193 3.33096
      vertex 1.32912 13.4272 3.41561
      vertex 0 15.195 2.25
    endloop
  endfacet
  facet normal -0.448812 -0.70692 0.546656
    outer loop
      vertex 1.06005 13.4537 0.868515
      vertex 1.15425 13.4444 0.933828
      vertex 0 15.195 2.25
    endloop
  endfacet
  facet normal 0.623579 -0.706916 -0.333795
    outer loop
      vertex 0 15.195 2.25
      vertex -1.5498 13.4054 3.14478
      vertex -1.61036 13.3995 3.04414
    endloop
  endfacet
  facet normal 0.24926 -0.706915 -0.661922
    outer loop
      vertex 0 15.195 2.25
      vertex -0.550625 13.482 3.87209
      vertex -0.656868 13.4785 3.83582
    endloop
  endfacet
  facet normal 0.676779 -0.706918 0.205517
    outer loop
      vertex -1.70948 13.3897 1.66971
      vertex 0 15.195 2.25
      vertex -1.74738 13.386 1.78179
    endloop
  endfacet
  facet normal 0.333396 -0.706913 0.623795
    outer loop
      vertex -0.760682 13.4751 0.707489
      vertex 0 15.195 2.25
      vertex -0.86159 13.4718 0.757681
    endloop
  endfacet
  facet normal -0.333387 -0.706913 -0.623801
    outer loop
      vertex 0.86159 13.4718 3.74232
      vertex 0.760682 13.4751 3.79251
      vertex 0 15.195 2.25
    endloop
  endfacet
  facet normal -0.676779 -0.706918 -0.205517
    outer loop
      vertex 1.74738 13.386 2.71821
      vertex 1.70948 13.3897 2.83029
      vertex 0 15.195 2.25
    endloop
  endfacet
  facet normal -0.623579 -0.706916 0.333795
    outer loop
      vertex 1.5498 13.4054 1.35522
      vertex 1.61036 13.3995 1.45586
      vertex 0 15.195 2.25
    endloop
  endfacet
  facet normal -0.205069 -0.706913 0.67692
    outer loop
      vertex 0.44244 13.4855 0.598789
      vertex 0.550625 13.482 0.627908
      vertex 0 15.195 2.25
    endloop
  endfacet
  facet normal 0.676779 -0.706918 -0.205517
    outer loop
      vertex 0 15.195 2.25
      vertex -1.70948 13.3897 2.83029
      vertex -1.74738 13.386 2.71821
    endloop
  endfacet
  facet normal 0.546971 -0.706917 -0.448432
    outer loop
      vertex 0 15.195 2.25
      vertex -1.32912 13.4272 3.41561
      vertex -1.40873 13.4193 3.33096
    endloop
  endfacet
  facet normal 0.333387 -0.706913 -0.623801
    outer loop
      vertex 0 15.195 2.25
      vertex -0.760682 13.4751 3.79251
      vertex -0.86159 13.4718 3.74232
    endloop
  endfacet
  facet normal 0.115062 -0.706908 -0.697884
    outer loop
      vertex 0 15.195 2.25
      vertex -0.222188 13.4927 3.93768
      vertex -0.332798 13.4891 3.92309
    endloop
  endfacet
  facet normal 0.623579 -0.706916 0.333795
    outer loop
      vertex -1.5498 13.4054 1.35522
      vertex 0 15.195 2.25
      vertex -1.61036 13.3995 1.45586
    endloop
  endfacet
  facet normal 0.703891 -0.70691 0.0693952
    outer loop
      vertex -1.80141 13.378 2.01284
      vertex 0 15.195 2.25
      vertex -1.81537 13.3757 2.13101
    endloop
  endfacet
  facet normal 0.448812 -0.70692 0.546656
    outer loop
      vertex -1.06005 13.4537 0.868515
      vertex 0 15.195 2.25
      vertex -1.15425 13.4444 0.933828
    endloop
  endfacet
  facet normal 0.249276 -0.706915 0.661916
    outer loop
      vertex -0.550625 13.482 0.627908
      vertex 0 15.195 2.25
      vertex -0.656868 13.4785 0.664181
    endloop
  endfacet
  facet normal -0.160669 -0.70691 -0.688813
    outer loop
      vertex 0.44244 13.4855 3.90121
      vertex 0.332798 13.4891 3.92309
      vertex 0 15.195 2.25
    endloop
  endfacet
  facet normal -0.411734 -0.706916 -0.575104
    outer loop
      vertex 1.06005 13.4537 3.63148
      vertex 0.962065 13.4633 3.68983
      vertex 0 15.195 2.25
    endloop
  endfacet
  facet normal -0.600552 -0.706906 -0.373659
    outer loop
      vertex 1.5498 13.4054 3.14478
      vertex 1.48245 13.412 3.24054
      vertex 0 15.195 2.25
    endloop
  endfacet
  facet normal -0.703891 -0.70691 -0.0693952
    outer loop
      vertex 1.81537 13.3757 2.36899
      vertex 1.80141 13.378 2.48716
      vertex 0 15.195 2.25
    endloop
  endfacet
  facet normal -0.688896 -0.706911 0.160309
    outer loop
      vertex 0 15.195 2.25
      vertex 1.7621 13.3845 1.83856
      vertex 1.7783 13.3818 1.89627
    endloop
  endfacet
  facet normal -0.688976 -0.706911 0.159968
    outer loop
      vertex 1.7621 13.3845 1.83856
      vertex 0 15.195 2.25
      vertex 1.74738 13.386 1.78179
    endloop
  endfacet
  facet normal -0.575075 -0.706907 0.411791
    outer loop
      vertex 1.40873 13.4193 1.16904
      vertex 1.48245 13.412 1.25946
      vertex 0 15.195 2.25
    endloop
  endfacet
  facet normal -0.37355 -0.706913 0.600612
    outer loop
      vertex 0 15.195 2.25
      vertex 0.882942 13.4711 0.770137
      vertex 0.962065 13.4633 0.810167
    endloop
  endfacet
  facet normal -0.373551 -0.706913 0.600612
    outer loop
      vertex 0.882942 13.4711 0.770137
      vertex 0 15.195 2.25
      vertex 0.86159 13.4718 0.757681
    endloop
  endfacet
  facet normal -0.0697246 -0.706913 0.703855
    outer loop
      vertex 0.111094 13.4964 0.555025
      vertex 0.222188 13.4927 0.562314
      vertex 0 15.195 2.25
    endloop
  endfacet
  facet normal 0.697845 -0.706907 -0.115304
    outer loop
      vertex 0 15.195 2.25
      vertex -1.7783 13.3818 2.60373
      vertex -1.80141 13.378 2.48716
    endloop
  endfacet
  facet normal 0.644374 -0.706918 -0.291632
    outer loop
      vertex 0 15.195 2.25
      vertex -1.61036 13.3995 3.04414
      vertex -1.6637 13.3942 2.93913
    endloop
  endfacet
  facet normal 0.600552 -0.706906 -0.373659
    outer loop
      vertex 0 15.195 2.25
      vertex -1.48245 13.412 3.24054
      vertex -1.5498 13.4054 3.14478
    endloop
  endfacet
  facet normal 0.515921 -0.706915 -0.483835
    outer loop
      vertex 0 15.195 2.25
      vertex -1.24412 13.4355 3.49412
      vertex -1.32912 13.4272 3.41561
    endloop
  endfacet
  facet normal 0.411734 -0.706916 -0.575104
    outer loop
      vertex 0 15.195 2.25
      vertex -0.962065 13.4633 3.68983
      vertex -1.06005 13.4537 3.63148
    endloop
  endfacet
  facet normal 0.291924 -0.706913 -0.644247
    outer loop
      vertex 0 15.195 2.25
      vertex -0.656868 13.4785 3.83582
      vertex -0.760682 13.4751 3.79251
    endloop
  endfacet
  facet normal 0.160669 -0.70691 -0.688813
    outer loop
      vertex 0 15.195 2.25
      vertex -0.332798 13.4891 3.92309
      vertex -0.44244 13.4855 3.90121
    endloop
  endfacet
  facet normal 0.0229076 -0.706915 -0.706927
    outer loop
      vertex 0 15.195 2.25
      vertex 0 13.5 3.94497
      vertex -0.111094 13.4964 3.94497
    endloop
  endfacet
  facet normal 0.575075 -0.706907 0.411791
    outer loop
      vertex -1.40873 13.4193 1.16904
      vertex 0 15.195 2.25
      vertex -1.48245 13.412 1.25946
    endloop
  endfacet
  facet normal 0.661946 -0.706914 0.249199
    outer loop
      vertex -1.6637 13.3942 1.56087
      vertex 0 15.195 2.25
      vertex -1.70948 13.3897 1.66971
    endloop
  endfacet
  facet normal 0.291914 -0.706913 0.644252
    outer loop
      vertex -0.656868 13.4785 0.664181
      vertex 0 15.195 2.25
      vertex -0.760682 13.4751 0.707489
    endloop
  endfacet
  facet normal 0.0697246 -0.706913 0.703855
    outer loop
      vertex -0.111094 13.4964 0.555025
      vertex 0 15.195 2.25
      vertex -0.222188 13.4927 0.562314
    endloop
  endfacet
  facet normal -0.37355 -0.706912 -0.600612
    outer loop
      vertex 0.882942 13.4711 3.72986
      vertex 0 15.195 2.25
      vertex 0.962065 13.4633 3.68983
    endloop
  endfacet
  facet normal -0.373634 -0.706911 -0.600562
    outer loop
      vertex 0 15.195 2.25
      vertex 0.882942 13.4711 3.72986
      vertex 0.86159 13.4718 3.74232
    endloop
  endfacet
  facet normal -0.575075 -0.706907 -0.411791
    outer loop
      vertex 1.48245 13.412 3.24054
      vertex 1.40873 13.4193 3.33096
      vertex 0 15.195 2.25
    endloop
  endfacet
  facet normal -0.688896 -0.706911 -0.160309
    outer loop
      vertex 1.7621 13.3845 2.66144
      vertex 0 15.195 2.25
      vertex 1.7783 13.3818 2.60373
    endloop
  endfacet
  facet normal -0.688976 -0.706911 -0.159968
    outer loop
      vertex 0 15.195 2.25
      vertex 1.7621 13.3845 2.66144
      vertex 1.74738 13.386 2.71821
    endloop
  endfacet
  facet normal -0.706934 -0.706907 -0.0229329
    outer loop
      vertex 1.82003 13.3749 2.25
      vertex 1.81537 13.3757 2.36899
      vertex 0 15.195 2.25
    endloop
  endfacet
  facet normal -0.600552 -0.706906 0.373659
    outer loop
      vertex 1.48245 13.412 1.25946
      vertex 1.5498 13.4054 1.35522
      vertex 0 15.195 2.25
    endloop
  endfacet
  facet normal -0.411725 -0.706917 0.575109
    outer loop
      vertex 0.962065 13.4633 0.810167
      vertex 1.06005 13.4537 0.868515
      vertex 0 15.195 2.25
    endloop
  endfacet
  facet normal -0.160675 -0.70691 0.688812
    outer loop
      vertex 0.332798 13.4891 0.576908
      vertex 0.44244 13.4855 0.598789
      vertex 0 15.195 2.25
    endloop
  endfacet
  facet normal -0.0229076 -0.706916 0.706926
    outer loop
      vertex 0.111094 13.4964 0.555025
      vertex 0 15.195 2.25
      vertex 0 13.5 0.555025
    endloop
  endfacet
  facet normal 0.688976 -0.706911 -0.159968
    outer loop
      vertex -1.7621 13.3845 2.66144
      vertex 0 15.195 2.25
      vertex -1.74738 13.386 2.71821
    endloop
  endfacet
  facet normal 0.688896 -0.706911 -0.160309
    outer loop
      vertex 0 15.195 2.25
      vertex -1.7621 13.3845 2.66144
      vertex -1.7783 13.3818 2.60373
    endloop
  endfacet
  facet normal 0.661946 -0.706914 -0.249199
    outer loop
      vertex 0 15.195 2.25
      vertex -1.6637 13.3942 2.93913
      vertex -1.70948 13.3897 2.83029
    endloop
  endfacet
  facet normal 0.575075 -0.706907 -0.411791
    outer loop
      vertex 0 15.195 2.25
      vertex -1.40873 13.4193 3.33096
      vertex -1.48245 13.412 3.24054
    endloop
  endfacet
  facet normal 0.483719 -0.706912 -0.516034
    outer loop
      vertex 0 15.195 2.25
      vertex -1.15425 13.4444 3.56617
      vertex -1.24412 13.4355 3.49412
    endloop
  endfacet
  facet normal 0.373634 -0.706911 -0.600562
    outer loop
      vertex -0.882942 13.4711 3.72986
      vertex 0 15.195 2.25
      vertex -0.86159 13.4718 3.74232
    endloop
  endfacet
  facet normal 0.37355 -0.706912 -0.600612
    outer loop
      vertex 0 15.195 2.25
      vertex -0.882942 13.4711 3.72986
      vertex -0.962065 13.4633 3.68983
    endloop
  endfacet
  facet normal 0.205075 -0.706913 -0.676918
    outer loop
      vertex 0 15.195 2.25
      vertex -0.44244 13.4855 3.90121
      vertex -0.550625 13.482 3.87209
    endloop
  endfacet
  facet normal 0.0697309 -0.706912 -0.703856
    outer loop
      vertex 0 15.195 2.25
      vertex -0.111094 13.4964 3.94497
      vertex -0.222188 13.4927 3.93768
    endloop
  endfacet
  facet normal 0.600552 -0.706906 0.373659
    outer loop
      vertex -1.48245 13.412 1.25946
      vertex 0 15.195 2.25
      vertex -1.5498 13.4054 1.35522
    endloop
  endfacet
  facet normal 0.644374 -0.706918 0.291632
    outer loop
      vertex -1.61036 13.3995 1.45586
      vertex 0 15.195 2.25
      vertex -1.6637 13.3942 1.56087
    endloop
  endfacet
  facet normal 0.697845 -0.706907 0.115304
    outer loop
      vertex -1.7783 13.3818 1.89627
      vertex 0 15.195 2.25
      vertex -1.80141 13.378 2.01284
    endloop
  endfacet
  facet normal 0.688896 -0.706911 0.160309
    outer loop
      vertex -1.7621 13.3845 1.83856
      vertex 0 15.195 2.25
      vertex -1.7783 13.3818 1.89627
    endloop
  endfacet
  facet normal 0.688976 -0.706911 0.159968
    outer loop
      vertex 0 15.195 2.25
      vertex -1.7621 13.3845 1.83856
      vertex -1.74738 13.386 1.78179
    endloop
  endfacet
  facet normal 0.706934 -0.706907 -0.0229329
    outer loop
      vertex 0 15.195 2.25
      vertex -1.81537 13.3757 2.36899
      vertex -1.82003 13.3749 2.25
    endloop
  endfacet
  facet normal 0.706934 -0.706907 0.0229329
    outer loop
      vertex -1.81537 13.3757 2.13101
      vertex 0 15.195 2.25
      vertex -1.82003 13.3749 2.25
    endloop
  endfacet
  facet normal 0.411725 -0.706917 0.575109
    outer loop
      vertex -0.962065 13.4633 0.810167
      vertex 0 15.195 2.25
      vertex -1.06005 13.4537 0.868515
    endloop
  endfacet
  facet normal 0.37355 -0.706913 0.600612
    outer loop
      vertex -0.882942 13.4711 0.770137
      vertex 0 15.195 2.25
      vertex -0.962065 13.4633 0.810167
    endloop
  endfacet
  facet normal 0.373551 -0.706913 0.600612
    outer loop
      vertex 0 15.195 2.25
      vertex -0.882942 13.4711 0.770137
      vertex -0.86159 13.4718 0.757681
    endloop
  endfacet
  facet normal 0.515921 -0.706915 0.483835
    outer loop
      vertex -1.24412 13.4355 1.00588
      vertex 0 15.195 2.25
      vertex -1.32912 13.4272 1.08439
    endloop
  endfacet
  facet normal 0.483725 -0.706913 0.516028
    outer loop
      vertex -1.15425 13.4444 0.933828
      vertex 0 15.195 2.25
      vertex -1.24412 13.4355 1.00588
    endloop
  endfacet
  facet normal 0.205069 -0.706913 0.67692
    outer loop
      vertex -0.44244 13.4855 0.598789
      vertex 0 15.195 2.25
      vertex -0.550625 13.482 0.627908
    endloop
  endfacet
  facet normal 0.160675 -0.70691 0.688812
    outer loop
      vertex -0.332798 13.4891 0.576908
      vertex 0 15.195 2.25
      vertex -0.44244 13.4855 0.598789
    endloop
  endfacet
  facet normal 0.115086 -0.706909 0.697879
    outer loop
      vertex -0.222188 13.4927 0.562314
      vertex 0 15.195 2.25
      vertex -0.332798 13.4891 0.576908
    endloop
  endfacet
  facet normal -0.115062 -0.706908 -0.697884
    outer loop
      vertex 0.332798 13.4891 3.92309
      vertex 0.222188 13.4927 3.93768
      vertex 0 15.195 2.25
    endloop
  endfacet
  facet normal -0.0697309 -0.706912 -0.703856
    outer loop
      vertex 0.222188 13.4927 3.93768
      vertex 0.111094 13.4964 3.94497
      vertex 0 15.195 2.25
    endloop
  endfacet
  facet normal -0.24926 -0.706915 -0.661922
    outer loop
      vertex 0.656868 13.4785 3.83582
      vertex 0.550625 13.482 3.87209
      vertex 0 15.195 2.25
    endloop
  endfacet
  facet normal -0.205075 -0.706913 -0.676918
    outer loop
      vertex 0.550625 13.482 3.87209
      vertex 0.44244 13.4855 3.90121
      vertex 0 15.195 2.25
    endloop
  endfacet
  facet normal -0.291924 -0.706913 -0.644247
    outer loop
      vertex 0.760682 13.4751 3.79251
      vertex 0.656868 13.4785 3.83582
      vertex 0 15.195 2.25
    endloop
  endfacet
  facet normal -0.483719 -0.706912 -0.516034
    outer loop
      vertex 1.24412 13.4355 3.49412
      vertex 1.15425 13.4444 3.56617
      vertex 0 15.195 2.25
    endloop
  endfacet
  facet normal -0.448801 -0.706919 -0.546665
    outer loop
      vertex 1.15425 13.4444 3.56617
      vertex 1.06005 13.4537 3.63148
      vertex 0 15.195 2.25
    endloop
  endfacet
  facet normal -0.515921 -0.706915 -0.483835
    outer loop
      vertex 1.32912 13.4272 3.41561
      vertex 1.24412 13.4355 3.49412
      vertex 0 15.195 2.25
    endloop
  endfacet
  facet normal -0.644374 -0.706918 -0.291632
    outer loop
      vertex 1.6637 13.3942 2.93913
      vertex 1.61036 13.3995 3.04414
      vertex 0 15.195 2.25
    endloop
  endfacet
  facet normal -0.623579 -0.706916 -0.333795
    outer loop
      vertex 1.61036 13.3995 3.04414
      vertex 1.5498 13.4054 3.14478
      vertex 0 15.195 2.25
    endloop
  endfacet
  facet normal -0.661946 -0.706914 -0.249199
    outer loop
      vertex 1.70948 13.3897 2.83029
      vertex 1.6637 13.3942 2.93913
      vertex 0 15.195 2.25
    endloop
  endfacet
  facet normal -0.697845 -0.706907 -0.115304
    outer loop
      vertex 1.80141 13.378 2.48716
      vertex 1.7783 13.3818 2.60373
      vertex 0 15.195 2.25
    endloop
  endfacet
  facet normal -0.697845 -0.706907 0.115304
    outer loop
      vertex 1.7783 13.3818 1.89627
      vertex 1.80141 13.378 2.01284
      vertex 0 15.195 2.25
    endloop
  endfacet
  facet normal -0.703891 -0.70691 0.0693952
    outer loop
      vertex 1.80141 13.378 2.01284
      vertex 1.81537 13.3757 2.13101
      vertex 0 15.195 2.25
    endloop
  endfacet
  facet normal -0.661946 -0.706914 0.249199
    outer loop
      vertex 1.6637 13.3942 1.56087
      vertex 1.70948 13.3897 1.66971
      vertex 0 15.195 2.25
    endloop
  endfacet
  facet normal -0.676779 -0.706918 0.205517
    outer loop
      vertex 1.70948 13.3897 1.66971
      vertex 1.74738 13.386 1.78179
      vertex 0 15.195 2.25
    endloop
  endfacet
  facet normal -0.644374 -0.706918 0.291632
    outer loop
      vertex 1.61036 13.3995 1.45586
      vertex 1.6637 13.3942 1.56087
      vertex 0 15.195 2.25
    endloop
  endfacet
  facet normal -0.515921 -0.706915 0.483835
    outer loop
      vertex 1.24412 13.4355 1.00588
      vertex 1.32912 13.4272 1.08439
      vertex 0 15.195 2.25
    endloop
  endfacet
  facet normal -0.546971 -0.706917 0.448432
    outer loop
      vertex 1.32912 13.4272 1.08439
      vertex 1.40873 13.4193 1.16904
      vertex 0 15.195 2.25
    endloop
  endfacet
  facet normal -0.483725 -0.706913 0.516028
    outer loop
      vertex 1.15425 13.4444 0.933828
      vertex 1.24412 13.4355 1.00588
      vertex 0 15.195 2.25
    endloop
  endfacet
  facet normal -0.291914 -0.706913 0.644252
    outer loop
      vertex 0.656868 13.4785 0.664181
      vertex 0.760682 13.4751 0.707489
      vertex 0 15.195 2.25
    endloop
  endfacet
  facet normal -0.333396 -0.706913 0.623795
    outer loop
      vertex 0.760682 13.4751 0.707489
      vertex 0.86159 13.4718 0.757681
      vertex 0 15.195 2.25
    endloop
  endfacet
  facet normal -0.249276 -0.706915 0.661916
    outer loop
      vertex 0.550625 13.482 0.627908
      vertex 0.656868 13.4785 0.664181
      vertex 0 15.195 2.25
    endloop
  endfacet
  facet normal -0.115086 -0.706909 0.697879
    outer loop
      vertex 0.222188 13.4927 0.562314
      vertex 0.332798 13.4891 0.576908
      vertex 0 15.195 2.25
    endloop
  endfacet
  facet normal -0.0229076 0.706916 0.706926
    outer loop
      vertex 0.111094 -13.4964 0.555025
      vertex 0 -13.5 0.555025
      vertex 0 -15.195 2.25
    endloop
  endfacet
  facet normal 0.0229076 0.706915 -0.706927
    outer loop
      vertex 0 -13.5 3.94497
      vertex 0 -15.195 2.25
      vertex -0.111094 -13.4964 3.94497
    endloop
  endfacet
  facet normal -0.703891 0.70691 -0.0693952
    outer loop
      vertex 1.80141 -13.378 2.48716
      vertex 1.81537 -13.3757 2.36899
      vertex 0 -15.195 2.25
    endloop
  endfacet
  facet normal 0.706934 0.706907 0.0229329
    outer loop
      vertex 0 -15.195 2.25
      vertex -1.81537 -13.3757 2.13101
      vertex -1.82003 -13.3749 2.25
    endloop
  endfacet
  facet normal -0.448801 0.706919 -0.546665
    outer loop
      vertex 1.06005 -13.4537 3.63148
      vertex 1.15425 -13.4444 3.56617
      vertex 0 -15.195 2.25
    endloop
  endfacet
  facet normal -0.546971 0.706917 0.448432
    outer loop
      vertex 1.40873 -13.4193 1.16904
      vertex 1.32912 -13.4272 1.08439
      vertex 0 -15.195 2.25
    endloop
  endfacet
  facet normal 0.515921 0.706915 -0.483835
    outer loop
      vertex -1.24412 -13.4355 3.49412
      vertex 0 -15.195 2.25
      vertex -1.32912 -13.4272 3.41561
    endloop
  endfacet
  facet normal 0.483725 0.706913 0.516028
    outer loop
      vertex 0 -15.195 2.25
      vertex -1.15425 -13.4444 0.933828
      vertex -1.24412 -13.4355 1.00588
    endloop
  endfacet
  facet normal -0.623579 0.706916 -0.333795
    outer loop
      vertex 1.5498 -13.4054 3.14478
      vertex 1.61036 -13.3995 3.04414
      vertex 0 -15.195 2.25
    endloop
  endfacet
  facet normal -0.24926 0.706915 -0.661922
    outer loop
      vertex 0.550625 -13.482 3.87209
      vertex 0.656868 -13.4785 3.83582
      vertex 0 -15.195 2.25
    endloop
  endfacet
  facet normal -0.676779 0.706918 0.205517
    outer loop
      vertex 1.74738 -13.386 1.78179
      vertex 1.70948 -13.3897 1.66971
      vertex 0 -15.195 2.25
    endloop
  endfacet
  facet normal -0.333396 0.706913 0.623795
    outer loop
      vertex 0.86159 -13.4718 0.757681
      vertex 0.760682 -13.4751 0.707489
      vertex 0 -15.195 2.25
    endloop
  endfacet
  facet normal 0.291924 0.706913 -0.644247
    outer loop
      vertex -0.656868 -13.4785 3.83582
      vertex 0 -15.195 2.25
      vertex -0.760682 -13.4751 3.79251
    endloop
  endfacet
  facet normal 0.661946 0.706914 -0.249199
    outer loop
      vertex -1.6637 -13.3942 2.93913
      vertex 0 -15.195 2.25
      vertex -1.70948 -13.3897 2.83029
    endloop
  endfacet
  facet normal 0.644374 0.706918 0.291632
    outer loop
      vertex 0 -15.195 2.25
      vertex -1.61036 -13.3995 1.45586
      vertex -1.6637 -13.3942 1.56087
    endloop
  endfacet
  facet normal 0.249276 0.706915 0.661916
    outer loop
      vertex 0 -15.195 2.25
      vertex -0.550625 -13.482 0.627908
      vertex -0.656868 -13.4785 0.664181
    endloop
  endfacet
  facet normal -0.676779 0.706918 -0.205517
    outer loop
      vertex 1.70948 -13.3897 2.83029
      vertex 1.74738 -13.386 2.71821
      vertex 0 -15.195 2.25
    endloop
  endfacet
  facet normal -0.546971 0.706917 -0.448432
    outer loop
      vertex 1.32912 -13.4272 3.41561
      vertex 1.40873 -13.4193 3.33096
      vertex 0 -15.195 2.25
    endloop
  endfacet
  facet normal -0.333387 0.706913 -0.623801
    outer loop
      vertex 0.760682 -13.4751 3.79251
      vertex 0.86159 -13.4718 3.74232
      vertex 0 -15.195 2.25
    endloop
  endfacet
  facet normal -0.115062 0.706908 -0.697884
    outer loop
      vertex 0.222188 -13.4927 3.93768
      vertex 0.332798 -13.4891 3.92309
      vertex 0 -15.195 2.25
    endloop
  endfacet
  facet normal -0.623579 0.706916 0.333795
    outer loop
      vertex 1.61036 -13.3995 1.45586
      vertex 1.5498 -13.4054 1.35522
      vertex 0 -15.195 2.25
    endloop
  endfacet
  facet normal -0.703891 0.70691 0.0693952
    outer loop
      vertex 1.81537 -13.3757 2.13101
      vertex 1.80141 -13.378 2.01284
      vertex 0 -15.195 2.25
    endloop
  endfacet
  facet normal -0.448812 0.70692 0.546656
    outer loop
      vertex 1.15425 -13.4444 0.933828
      vertex 1.06005 -13.4537 0.868515
      vertex 0 -15.195 2.25
    endloop
  endfacet
  facet normal -0.205069 0.706913 0.67692
    outer loop
      vertex 0.550625 -13.482 0.627908
      vertex 0.44244 -13.4855 0.598789
      vertex 0 -15.195 2.25
    endloop
  endfacet
  facet normal 0.160669 0.70691 -0.688813
    outer loop
      vertex -0.332798 -13.4891 3.92309
      vertex 0 -15.195 2.25
      vertex -0.44244 -13.4855 3.90121
    endloop
  endfacet
  facet normal 0.411734 0.706916 -0.575104
    outer loop
      vertex -0.962065 -13.4633 3.68983
      vertex 0 -15.195 2.25
      vertex -1.06005 -13.4537 3.63148
    endloop
  endfacet
  facet normal 0.600552 0.706906 -0.373659
    outer loop
      vertex -1.48245 -13.412 3.24054
      vertex 0 -15.195 2.25
      vertex -1.5498 -13.4054 3.14478
    endloop
  endfacet
  facet normal 0.697845 0.706907 -0.115304
    outer loop
      vertex -1.7783 -13.3818 2.60373
      vertex 0 -15.195 2.25
      vertex -1.80141 -13.378 2.48716
    endloop
  endfacet
  facet normal 0.688896 0.706911 0.160309
    outer loop
      vertex 0 -15.195 2.25
      vertex -1.7621 -13.3845 1.83856
      vertex -1.7783 -13.3818 1.89627
    endloop
  endfacet
  facet normal 0.688976 0.706911 0.159968
    outer loop
      vertex -1.7621 -13.3845 1.83856
      vertex 0 -15.195 2.25
      vertex -1.74738 -13.386 1.78179
    endloop
  endfacet
  facet normal 0.575075 0.706907 0.411791
    outer loop
      vertex 0 -15.195 2.25
      vertex -1.40873 -13.4193 1.16904
      vertex -1.48245 -13.412 1.25946
    endloop
  endfacet
  facet normal 0.37355 0.706913 0.600612
    outer loop
      vertex 0 -15.195 2.25
      vertex -0.882942 -13.4711 0.770137
      vertex -0.962065 -13.4633 0.810167
    endloop
  endfacet
  facet normal 0.373551 0.706913 0.600612
    outer loop
      vertex -0.882942 -13.4711 0.770137
      vertex 0 -15.195 2.25
      vertex -0.86159 -13.4718 0.757681
    endloop
  endfacet
  facet normal 0.115086 0.706909 0.697879
    outer loop
      vertex 0 -15.195 2.25
      vertex -0.222188 -13.4927 0.562314
      vertex -0.332798 -13.4891 0.576908
    endloop
  endfacet
  facet normal -0.697845 0.706907 -0.115304
    outer loop
      vertex 1.7783 -13.3818 2.60373
      vertex 1.80141 -13.378 2.48716
      vertex 0 -15.195 2.25
    endloop
  endfacet
  facet normal -0.644374 0.706918 -0.291632
    outer loop
      vertex 1.61036 -13.3995 3.04414
      vertex 1.6637 -13.3942 2.93913
      vertex 0 -15.195 2.25
    endloop
  endfacet
  facet normal -0.600552 0.706906 -0.373659
    outer loop
      vertex 1.48245 -13.412 3.24054
      vertex 1.5498 -13.4054 3.14478
      vertex 0 -15.195 2.25
    endloop
  endfacet
  facet normal -0.515921 0.706915 -0.483835
    outer loop
      vertex 1.24412 -13.4355 3.49412
      vertex 1.32912 -13.4272 3.41561
      vertex 0 -15.195 2.25
    endloop
  endfacet
  facet normal -0.411734 0.706916 -0.575104
    outer loop
      vertex 0.962065 -13.4633 3.68983
      vertex 1.06005 -13.4537 3.63148
      vertex 0 -15.195 2.25
    endloop
  endfacet
  facet normal -0.291924 0.706913 -0.644247
    outer loop
      vertex 0.656868 -13.4785 3.83582
      vertex 0.760682 -13.4751 3.79251
      vertex 0 -15.195 2.25
    endloop
  endfacet
  facet normal -0.160669 0.70691 -0.688813
    outer loop
      vertex 0.332798 -13.4891 3.92309
      vertex 0.44244 -13.4855 3.90121
      vertex 0 -15.195 2.25
    endloop
  endfacet
  facet normal -0.0229076 0.706915 -0.706927
    outer loop
      vertex 0 -13.5 3.94497
      vertex 0.111094 -13.4964 3.94497
      vertex 0 -15.195 2.25
    endloop
  endfacet
  facet normal -0.575075 0.706907 0.411791
    outer loop
      vertex 1.48245 -13.412 1.25946
      vertex 1.40873 -13.4193 1.16904
      vertex 0 -15.195 2.25
    endloop
  endfacet
  facet normal -0.661946 0.706914 0.249199
    outer loop
      vertex 1.70948 -13.3897 1.66971
      vertex 1.6637 -13.3942 1.56087
      vertex 0 -15.195 2.25
    endloop
  endfacet
  facet normal -0.688896 0.706911 0.160309
    outer loop
      vertex 1.7621 -13.3845 1.83856
      vertex 0 -15.195 2.25
      vertex 1.7783 -13.3818 1.89627
    endloop
  endfacet
  facet normal -0.688976 0.706911 0.159968
    outer loop
      vertex 0 -15.195 2.25
      vertex 1.7621 -13.3845 1.83856
      vertex 1.74738 -13.386 1.78179
    endloop
  endfacet
  facet normal -0.706934 0.706907 0.0229329
    outer loop
      vertex 1.82003 -13.3749 2.25
      vertex 1.81537 -13.3757 2.13101
      vertex 0 -15.195 2.25
    endloop
  endfacet
  facet normal -0.37355 0.706913 0.600612
    outer loop
      vertex 0.882942 -13.4711 0.770137
      vertex 0 -15.195 2.25
      vertex 0.962065 -13.4633 0.810167
    endloop
  endfacet
  facet normal -0.373551 0.706913 0.600612
    outer loop
      vertex 0 -15.195 2.25
      vertex 0.882942 -13.4711 0.770137
      vertex 0.86159 -13.4718 0.757681
    endloop
  endfacet
  facet normal -0.483725 0.706913 0.516028
    outer loop
      vertex 1.24412 -13.4355 1.00588
      vertex 1.15425 -13.4444 0.933828
      vertex 0 -15.195 2.25
    endloop
  endfacet
  facet normal -0.291914 0.706913 0.644252
    outer loop
      vertex 0.760682 -13.4751 0.707489
      vertex 0.656868 -13.4785 0.664181
      vertex 0 -15.195 2.25
    endloop
  endfacet
  facet normal -0.115086 0.706909 0.697879
    outer loop
      vertex 0.332798 -13.4891 0.576908
      vertex 0.222188 -13.4927 0.562314
      vertex 0 -15.195 2.25
    endloop
  endfacet
  facet normal -0.0697246 0.706913 0.703855
    outer loop
      vertex 0.222188 -13.4927 0.562314
      vertex 0.111094 -13.4964 0.555025
      vertex 0 -15.195 2.25
    endloop
  endfacet
  facet normal 0.0697309 0.706912 -0.703856
    outer loop
      vertex -0.111094 -13.4964 3.94497
      vertex 0 -15.195 2.25
      vertex -0.222188 -13.4927 3.93768
    endloop
  endfacet
  facet normal 0.205075 0.706913 -0.676918
    outer loop
      vertex -0.44244 -13.4855 3.90121
      vertex 0 -15.195 2.25
      vertex -0.550625 -13.482 3.87209
    endloop
  endfacet
  facet normal 0.37355 0.706912 -0.600612
    outer loop
      vertex -0.882942 -13.4711 3.72986
      vertex 0 -15.195 2.25
      vertex -0.962065 -13.4633 3.68983
    endloop
  endfacet
  facet normal 0.373634 0.706911 -0.600562
    outer loop
      vertex 0 -15.195 2.25
      vertex -0.882942 -13.4711 3.72986
      vertex -0.86159 -13.4718 3.74232
    endloop
  endfacet
  facet normal 0.448801 0.706919 -0.546665
    outer loop
      vertex -1.06005 -13.4537 3.63148
      vertex 0 -15.195 2.25
      vertex -1.15425 -13.4444 3.56617
    endloop
  endfacet
  facet normal 0.575075 0.706907 -0.411791
    outer loop
      vertex -1.40873 -13.4193 3.33096
      vertex 0 -15.195 2.25
      vertex -1.48245 -13.412 3.24054
    endloop
  endfacet
  facet normal 0.623579 0.706916 -0.333795
    outer loop
      vertex -1.5498 -13.4054 3.14478
      vertex 0 -15.195 2.25
      vertex -1.61036 -13.3995 3.04414
    endloop
  endfacet
  facet normal 0.688896 0.706911 -0.160309
    outer loop
      vertex -1.7621 -13.3845 2.66144
      vertex 0 -15.195 2.25
      vertex -1.7783 -13.3818 2.60373
    endloop
  endfacet
  facet normal 0.688976 0.706911 -0.159968
    outer loop
      vertex 0 -15.195 2.25
      vertex -1.7621 -13.3845 2.66144
      vertex -1.74738 -13.386 2.71821
    endloop
  endfacet
  facet normal 0.706934 0.706907 -0.0229329
    outer loop
      vertex -1.81537 -13.3757 2.36899
      vertex 0 -15.195 2.25
      vertex -1.82003 -13.3749 2.25
    endloop
  endfacet
  facet normal 0.703891 0.70691 0.0693952
    outer loop
      vertex 0 -15.195 2.25
      vertex -1.80141 -13.378 2.01284
      vertex -1.81537 -13.3757 2.13101
    endloop
  endfacet
  facet normal 0.676779 0.706918 0.205517
    outer loop
      vertex 0 -15.195 2.25
      vertex -1.70948 -13.3897 1.66971
      vertex -1.74738 -13.386 1.78179
    endloop
  endfacet
  facet normal 0.600552 0.706906 0.373659
    outer loop
      vertex 0 -15.195 2.25
      vertex -1.48245 -13.412 1.25946
      vertex -1.5498 -13.4054 1.35522
    endloop
  endfacet
  facet normal 0.546971 0.706917 0.448432
    outer loop
      vertex 0 -15.195 2.25
      vertex -1.32912 -13.4272 1.08439
      vertex -1.40873 -13.4193 1.16904
    endloop
  endfacet
  facet normal 0.411725 0.706917 0.575109
    outer loop
      vertex 0 -15.195 2.25
      vertex -0.962065 -13.4633 0.810167
      vertex -1.06005 -13.4537 0.868515
    endloop
  endfacet
  facet normal 0.333396 0.706913 0.623795
    outer loop
      vertex 0 -15.195 2.25
      vertex -0.760682 -13.4751 0.707489
      vertex -0.86159 -13.4718 0.757681
    endloop
  endfacet
  facet normal 0.160675 0.70691 0.688812
    outer loop
      vertex 0 -15.195 2.25
      vertex -0.332798 -13.4891 0.576908
      vertex -0.44244 -13.4855 0.598789
    endloop
  endfacet
  facet normal 0.0229076 0.706916 0.706926
    outer loop
      vertex 0 -15.195 2.25
      vertex 0 -13.5 0.555025
      vertex -0.111094 -13.4964 0.555025
    endloop
  endfacet
  facet normal -0.688976 0.706911 -0.159968
    outer loop
      vertex 1.7621 -13.3845 2.66144
      vertex 0 -15.195 2.25
      vertex 1.74738 -13.386 2.71821
    endloop
  endfacet
  facet normal -0.688896 0.706911 -0.160309
    outer loop
      vertex 0 -15.195 2.25
      vertex 1.7621 -13.3845 2.66144
      vertex 1.7783 -13.3818 2.60373
    endloop
  endfacet
  facet normal -0.661946 0.706914 -0.249199
    outer loop
      vertex 1.6637 -13.3942 2.93913
      vertex 1.70948 -13.3897 2.83029
      vertex 0 -15.195 2.25
    endloop
  endfacet
  facet normal -0.575075 0.706907 -0.411791
    outer loop
      vertex 1.40873 -13.4193 3.33096
      vertex 1.48245 -13.412 3.24054
      vertex 0 -15.195 2.25
    endloop
  endfacet
  facet normal -0.483719 0.706912 -0.516034
    outer loop
      vertex 1.15425 -13.4444 3.56617
      vertex 1.24412 -13.4355 3.49412
      vertex 0 -15.195 2.25
    endloop
  endfacet
  facet normal -0.373634 0.706911 -0.600562
    outer loop
      vertex 0.882942 -13.4711 3.72986
      vertex 0 -15.195 2.25
      vertex 0.86159 -13.4718 3.74232
    endloop
  endfacet
  facet normal -0.37355 0.706912 -0.600612
    outer loop
      vertex 0 -15.195 2.25
      vertex 0.882942 -13.4711 3.72986
      vertex 0.962065 -13.4633 3.68983
    endloop
  endfacet
  facet normal -0.205075 0.706913 -0.676918
    outer loop
      vertex 0.44244 -13.4855 3.90121
      vertex 0.550625 -13.482 3.87209
      vertex 0 -15.195 2.25
    endloop
  endfacet
  facet normal -0.0697309 0.706912 -0.703856
    outer loop
      vertex 0.111094 -13.4964 3.94497
      vertex 0.222188 -13.4927 3.93768
      vertex 0 -15.195 2.25
    endloop
  endfacet
  facet normal -0.600552 0.706906 0.373659
    outer loop
      vertex 1.5498 -13.4054 1.35522
      vertex 1.48245 -13.412 1.25946
      vertex 0 -15.195 2.25
    endloop
  endfacet
  facet normal -0.644374 0.706918 0.291632
    outer loop
      vertex 1.6637 -13.3942 1.56087
      vertex 1.61036 -13.3995 1.45586
      vertex 0 -15.195 2.25
    endloop
  endfacet
  facet normal -0.697845 0.706907 0.115304
    outer loop
      vertex 1.80141 -13.378 2.01284
      vertex 1.7783 -13.3818 1.89627
      vertex 0 -15.195 2.25
    endloop
  endfacet
  facet normal -0.706934 0.706907 -0.0229329
    outer loop
      vertex 1.81537 -13.3757 2.36899
      vertex 1.82003 -13.3749 2.25
      vertex 0 -15.195 2.25
    endloop
  endfacet
  facet normal -0.411725 0.706917 0.575109
    outer loop
      vertex 1.06005 -13.4537 0.868515
      vertex 0.962065 -13.4633 0.810167
      vertex 0 -15.195 2.25
    endloop
  endfacet
  facet normal -0.515921 0.706915 0.483835
    outer loop
      vertex 1.32912 -13.4272 1.08439
      vertex 1.24412 -13.4355 1.00588
      vertex 0 -15.195 2.25
    endloop
  endfacet
  facet normal -0.249276 0.706915 0.661916
    outer loop
      vertex 0.656868 -13.4785 0.664181
      vertex 0.550625 -13.482 0.627908
      vertex 0 -15.195 2.25
    endloop
  endfacet
  facet normal -0.160675 0.70691 0.688812
    outer loop
      vertex 0.44244 -13.4855 0.598789
      vertex 0.332798 -13.4891 0.576908
      vertex 0 -15.195 2.25
    endloop
  endfacet
  facet normal 0.115062 0.706908 -0.697884
    outer loop
      vertex -0.222188 -13.4927 3.93768
      vertex 0 -15.195 2.25
      vertex -0.332798 -13.4891 3.92309
    endloop
  endfacet
  facet normal 0.24926 0.706915 -0.661922
    outer loop
      vertex -0.550625 -13.482 3.87209
      vertex 0 -15.195 2.25
      vertex -0.656868 -13.4785 3.83582
    endloop
  endfacet
  facet normal 0.333387 0.706913 -0.623801
    outer loop
      vertex -0.760682 -13.4751 3.79251
      vertex 0 -15.195 2.25
      vertex -0.86159 -13.4718 3.74232
    endloop
  endfacet
  facet normal 0.483719 0.706912 -0.516034
    outer loop
      vertex -1.15425 -13.4444 3.56617
      vertex 0 -15.195 2.25
      vertex -1.24412 -13.4355 3.49412
    endloop
  endfacet
  facet normal 0.546971 0.706917 -0.448432
    outer loop
      vertex -1.32912 -13.4272 3.41561
      vertex 0 -15.195 2.25
      vertex -1.40873 -13.4193 3.33096
    endloop
  endfacet
  facet normal 0.644374 0.706918 -0.291632
    outer loop
      vertex -1.61036 -13.3995 3.04414
      vertex 0 -15.195 2.25
      vertex -1.6637 -13.3942 2.93913
    endloop
  endfacet
  facet normal 0.676779 0.706918 -0.205517
    outer loop
      vertex -1.70948 -13.3897 2.83029
      vertex 0 -15.195 2.25
      vertex -1.74738 -13.386 2.71821
    endloop
  endfacet
  facet normal 0.703891 0.70691 -0.0693952
    outer loop
      vertex -1.80141 -13.378 2.48716
      vertex 0 -15.195 2.25
      vertex -1.81537 -13.3757 2.36899
    endloop
  endfacet
  facet normal 0.697845 0.706907 0.115304
    outer loop
      vertex 0 -15.195 2.25
      vertex -1.7783 -13.3818 1.89627
      vertex -1.80141 -13.378 2.01284
    endloop
  endfacet
  facet normal 0.661946 0.706914 0.249199
    outer loop
      vertex 0 -15.195 2.25
      vertex -1.6637 -13.3942 1.56087
      vertex -1.70948 -13.3897 1.66971
    endloop
  endfacet
  facet normal 0.623579 0.706916 0.333795
    outer loop
      vertex 0 -15.195 2.25
      vertex -1.5498 -13.4054 1.35522
      vertex -1.61036 -13.3995 1.45586
    endloop
  endfacet
  facet normal 0.515921 0.706915 0.483835
    outer loop
      vertex 0 -15.195 2.25
      vertex -1.24412 -13.4355 1.00588
      vertex -1.32912 -13.4272 1.08439
    endloop
  endfacet
  facet normal 0.448812 0.70692 0.546656
    outer loop
      vertex 0 -15.195 2.25
      vertex -1.06005 -13.4537 0.868515
      vertex -1.15425 -13.4444 0.933828
    endloop
  endfacet
  facet normal 0.291914 0.706913 0.644252
    outer loop
      vertex 0 -15.195 2.25
      vertex -0.656868 -13.4785 0.664181
      vertex -0.760682 -13.4751 0.707489
    endloop
  endfacet
  facet normal 0.205069 0.706913 0.67692
    outer loop
      vertex 0 -15.195 2.25
      vertex -0.44244 -13.4855 0.598789
      vertex -0.550625 -13.482 0.627908
    endloop
  endfacet
  facet normal 0.0697246 0.706913 0.703855
    outer loop
      vertex 0 -15.195 2.25
      vertex -0.111094 -13.4964 0.555025
      vertex -0.222188 -13.4927 0.562314
    endloop
  endfacet
  facet normal -0.02284 0.706922 -0.706922
    outer loop
      vertex 0 13 0.55
      vertex -0.111424 12.9964 0.55
      vertex 0 14.7 2.25
    endloop
  endfacet
  facet normal 0.02284 0.706922 0.706922
    outer loop
      vertex 0 14.7 2.25
      vertex 0 13 3.95
      vertex 0.111424 12.9964 3.95
    endloop
  endfacet
  facet normal -0.706901 0.706917 0.0236439
    outer loop
      vertex 0 14.7 2.25
      vertex -1.83384 12.8662 2.25
      vertex -1.82913 12.8669 2.36989
    endloop
  endfacet
  facet normal 0.706901 0.706917 -0.0236439
    outer loop
      vertex 1.82913 12.8669 2.13011
      vertex 0 14.7 2.25
      vertex 1.83384 12.8662 2.25
    endloop
  endfacet
  facet normal -0.483571 0.706911 0.516175
    outer loop
      vertex 0 14.7 2.25
      vertex -1.24957 12.9328 3.49957
      vertex -1.15931 12.9417 3.57194
    endloop
  endfacet
  facet normal -0.546444 0.706921 -0.449067
    outer loop
      vertex -1.33495 12.9244 1.07928
      vertex -1.41491 12.9166 1.1643
      vertex 0 14.7 2.25
    endloop
  endfacet
  facet normal 0.516155 0.706911 0.483592
    outer loop
      vertex 1.33495 12.9244 3.42072
      vertex 0 14.7 2.25
      vertex 1.24957 12.9328 3.49957
    endloop
  endfacet
  facet normal 0.483574 0.706911 -0.516172
    outer loop
      vertex 1.15931 12.9417 0.928059
      vertex 0 14.7 2.25
      vertex 1.24957 12.9328 1.00043
    endloop
  endfacet
  facet normal -0.644328 0.706914 0.291742
    outer loop
      vertex 0 14.7 2.25
      vertex -1.67099 12.8913 2.94215
      vertex -1.61742 12.8966 3.04762
    endloop
  endfacet
  facet normal -0.249213 0.706912 0.661943
    outer loop
      vertex 0 14.7 2.25
      vertex -0.658816 12.9784 3.84052
      vertex -0.552258 12.9819 3.8769
    endloop
  endfacet
  facet normal -0.662075 0.706921 -0.248836
    outer loop
      vertex 0 14.7 2.25
      vertex -1.69684 12.8888 1.6193
      vertex -1.71848 12.8852 1.66665
    endloop
  endfacet
  facet normal -0.661778 0.706919 -0.249628
    outer loop
      vertex -1.69684 12.8888 1.6193
      vertex 0 14.7 2.25
      vertex -1.67099 12.8913 1.55785
    endloop
  endfacet
  facet normal -0.336704 0.706964 -0.621959
    outer loop
      vertex 0 14.7 2.25
      vertex -0.85024 12.9722 0.746341
      vertex -0.864626 12.9707 0.752424
    endloop
  endfacet
  facet normal -0.333042 0.706919 -0.623977
    outer loop
      vertex -0.85024 12.9722 0.746341
      vertex 0 14.7 2.25
      vertex -0.762937 12.975 0.702916
    endloop
  endfacet
  facet normal 0.291878 0.706911 0.64427
    outer loop
      vertex 0.762937 12.975 3.79708
      vertex 0 14.7 2.25
      vertex 0.658816 12.9784 3.84052
    endloop
  endfacet
  facet normal 0.661778 0.706919 0.249628
    outer loop
      vertex 1.69684 12.8888 2.8807
      vertex 0 14.7 2.25
      vertex 1.67099 12.8913 2.94215
    endloop
  endfacet
  facet normal 0.662092 0.706921 0.248791
    outer loop
      vertex 0 14.7 2.25
      vertex 1.69684 12.8888 2.8807
      vertex 1.71848 12.8852 2.83334
    endloop
  endfacet
  facet normal 0.644328 0.706914 -0.291742
    outer loop
      vertex 1.61742 12.8966 1.45238
      vertex 0 14.7 2.25
      vertex 1.67099 12.8913 1.55785
    endloop
  endfacet
  facet normal 0.249213 0.706912 -0.661943
    outer loop
      vertex 0.552258 12.9819 0.623099
      vertex 0 14.7 2.25
      vertex 0.658816 12.9784 0.659479
    endloop
  endfacet
  facet normal -0.688775 0.706913 0.160821
    outer loop
      vertex 0 14.7 2.25
      vertex -1.79179 12.8731 2.60641
      vertex -1.75949 12.8784 2.72145
    endloop
  endfacet
  facet normal -0.574964 0.706927 0.411911
    outer loop
      vertex 0 14.7 2.25
      vertex -1.48895 12.9093 3.24488
      vertex -1.41491 12.9166 3.3357
    endloop
  endfacet
  facet normal -0.373436 0.70691 0.600686
    outer loop
      vertex 0 14.7 2.25
      vertex -0.966283 12.9607 3.69615
      vertex -0.864626 12.9707 3.74758
    endloop
  endfacet
  facet normal -0.115035 0.70692 0.697877
    outer loop
      vertex 0 14.7 2.25
      vertex -0.333785 12.9891 3.92805
      vertex -0.222846 12.9927 3.94269
    endloop
  endfacet
  facet normal -0.623799 0.706918 -0.333379
    outer loop
      vertex -1.5566 12.9026 1.3513
      vertex -1.61742 12.8966 1.45238
      vertex 0 14.7 2.25
    endloop
  endfacet
  facet normal -0.697799 0.706921 -0.1155
    outer loop
      vertex -1.79179 12.8731 1.89359
      vertex -1.81508 12.8693 2.01104
      vertex 0 14.7 2.25
    endloop
  endfacet
  facet normal -0.448634 0.706911 -0.546814
    outer loop
      vertex -1.0647 12.951 0.862459
      vertex -1.15931 12.9417 0.928059
      vertex 0 14.7 2.25
    endloop
  endfacet
  facet normal -0.205606 0.706918 -0.676752
    outer loop
      vertex -0.443752 12.9855 0.593894
      vertex -0.552258 12.9819 0.623099
      vertex 0 14.7 2.25
    endloop
  endfacet
  facet normal 0.160573 0.706923 0.688822
    outer loop
      vertex 0.443752 12.9855 3.90611
      vertex 0 14.7 2.25
      vertex 0.333785 12.9891 3.92805
    endloop
  endfacet
  facet normal 0.412038 0.70691 0.574894
    outer loop
      vertex 1.0647 12.951 3.63754
      vertex 0 14.7 2.25
      vertex 0.966283 12.9607 3.69615
    endloop
  endfacet
  facet normal 0.600753 0.706922 0.373306
    outer loop
      vertex 1.5566 12.9026 3.1487
      vertex 0 14.7 2.25
      vertex 1.48895 12.9093 3.24488
    endloop
  endfacet
  facet normal 0.697799 0.706921 0.1155
    outer loop
      vertex 1.81508 12.8693 2.48896
      vertex 0 14.7 2.25
      vertex 1.79179 12.8731 2.60641
    endloop
  endfacet
  facet normal 0.688778 0.706913 -0.160807
    outer loop
      vertex 1.75949 12.8784 1.77854
      vertex 0 14.7 2.25
      vertex 1.79179 12.8731 1.89359
    endloop
  endfacet
  facet normal 0.574964 0.706927 -0.411911
    outer loop
      vertex 1.41491 12.9166 1.1643
      vertex 0 14.7 2.25
      vertex 1.48895 12.9093 1.25512
    endloop
  endfacet
  facet normal 0.373441 0.706909 -0.600684
    outer loop
      vertex 0.864626 12.9707 0.752424
      vertex 0 14.7 2.25
      vertex 0.966283 12.9607 0.803855
    endloop
  endfacet
  facet normal 0.115016 0.70692 -0.69788
    outer loop
      vertex 0.222846 12.9927 0.557311
      vertex 0 14.7 2.25
      vertex 0.333785 12.9891 0.571948
    endloop
  endfacet
  facet normal -0.697799 0.706921 0.1155
    outer loop
      vertex 0 14.7 2.25
      vertex -1.81508 12.8693 2.48896
      vertex -1.79179 12.8731 2.60641
    endloop
  endfacet
  facet normal -0.662092 0.706921 0.248791
    outer loop
      vertex -1.69684 12.8888 2.8807
      vertex 0 14.7 2.25
      vertex -1.71848 12.8852 2.83334
    endloop
  endfacet
  facet normal -0.661778 0.706919 0.249628
    outer loop
      vertex 0 14.7 2.25
      vertex -1.69684 12.8888 2.8807
      vertex -1.67099 12.8913 2.94215
    endloop
  endfacet
  facet normal -0.600753 0.706922 0.373306
    outer loop
      vertex 0 14.7 2.25
      vertex -1.5566 12.9026 3.1487
      vertex -1.48895 12.9093 3.24488
    endloop
  endfacet
  facet normal -0.546444 0.706921 0.449067
    outer loop
      vertex 0 14.7 2.25
      vertex -1.41491 12.9166 3.3357
      vertex -1.33495 12.9244 3.42072
    endloop
  endfacet
  facet normal -0.412038 0.70691 0.574894
    outer loop
      vertex 0 14.7 2.25
      vertex -1.0647 12.951 3.63754
      vertex -0.966283 12.9607 3.69615
    endloop
  endfacet
  facet normal -0.336598 0.706963 0.622017
    outer loop
      vertex -0.85024 12.9722 3.75366
      vertex 0 14.7 2.25
      vertex -0.864626 12.9707 3.74758
    endloop
  endfacet
  facet normal -0.333014 0.706919 0.623993
    outer loop
      vertex 0 14.7 2.25
      vertex -0.85024 12.9722 3.75366
      vertex -0.762937 12.975 3.79708
    endloop
  endfacet
  facet normal -0.205634 0.706918 0.676743
    outer loop
      vertex 0 14.7 2.25
      vertex -0.552258 12.9819 3.8769
      vertex -0.443752 12.9855 3.90611
    endloop
  endfacet
  facet normal -0.0696521 0.706922 0.703854
    outer loop
      vertex 0 14.7 2.25
      vertex -0.222846 12.9927 3.94269
      vertex -0.111424 12.9964 3.95
    endloop
  endfacet
  facet normal -0.574964 0.706927 -0.411911
    outer loop
      vertex -1.41491 12.9166 1.1643
      vertex -1.48895 12.9093 1.25512
      vertex 0 14.7 2.25
    endloop
  endfacet
  facet normal -0.644328 0.706914 -0.291742
    outer loop
      vertex -1.61742 12.8966 1.45238
      vertex -1.67099 12.8913 1.55785
      vertex 0 14.7 2.25
    endloop
  endfacet
  facet normal -0.6769 0.706913 -0.205136
    outer loop
      vertex -1.71848 12.8852 1.66665
      vertex -1.75949 12.8784 1.77854
      vertex 0 14.7 2.25
    endloop
  endfacet
  facet normal -0.703941 0.706917 -0.0688147
    outer loop
      vertex -1.81508 12.8693 2.01104
      vertex -1.82913 12.8669 2.13011
      vertex 0 14.7 2.25
    endloop
  endfacet
  facet normal -0.373441 0.706909 -0.600684
    outer loop
      vertex -0.864626 12.9707 0.752424
      vertex -0.966283 12.9607 0.803855
      vertex 0 14.7 2.25
    endloop
  endfacet
  facet normal -0.516155 0.706911 -0.483592
    outer loop
      vertex -1.24957 12.9328 1.00043
      vertex -1.33495 12.9244 1.07928
      vertex 0 14.7 2.25
    endloop
  endfacet
  facet normal -0.291862 0.706912 -0.644277
    outer loop
      vertex -0.658816 12.9784 0.659479
      vertex -0.762937 12.975 0.702916
      vertex 0 14.7 2.25
    endloop
  endfacet
  facet normal -0.160609 0.706923 -0.688814
    outer loop
      vertex -0.333785 12.9891 0.571948
      vertex -0.443752 12.9855 0.593894
      vertex 0 14.7 2.25
    endloop
  endfacet
  facet normal 0.115035 0.70692 0.697877
    outer loop
      vertex 0.333785 12.9891 3.92805
      vertex 0 14.7 2.25
      vertex 0.222846 12.9927 3.94269
    endloop
  endfacet
  facet normal 0.249213 0.706912 0.661943
    outer loop
      vertex 0.658816 12.9784 3.84052
      vertex 0 14.7 2.25
      vertex 0.552258 12.9819 3.8769
    endloop
  endfacet
  facet normal 0.373436 0.70691 0.600686
    outer loop
      vertex 0.966283 12.9607 3.69615
      vertex 0 14.7 2.25
      vertex 0.864626 12.9707 3.74758
    endloop
  endfacet
  facet normal 0.448634 0.70691 0.546814
    outer loop
      vertex 1.15931 12.9417 3.57194
      vertex 0 14.7 2.25
      vertex 1.0647 12.951 3.63754
    endloop
  endfacet
  facet normal 0.574964 0.706927 0.411911
    outer loop
      vertex 1.48895 12.9093 3.24488
      vertex 0 14.7 2.25
      vertex 1.41491 12.9166 3.3357
    endloop
  endfacet
  facet normal 0.623799 0.706918 0.333379
    outer loop
      vertex 1.61742 12.8966 3.04762
      vertex 0 14.7 2.25
      vertex 1.5566 12.9026 3.1487
    endloop
  endfacet
  facet normal 0.676901 0.706912 0.205136
    outer loop
      vertex 1.75949 12.8784 2.72145
      vertex 0 14.7 2.25
      vertex 1.71848 12.8852 2.83334
    endloop
  endfacet
  facet normal 0.703941 0.706917 0.0688147
    outer loop
      vertex 1.82913 12.8669 2.36989
      vertex 0 14.7 2.25
      vertex 1.81508 12.8693 2.48896
    endloop
  endfacet
  facet normal 0.697799 0.706921 -0.1155
    outer loop
      vertex 1.79179 12.8731 1.89359
      vertex 0 14.7 2.25
      vertex 1.81508 12.8693 2.01104
    endloop
  endfacet
  facet normal 0.662075 0.706921 -0.248836
    outer loop
      vertex 1.69684 12.8888 1.6193
      vertex 0 14.7 2.25
      vertex 1.71848 12.8852 1.66665
    endloop
  endfacet
  facet normal 0.661778 0.706919 -0.249628
    outer loop
      vertex 0 14.7 2.25
      vertex 1.69684 12.8888 1.6193
      vertex 1.67099 12.8913 1.55785
    endloop
  endfacet
  facet normal 0.600753 0.706922 -0.373306
    outer loop
      vertex 1.48895 12.9093 1.25512
      vertex 0 14.7 2.25
      vertex 1.5566 12.9026 1.3513
    endloop
  endfacet
  facet normal 0.546444 0.706921 -0.449067
    outer loop
      vertex 1.33495 12.9244 1.07928
      vertex 0 14.7 2.25
      vertex 1.41491 12.9166 1.1643
    endloop
  endfacet
  facet normal 0.412014 0.70691 -0.574912
    outer loop
      vertex 0.966283 12.9607 0.803855
      vertex 0 14.7 2.25
      vertex 1.0647 12.951 0.862459
    endloop
  endfacet
  facet normal 0.336704 0.706964 -0.621959
    outer loop
      vertex 0.85024 12.9722 0.746341
      vertex 0 14.7 2.25
      vertex 0.864626 12.9707 0.752424
    endloop
  endfacet
  facet normal 0.333042 0.706919 -0.623977
    outer loop
      vertex 0 14.7 2.25
      vertex 0.85024 12.9722 0.746341
      vertex 0.762937 12.975 0.702916
    endloop
  endfacet
  facet normal 0.205606 0.706918 -0.676752
    outer loop
      vertex 0.443752 12.9855 0.593894
      vertex 0 14.7 2.25
      vertex 0.552258 12.9819 0.623099
    endloop
  endfacet
  facet normal 0.0696584 0.706922 -0.703853
    outer loop
      vertex 0.111424 12.9964 0.55
      vertex 0 14.7 2.25
      vertex 0.222846 12.9927 0.557311
    endloop
  endfacet
  facet normal -0.703941 0.706917 0.0688147
    outer loop
      vertex 0 14.7 2.25
      vertex -1.82913 12.8669 2.36989
      vertex -1.81508 12.8693 2.48896
    endloop
  endfacet
  facet normal -0.676901 0.706912 0.205136
    outer loop
      vertex 0 14.7 2.25
      vertex -1.75949 12.8784 2.72145
      vertex -1.71848 12.8852 2.83334
    endloop
  endfacet
  facet normal -0.623799 0.706918 0.333379
    outer loop
      vertex 0 14.7 2.25
      vertex -1.61742 12.8966 3.04762
      vertex -1.5566 12.9026 3.1487
    endloop
  endfacet
  facet normal -0.516155 0.706911 0.483592
    outer loop
      vertex 0 14.7 2.25
      vertex -1.33495 12.9244 3.42072
      vertex -1.24957 12.9328 3.49957
    endloop
  endfacet
  facet normal -0.448634 0.70691 0.546814
    outer loop
      vertex 0 14.7 2.25
      vertex -1.15931 12.9417 3.57194
      vertex -1.0647 12.951 3.63754
    endloop
  endfacet
  facet normal -0.291878 0.706911 0.64427
    outer loop
      vertex 0 14.7 2.25
      vertex -0.762937 12.975 3.79708
      vertex -0.658816 12.9784 3.84052
    endloop
  endfacet
  facet normal -0.160573 0.706923 0.688822
    outer loop
      vertex 0 14.7 2.25
      vertex -0.443752 12.9855 3.90611
      vertex -0.333785 12.9891 3.92805
    endloop
  endfacet
  facet normal -0.02284 0.706922 0.706922
    outer loop
      vertex 0 14.7 2.25
      vertex -0.111424 12.9964 3.95
      vertex 0 13 3.95
    endloop
  endfacet
  facet normal -0.600753 0.706922 -0.373306
    outer loop
      vertex -1.48895 12.9093 1.25512
      vertex -1.5566 12.9026 1.3513
      vertex 0 14.7 2.25
    endloop
  endfacet
  facet normal -0.688778 0.706913 -0.160807
    outer loop
      vertex -1.75949 12.8784 1.77854
      vertex -1.79179 12.8731 1.89359
      vertex 0 14.7 2.25
    endloop
  endfacet
  facet normal -0.706901 0.706917 -0.0236439
    outer loop
      vertex -1.82913 12.8669 2.13011
      vertex -1.83384 12.8662 2.25
      vertex 0 14.7 2.25
    endloop
  endfacet
  facet normal -0.412014 0.70691 -0.574912
    outer loop
      vertex -0.966283 12.9607 0.803855
      vertex -1.0647 12.951 0.862459
      vertex 0 14.7 2.25
    endloop
  endfacet
  facet normal -0.483574 0.706911 -0.516172
    outer loop
      vertex -1.15931 12.9417 0.928059
      vertex -1.24957 12.9328 1.00043
      vertex 0 14.7 2.25
    endloop
  endfacet
  facet normal -0.249213 0.706912 -0.661943
    outer loop
      vertex -0.552258 12.9819 0.623099
      vertex -0.658816 12.9784 0.659479
      vertex 0 14.7 2.25
    endloop
  endfacet
  facet normal -0.115016 0.70692 -0.69788
    outer loop
      vertex -0.222846 12.9927 0.557311
      vertex -0.333785 12.9891 0.571948
      vertex 0 14.7 2.25
    endloop
  endfacet
  facet normal -0.0696584 0.706922 -0.703853
    outer loop
      vertex -0.111424 12.9964 0.55
      vertex -0.222846 12.9927 0.557311
      vertex 0 14.7 2.25
    endloop
  endfacet
  facet normal 0.0696521 0.706922 0.703854
    outer loop
      vertex 0.222846 12.9927 3.94269
      vertex 0 14.7 2.25
      vertex 0.111424 12.9964 3.95
    endloop
  endfacet
  facet normal 0.205634 0.706918 0.676743
    outer loop
      vertex 0.552258 12.9819 3.8769
      vertex 0 14.7 2.25
      vertex 0.443752 12.9855 3.90611
    endloop
  endfacet
  facet normal 0.333014 0.706919 0.623993
    outer loop
      vertex 0.85024 12.9722 3.75366
      vertex 0 14.7 2.25
      vertex 0.762937 12.975 3.79708
    endloop
  endfacet
  facet normal 0.336598 0.706963 0.622017
    outer loop
      vertex 0 14.7 2.25
      vertex 0.85024 12.9722 3.75366
      vertex 0.864626 12.9707 3.74758
    endloop
  endfacet
  facet normal 0.483571 0.706911 0.516175
    outer loop
      vertex 1.24957 12.9328 3.49957
      vertex 0 14.7 2.25
      vertex 1.15931 12.9417 3.57194
    endloop
  endfacet
  facet normal 0.546444 0.706921 0.449067
    outer loop
      vertex 1.41491 12.9166 3.3357
      vertex 0 14.7 2.25
      vertex 1.33495 12.9244 3.42072
    endloop
  endfacet
  facet normal 0.644328 0.706914 0.291742
    outer loop
      vertex 1.67099 12.8913 2.94215
      vertex 0 14.7 2.25
      vertex 1.61742 12.8966 3.04762
    endloop
  endfacet
  facet normal 0.688775 0.706913 0.160821
    outer loop
      vertex 1.79179 12.8731 2.60641
      vertex 0 14.7 2.25
      vertex 1.75949 12.8784 2.72145
    endloop
  endfacet
  facet normal 0.706901 0.706917 0.0236439
    outer loop
      vertex 1.83384 12.8662 2.25
      vertex 0 14.7 2.25
      vertex 1.82913 12.8669 2.36989
    endloop
  endfacet
  facet normal 0.703941 0.706917 -0.0688147
    outer loop
      vertex 1.81508 12.8693 2.01104
      vertex 0 14.7 2.25
      vertex 1.82913 12.8669 2.13011
    endloop
  endfacet
  facet normal 0.6769 0.706913 -0.205136
    outer loop
      vertex 1.71848 12.8852 1.66665
      vertex 0 14.7 2.25
      vertex 1.75949 12.8784 1.77854
    endloop
  endfacet
  facet normal 0.623799 0.706918 -0.333379
    outer loop
      vertex 1.5566 12.9026 1.3513
      vertex 0 14.7 2.25
      vertex 1.61742 12.8966 1.45238
    endloop
  endfacet
  facet normal 0.516155 0.706911 -0.483592
    outer loop
      vertex 1.24957 12.9328 1.00043
      vertex 0 14.7 2.25
      vertex 1.33495 12.9244 1.07928
    endloop
  endfacet
  facet normal 0.448634 0.706911 -0.546814
    outer loop
      vertex 1.0647 12.951 0.862459
      vertex 0 14.7 2.25
      vertex 1.15931 12.9417 0.928059
    endloop
  endfacet
  facet normal 0.291862 0.706912 -0.644277
    outer loop
      vertex 0.658816 12.9784 0.659479
      vertex 0 14.7 2.25
      vertex 0.762937 12.975 0.702916
    endloop
  endfacet
  facet normal 0.160609 0.706923 -0.688814
    outer loop
      vertex 0.333785 12.9891 0.571948
      vertex 0 14.7 2.25
      vertex 0.443752 12.9855 0.593894
    endloop
  endfacet
  facet normal 0.02284 0.706922 -0.706922
    outer loop
      vertex 0.111424 12.9964 0.55
      vertex 0 13 0.55
      vertex 0 14.7 2.25
    endloop
  endfacet
  facet normal 0 0 1
    outer loop
      vertex 2.01712 -3.26593 4.5
      vertex 1.69684 -12.8888 4.5
      vertex 2.53617 -12.7502 4.5
    endloop
  endfacet
  facet normal -0 0 1
    outer loop
      vertex 0.631042 -3.26593 4.5
      vertex 1.69684 -12.8888 4.5
      vertex 2.01712 -3.26593 4.5
    endloop
  endfacet
  facet normal 0 0 1
    outer loop
      vertex 1.69684 -12.8888 4.5
      vertex 0.631042 -3.26593 4.5
      vertex 0.85024 -12.9722 4.5
    endloop
  endfacet
  facet normal 0 0 1
    outer loop
      vertex -3.10477 -3.26593 4.5
      vertex 0.631042 -3.26593 4.5
      vertex 0.0376587 -1.55702 4.5
    endloop
  endfacet
  facet normal 0 -0 1
    outer loop
      vertex -1.69684 -12.8888 4.5
      vertex 0.631042 -3.26593 4.5
      vertex -3.10477 -3.26593 4.5
    endloop
  endfacet
  facet normal 0 0 1
    outer loop
      vertex 0.631042 -3.26593 4.5
      vertex 0 -13 4.5
      vertex 0.85024 -12.9722 4.5
    endloop
  endfacet
  facet normal 0 0 1
    outer loop
      vertex 0.631042 -3.26593 4.5
      vertex -0.85024 -12.9722 4.5
      vertex 0 -13 4.5
    endloop
  endfacet
  facet normal 0 0 1
    outer loop
      vertex -3.10477 -3.26593 4.5
      vertex 0.0376587 -1.55702 4.5
      vertex -2.51137 -1.55702 4.5
    endloop
  endfacet
  facet normal 0 0 1
    outer loop
      vertex 0.631042 -3.26593 4.5
      vertex -1.69684 -12.8888 4.5
      vertex -0.85024 -12.9722 4.5
    endloop
  endfacet
  facet normal 0 0 1
    outer loop
      vertex -1.69684 -12.8888 4.5
      vertex -3.10477 -3.26593 4.5
      vertex -2.53617 -12.7502 4.5
    endloop
  endfacet
  facet normal 0 0 1
    outer loop
      vertex -3.10477 -3.26593 4.5
      vertex -3.36465 -12.557 4.5
      vertex -2.53617 -12.7502 4.5
    endloop
  endfacet
  facet normal 0 0 1
    outer loop
      vertex -3.10477 -3.26593 4.5
      vertex -4.17871 -12.3101 4.5
      vertex -3.36465 -12.557 4.5
    endloop
  endfacet
  facet normal 0 0 1
    outer loop
      vertex -5.74975 -11.6593 4.5
      vertex -3.10477 -3.26593 4.5
      vertex -4.50511 -3.26593 4.5
    endloop
  endfacet
  facet normal 0 0 1
    outer loop
      vertex -3.10477 -3.26593 4.5
      vertex -4.97488 -12.0104 4.5
      vertex -4.17871 -12.3101 4.5
    endloop
  endfacet
  facet normal -0 0 1
    outer loop
      vertex -6.5 11.2583 4.5
      vertex -2.0652 3.42241 4.5
      vertex -5.74975 11.6593 4.5
    endloop
  endfacet
  facet normal -0 0 1
    outer loop
      vertex -7.22241 10.8091 4.5
      vertex -2.0652 3.42241 4.5
      vertex -6.5 11.2583 4.5
    endloop
  endfacet
  facet normal 0 0 1
    outer loop
      vertex -3.10477 -3.26593 4.5
      vertex -5.74975 -11.6593 4.5
      vertex -4.97488 -12.0104 4.5
    endloop
  endfacet
  facet normal -0 0 1
    outer loop
      vertex -7.9139 10.3136 4.5
      vertex -2.0652 3.42241 4.5
      vertex -7.22241 10.8091 4.5
    endloop
  endfacet
  facet normal 0 0 1
    outer loop
      vertex -4.50511 -3.26593 4.5
      vertex -6.5 -11.2583 4.5
      vertex -5.74975 -11.6593 4.5
    endloop
  endfacet
  facet normal -0 0 1
    outer loop
      vertex -8.5715 9.77392 4.5
      vertex -2.0652 3.42241 4.5
      vertex -7.9139 10.3136 4.5
    endloop
  endfacet
  facet normal 0 0 1
    outer loop
      vertex -4.50511 -3.26593 4.5
      vertex -7.22241 -10.8091 4.5
      vertex -6.5 -11.2583 4.5
    endloop
  endfacet
  facet normal -0 0 1
    outer loop
      vertex -9.19239 9.19239 4.5
      vertex -2.0652 3.42241 4.5
      vertex -8.5715 9.77392 4.5
    endloop
  endfacet
  facet normal 0 0 1
    outer loop
      vertex -4.50511 -3.26593 4.5
      vertex -7.9139 -10.3136 4.5
      vertex -7.22241 -10.8091 4.5
    endloop
  endfacet
  facet normal -0 0 1
    outer loop
      vertex -9.77392 8.5715 4.5
      vertex -2.0652 3.42241 4.5
      vertex -9.19239 9.19239 4.5
    endloop
  endfacet
  facet normal 0 0 1
    outer loop
      vertex -4.50511 -3.26593 4.5
      vertex -8.5715 -9.77392 4.5
      vertex -7.9139 -10.3136 4.5
    endloop
  endfacet
  facet normal -0 0 1
    outer loop
      vertex -10.3136 7.9139 4.5
      vertex -2.0652 3.42241 4.5
      vertex -9.77392 8.5715 4.5
    endloop
  endfacet
  facet normal 0 0 1
    outer loop
      vertex -4.50511 -3.26593 4.5
      vertex -9.19239 -9.19239 4.5
      vertex -8.5715 -9.77392 4.5
    endloop
  endfacet
  facet normal -0 0 1
    outer loop
      vertex -10.8091 7.22241 4.5
      vertex -2.0652 3.42241 4.5
      vertex -10.3136 7.9139 4.5
    endloop
  endfacet
  facet normal 0 0 1
    outer loop
      vertex -4.50511 -3.26593 4.5
      vertex -9.77392 -8.5715 4.5
      vertex -9.19239 -9.19239 4.5
    endloop
  endfacet
  facet normal -0 0 1
    outer loop
      vertex -11.2583 6.5 4.5
      vertex -2.0652 3.42241 4.5
      vertex -10.8091 7.22241 4.5
    endloop
  endfacet
  facet normal 0 0 1
    outer loop
      vertex -4.50511 -3.26593 4.5
      vertex -10.3136 -7.9139 4.5
      vertex -9.77392 -8.5715 4.5
    endloop
  endfacet
  facet normal -0 0 1
    outer loop
      vertex -11.6593 5.74975 4.5
      vertex -2.0652 3.42241 4.5
      vertex -11.2583 6.5 4.5
    endloop
  endfacet
  facet normal 0 0 1
    outer loop
      vertex -4.50511 -3.26593 4.5
      vertex -10.8091 -7.22241 4.5
      vertex -10.3136 -7.9139 4.5
    endloop
  endfacet
  facet normal -0 0 1
    outer loop
      vertex -12.0104 4.97488 4.5
      vertex -2.0652 3.42241 4.5
      vertex -11.6593 5.74975 4.5
    endloop
  endfacet
  facet normal 0 0 1
    outer loop
      vertex -4.50511 -3.26593 4.5
      vertex -11.2583 -6.5 4.5
      vertex -10.8091 -7.22241 4.5
    endloop
  endfacet
  facet normal -0 0 1
    outer loop
      vertex -12.3101 4.17871 4.5
      vertex -2.0652 3.42241 4.5
      vertex -12.0104 4.97488 4.5
    endloop
  endfacet
  facet normal 0 0 1
    outer loop
      vertex -4.50511 -3.26593 4.5
      vertex -11.6593 -5.74975 4.5
      vertex -11.2583 -6.5 4.5
    endloop
  endfacet
  facet normal 0 0 1
    outer loop
      vertex -12.557 3.36465 4.5
      vertex -2.0652 3.42241 4.5
      vertex -12.3101 4.17871 4.5
    endloop
  endfacet
  facet normal 0 0 1
    outer loop
      vertex -4.50511 -3.26593 4.5
      vertex -12.0104 -4.97488 4.5
      vertex -11.6593 -5.74975 4.5
    endloop
  endfacet
  facet normal 0 0 1
    outer loop
      vertex -12.7502 2.53617 4.5
      vertex -2.0652 3.42241 4.5
      vertex -12.557 3.36465 4.5
    endloop
  endfacet
  facet normal 0 0 1
    outer loop
      vertex -4.50511 -3.26593 4.5
      vertex -12.3101 -4.17871 4.5
      vertex -12.0104 -4.97488 4.5
    endloop
  endfacet
  facet normal 0 0 1
    outer loop
      vertex -2.0652 3.42241 4.5
      vertex -12.7502 2.53617 4.5
      vertex -4.50511 -3.26593 4.5
    endloop
  endfacet
  facet normal 0 0 1
    outer loop
      vertex -4.50511 -3.26593 4.5
      vertex -12.557 -3.36465 4.5
      vertex -12.3101 -4.17871 4.5
    endloop
  endfacet
  facet normal -0 0 1
    outer loop
      vertex -12.8888 1.69684 4.5
      vertex -4.50511 -3.26593 4.5
      vertex -12.7502 2.53617 4.5
    endloop
  endfacet
  facet normal 0 0 1
    outer loop
      vertex -4.50511 -3.26593 4.5
      vertex -12.7502 -2.53617 4.5
      vertex -12.557 -3.36465 4.5
    endloop
  endfacet
  facet normal -0 0 1
    outer loop
      vertex -12.9722 0.85024 4.5
      vertex -4.50511 -3.26593 4.5
      vertex -12.8888 1.69684 4.5
    endloop
  endfacet
  facet normal 0 0 1
    outer loop
      vertex -4.50511 -3.26593 4.5
      vertex -12.8888 -1.69684 4.5
      vertex -12.7502 -2.53617 4.5
    endloop
  endfacet
  facet normal -0 0 1
    outer loop
      vertex -13 0 4.5
      vertex -4.50511 -3.26593 4.5
      vertex -12.9722 0.85024 4.5
    endloop
  endfacet
  facet normal 0 0 1
    outer loop
      vertex -4.50511 -3.26593 4.5
      vertex -12.9722 -0.85024 4.5
      vertex -12.8888 -1.69684 4.5
    endloop
  endfacet
  facet normal 0 0 1
    outer loop
      vertex -4.50511 -3.26593 4.5
      vertex -13 0 4.5
      vertex -12.9722 -0.85024 4.5
    endloop
  endfacet
  facet normal 0 0 1
    outer loop
      vertex 4.15997 3.42241 4.5
      vertex 13 0 4.5
      vertex 12.9722 0.85024 4.5
    endloop
  endfacet
  facet normal 0 0 1
    outer loop
      vertex 4.15997 3.42241 4.5
      vertex 12.9722 0.85024 4.5
      vertex 12.8888 1.69684 4.5
    endloop
  endfacet
  facet normal 0 0 1
    outer loop
      vertex 13 0 4.5
      vertex 4.15997 3.42241 4.5
      vertex 4.15997 -3.26593 4.5
    endloop
  endfacet
  facet normal 0 0 1
    outer loop
      vertex 4.15997 3.42241 4.5
      vertex 12.8888 1.69684 4.5
      vertex 12.7502 2.53617 4.5
    endloop
  endfacet
  facet normal 0 0 1
    outer loop
      vertex 13 0 4.5
      vertex 4.15997 -3.26593 4.5
      vertex 12.9722 -0.85024 4.5
    endloop
  endfacet
  facet normal 0 0 1
    outer loop
      vertex 4.15997 3.42241 4.5
      vertex 12.7502 2.53617 4.5
      vertex 12.557 3.36465 4.5
    endloop
  endfacet
  facet normal 0 0 1
    outer loop
      vertex 12.9722 -0.85024 4.5
      vertex 4.15997 -3.26593 4.5
      vertex 12.8888 -1.69684 4.5
    endloop
  endfacet
  facet normal -0 0 1
    outer loop
      vertex 4.15997 3.42241 4.5
      vertex 12.557 3.36465 4.5
      vertex 12.3101 4.17871 4.5
    endloop
  endfacet
  facet normal 0 0 1
    outer loop
      vertex 12.8888 -1.69684 4.5
      vertex 4.15997 -3.26593 4.5
      vertex 12.7502 -2.53617 4.5
    endloop
  endfacet
  facet normal 0 0 1
    outer loop
      vertex 4.15997 3.42241 4.5
      vertex 12.3101 4.17871 4.5
      vertex 12.0104 4.97488 4.5
    endloop
  endfacet
  facet normal 0 0 1
    outer loop
      vertex 12.7502 -2.53617 4.5
      vertex 4.15997 -3.26593 4.5
      vertex 12.557 -3.36465 4.5
    endloop
  endfacet
  facet normal 0 0 1
    outer loop
      vertex 4.15997 3.42241 4.5
      vertex 12.0104 4.97488 4.5
      vertex 11.6593 5.74975 4.5
    endloop
  endfacet
  facet normal 0 0 1
    outer loop
      vertex 12.557 -3.36465 4.5
      vertex 4.15997 -3.26593 4.5
      vertex 12.3101 -4.17871 4.5
    endloop
  endfacet
  facet normal 0 0 1
    outer loop
      vertex 4.15997 3.42241 4.5
      vertex 11.6593 5.74975 4.5
      vertex 11.2583 6.5 4.5
    endloop
  endfacet
  facet normal 0 0 1
    outer loop
      vertex 12.3101 -4.17871 4.5
      vertex 4.15997 -3.26593 4.5
      vertex 12.0104 -4.97488 4.5
    endloop
  endfacet
  facet normal 0 0 1
    outer loop
      vertex 4.15997 3.42241 4.5
      vertex 11.2583 6.5 4.5
      vertex 10.8091 7.22241 4.5
    endloop
  endfacet
  facet normal 0 0 1
    outer loop
      vertex 12.0104 -4.97488 4.5
      vertex 4.15997 -3.26593 4.5
      vertex 11.6593 -5.74975 4.5
    endloop
  endfacet
  facet normal 0 0 1
    outer loop
      vertex 4.15997 3.42241 4.5
      vertex 10.8091 7.22241 4.5
      vertex 10.3136 7.9139 4.5
    endloop
  endfacet
  facet normal 0 0 1
    outer loop
      vertex 11.6593 -5.74975 4.5
      vertex 4.15997 -3.26593 4.5
      vertex 11.2583 -6.5 4.5
    endloop
  endfacet
  facet normal 0 0 1
    outer loop
      vertex 4.15997 3.42241 4.5
      vertex 10.3136 7.9139 4.5
      vertex 9.77392 8.5715 4.5
    endloop
  endfacet
  facet normal 0 0 1
    outer loop
      vertex 11.2583 -6.5 4.5
      vertex 4.15997 -3.26593 4.5
      vertex 10.8091 -7.22241 4.5
    endloop
  endfacet
  facet normal 0 0 1
    outer loop
      vertex 4.15997 3.42241 4.5
      vertex 9.77392 8.5715 4.5
      vertex 9.19239 9.19239 4.5
    endloop
  endfacet
  facet normal 0 0 1
    outer loop
      vertex 10.8091 -7.22241 4.5
      vertex 4.15997 -3.26593 4.5
      vertex 10.3136 -7.9139 4.5
    endloop
  endfacet
  facet normal 0 0 1
    outer loop
      vertex 4.15997 3.42241 4.5
      vertex 9.19239 9.19239 4.5
      vertex 8.5715 9.77392 4.5
    endloop
  endfacet
  facet normal 0 0 1
    outer loop
      vertex 10.3136 -7.9139 4.5
      vertex 4.15997 -3.26593 4.5
      vertex 9.77392 -8.5715 4.5
    endloop
  endfacet
  facet normal 0 0 1
    outer loop
      vertex 4.15997 3.42241 4.5
      vertex 8.5715 9.77392 4.5
      vertex 7.9139 10.3136 4.5
    endloop
  endfacet
  facet normal 0 0 1
    outer loop
      vertex 9.77392 -8.5715 4.5
      vertex 4.15997 -3.26593 4.5
      vertex 9.19239 -9.19239 4.5
    endloop
  endfacet
  facet normal 0 0 1
    outer loop
      vertex 4.15997 3.42241 4.5
      vertex 7.9139 10.3136 4.5
      vertex 7.22241 10.8091 4.5
    endloop
  endfacet
  facet normal 0 0 1
    outer loop
      vertex 9.19239 -9.19239 4.5
      vertex 4.15997 -3.26593 4.5
      vertex 8.5715 -9.77392 4.5
    endloop
  endfacet
  facet normal 0 0 1
    outer loop
      vertex 4.15997 3.42241 4.5
      vertex 7.22241 10.8091 4.5
      vertex 6.5 11.2583 4.5
    endloop
  endfacet
  facet normal 0 0 1
    outer loop
      vertex 8.5715 -9.77392 4.5
      vertex 4.15997 -3.26593 4.5
      vertex 7.9139 -10.3136 4.5
    endloop
  endfacet
  facet normal 0 0 1
    outer loop
      vertex 4.15997 3.42241 4.5
      vertex 6.5 11.2583 4.5
      vertex 5.74975 11.6593 4.5
    endloop
  endfacet
  facet normal 0 0 1
    outer loop
      vertex 7.9139 -10.3136 4.5
      vertex 4.15997 -3.26593 4.5
      vertex 7.22241 -10.8091 4.5
    endloop
  endfacet
  facet normal 0 0 1
    outer loop
      vertex 4.15997 3.42241 4.5
      vertex 5.74975 11.6593 4.5
      vertex 4.97488 12.0104 4.5
    endloop
  endfacet
  facet normal 0 0 1
    outer loop
      vertex 7.22241 -10.8091 4.5
      vertex 4.15997 -3.26593 4.5
      vertex 6.5 -11.2583 4.5
    endloop
  endfacet
  facet normal 0 0 1
    outer loop
      vertex 2.75963 3.42241 4.5
      vertex 4.97488 12.0104 4.5
      vertex 4.17871 12.3101 4.5
    endloop
  endfacet
  facet normal 0 0 1
    outer loop
      vertex 6.5 -11.2583 4.5
      vertex 4.15997 -3.26593 4.5
      vertex 5.74975 -11.6593 4.5
    endloop
  endfacet
  facet normal 0 0 1
    outer loop
      vertex 5.74975 -11.6593 4.5
      vertex 4.15997 -3.26593 4.5
      vertex 4.97488 -12.0104 4.5
    endloop
  endfacet
  facet normal 0 0 1
    outer loop
      vertex 2.75963 3.42241 4.5
      vertex 4.17871 12.3101 4.5
      vertex 3.36465 12.557 4.5
    endloop
  endfacet
  facet normal 0 0 1
    outer loop
      vertex 4.97488 12.0104 4.5
      vertex 2.75963 3.42241 4.5
      vertex 4.15997 3.42241 4.5
    endloop
  endfacet
  facet normal 0 0 1
    outer loop
      vertex 1.69684 12.8888 4.5
      vertex 2.75963 3.42241 4.5
      vertex 2.53617 12.7502 4.5
    endloop
  endfacet
  facet normal 0 0 1
    outer loop
      vertex 2.53617 12.7502 4.5
      vertex 2.75963 3.42241 4.5
      vertex 3.36465 12.557 4.5
    endloop
  endfacet
  facet normal -0 0 1
    outer loop
      vertex 2.75963 -3.26593 4.5
      vertex 4.97488 -12.0104 4.5
      vertex 4.15997 -3.26593 4.5
    endloop
  endfacet
  facet normal 0 0 1
    outer loop
      vertex 4.97488 -12.0104 4.5
      vertex 2.75963 -3.26593 4.5
      vertex 4.17871 -12.3101 4.5
    endloop
  endfacet
  facet normal 0 0 1
    outer loop
      vertex 4.17871 -12.3101 4.5
      vertex 2.75963 -3.26593 4.5
      vertex 3.36465 -12.557 4.5
    endloop
  endfacet
  facet normal -0 0 1
    outer loop
      vertex 2.01712 -3.26593 4.5
      vertex 3.36465 -12.557 4.5
      vertex 2.75963 -3.26593 4.5
    endloop
  endfacet
  facet normal 0 -0 1
    outer loop
      vertex 2.01712 -3.26593 4.5
      vertex 2.75963 3.42241 4.5
      vertex -0.413269 3.42241 4.5
    endloop
  endfacet
  facet normal 0 0 1
    outer loop
      vertex 3.36465 -12.557 4.5
      vertex 2.01712 -3.26593 4.5
      vertex 2.53617 -12.7502 4.5
    endloop
  endfacet
  facet normal 0 0 1
    outer loop
      vertex 2.75963 3.42241 4.5
      vertex 1.69684 12.8888 4.5
      vertex -0.413269 3.42241 4.5
    endloop
  endfacet
  facet normal 0 0 1
    outer loop
      vertex -0.413269 3.42241 4.5
      vertex 1.69684 12.8888 4.5
      vertex 0.85024 12.9722 4.5
    endloop
  endfacet
  facet normal 0 0 1
    outer loop
      vertex -0.413269 3.42241 4.5
      vertex 0.85024 12.9722 4.5
      vertex 0 13 4.5
    endloop
  endfacet
  facet normal 0 0 1
    outer loop
      vertex 2.75963 3.42241 4.5
      vertex 2.01712 -3.26593 4.5
      vertex 2.75963 -3.26593 4.5
    endloop
  endfacet
  facet normal -0 0 1
    outer loop
      vertex -0.85024 12.9722 4.5
      vertex -0.413269 3.42241 4.5
      vertex 0 13 4.5
    endloop
  endfacet
  facet normal -0 0 1
    outer loop
      vertex -1.69684 12.8888 4.5
      vertex -0.413269 3.42241 4.5
      vertex -0.85024 12.9722 4.5
    endloop
  endfacet
  facet normal 0 0 1
    outer loop
      vertex -1.69684 12.8888 4.5
      vertex -2.0652 3.42241 4.5
      vertex -0.413269 3.42241 4.5
    endloop
  endfacet
  facet normal -0 0 1
    outer loop
      vertex -2.53617 12.7502 4.5
      vertex -2.0652 3.42241 4.5
      vertex -1.69684 12.8888 4.5
    endloop
  endfacet
  facet normal -0 0 1
    outer loop
      vertex -3.36465 12.557 4.5
      vertex -2.0652 3.42241 4.5
      vertex -2.53617 12.7502 4.5
    endloop
  endfacet
  facet normal -0 0 1
    outer loop
      vertex -4.17871 12.3101 4.5
      vertex -2.0652 3.42241 4.5
      vertex -3.36465 12.557 4.5
    endloop
  endfacet
  facet normal -0 0 1
    outer loop
      vertex -4.97488 12.0104 4.5
      vertex -2.0652 3.42241 4.5
      vertex -4.17871 12.3101 4.5
    endloop
  endfacet
  facet normal -0 0 1
    outer loop
      vertex -5.74975 11.6593 4.5
      vertex -2.0652 3.42241 4.5
      vertex -4.97488 12.0104 4.5
    endloop
  endfacet
  facet normal -0 0 1
    outer loop
      vertex -1.26768 2.28792 4.5
      vertex -1.13951 2.06476 4.5
      vertex -1.23926 2.39236 4.5
    endloop
  endfacet
  facet normal -0 0 1
    outer loop
      vertex -1.27512 2.26135 4.5
      vertex -1.13951 2.06476 4.5
      vertex -1.26768 2.28792 4.5
    endloop
  endfacet
  facet normal -0 0 1
    outer loop
      vertex -1.28276 2.23421 4.5
      vertex -1.13951 2.06476 4.5
      vertex -1.27512 2.26135 4.5
    endloop
  endfacet
  facet normal -0 0 1
    outer loop
      vertex -1.29063 2.20651 4.5
      vertex -1.13951 2.06476 4.5
      vertex -1.28276 2.23421 4.5
    endloop
  endfacet
  facet normal -0 0 1
    outer loop
      vertex -1.29872 2.17824 4.5
      vertex -1.13951 2.06476 4.5
      vertex -1.29063 2.20651 4.5
    endloop
  endfacet
  facet normal -0 0 1
    outer loop
      vertex -1.30704 2.14943 4.5
      vertex -1.13951 2.06476 4.5
      vertex -1.29872 2.17824 4.5
    endloop
  endfacet
  facet normal -0 0 1
    outer loop
      vertex -1.31558 2.12004 4.5
      vertex -1.13951 2.06476 4.5
      vertex -1.30704 2.14943 4.5
    endloop
  endfacet
  facet normal -0 0 1
    outer loop
      vertex -1.32436 2.09009 4.5
      vertex -1.13951 2.06476 4.5
      vertex -1.31558 2.12004 4.5
    endloop
  endfacet
  facet normal 0 0 1
    outer loop
      vertex -1.33334 2.05959 4.5
      vertex -1.13951 2.06476 4.5
      vertex -1.32436 2.09009 4.5
    endloop
  endfacet
  facet normal 0 0 1
    outer loop
      vertex -1.34256 2.02852 4.5
      vertex -1.13951 2.06476 4.5
      vertex -1.33334 2.05959 4.5
    endloop
  endfacet
  facet normal 0 0 1
    outer loop
      vertex -1.35199 1.9969 4.5
      vertex -1.13951 2.06476 4.5
      vertex -1.34256 2.02852 4.5
    endloop
  endfacet
  facet normal 0 0 1
    outer loop
      vertex -1.36165 1.96471 4.5
      vertex -1.13951 2.06476 4.5
      vertex -1.35199 1.9969 4.5
    endloop
  endfacet
  facet normal 0 0 1
    outer loop
      vertex -1.38164 1.89865 4.5
      vertex -1.13951 2.06476 4.5
      vertex -1.36165 1.96471 4.5
    endloop
  endfacet
  facet normal 0 0 1
    outer loop
      vertex -1.3959 1.85344 4.5
      vertex -1.13951 2.06476 4.5
      vertex -1.38164 1.89865 4.5
    endloop
  endfacet
  facet normal 0 0 1
    outer loop
      vertex -1.13951 2.06476 4.5
      vertex -1.3959 1.85344 4.5
      vertex -0.935471 1.41922 4.5
    endloop
  endfacet
  facet normal -0 0 1
    outer loop
      vertex -1.41826 1.78496 4.5
      vertex -0.935471 1.41922 4.5
      vertex -1.3959 1.85344 4.5
    endloop
  endfacet
  facet normal -0 0 1
    outer loop
      vertex -1.44872 1.69322 4.5
      vertex -0.935471 1.41922 4.5
      vertex -1.41826 1.78496 4.5
    endloop
  endfacet
  facet normal -0 0 1
    outer loop
      vertex -1.48724 1.57823 4.5
      vertex -0.935471 1.41922 4.5
      vertex -1.44872 1.69322 4.5
    endloop
  endfacet
  facet normal -0 0 1
    outer loop
      vertex -1.53387 1.43999 4.5
      vertex -0.935471 1.41922 4.5
      vertex -1.48724 1.57823 4.5
    endloop
  endfacet
  facet normal 0 0 1
    outer loop
      vertex -1.58859 1.27849 4.5
      vertex -0.935471 1.41922 4.5
      vertex -1.53387 1.43999 4.5
    endloop
  endfacet
  facet normal 0 0 1
    outer loop
      vertex -1.6514 1.09372 4.5
      vertex -0.935471 1.41922 4.5
      vertex -1.58859 1.27849 4.5
    endloop
  endfacet
  facet normal 0 0 1
    outer loop
      vertex -1.72229 0.885712 4.5
      vertex -0.935471 1.41922 4.5
      vertex -1.6514 1.09372 4.5
    endloop
  endfacet
  facet normal 0 0 1
    outer loop
      vertex -1.80128 0.654434 4.5
      vertex -0.935471 1.41922 4.5
      vertex -1.72229 0.885712 4.5
    endloop
  endfacet
  facet normal 0 0 1
    outer loop
      vertex -0.935471 1.41922 4.5
      vertex -1.80128 0.654434 4.5
      vertex -0.27565 -0.503235 4.5
    endloop
  endfacet
  facet normal -0 0 1
    outer loop
      vertex -1.88835 0.399887 4.5
      vertex -0.27565 -0.503235 4.5
      vertex -1.80128 0.654434 4.5
    endloop
  endfacet
  facet normal -0 0 1
    outer loop
      vertex -1.98352 0.122101 4.5
      vertex -0.27565 -0.503235 4.5
      vertex -1.88835 0.399887 4.5
    endloop
  endfacet
  facet normal -0 0 1
    outer loop
      vertex -2.08678 -0.17894 4.5
      vertex -0.27565 -0.503235 4.5
      vertex -1.98352 0.122101 4.5
    endloop
  endfacet
  facet normal 0 0 1
    outer loop
      vertex -0.27565 -0.503235 4.5
      vertex -2.08678 -0.17894 4.5
      vertex -2.19812 -0.503235 4.5
    endloop
  endfacet
  facet normal 0 0 -1
    outer loop
      vertex 12.9722 -0.85024 0
      vertex 12.9722 0.85024 0
      vertex 13 0 0
    endloop
  endfacet
  facet normal 0 0 -1
    outer loop
      vertex 12.8888 -1.69684 0
      vertex 12.9722 0.85024 0
      vertex 12.9722 -0.85024 0
    endloop
  endfacet
  facet normal 0 0 -1
    outer loop
      vertex 12.8888 -1.69684 0
      vertex 12.8888 1.69684 0
      vertex 12.9722 0.85024 0
    endloop
  endfacet
  facet normal 0 0 -1
    outer loop
      vertex 12.7502 -2.53617 0
      vertex 12.8888 1.69684 0
      vertex 12.8888 -1.69684 0
    endloop
  endfacet
  facet normal 0 0 -1
    outer loop
      vertex 12.7502 -2.53617 0
      vertex 12.7502 2.53617 0
      vertex 12.8888 1.69684 0
    endloop
  endfacet
  facet normal 0 0 -1
    outer loop
      vertex 12.557 -3.36465 0
      vertex 12.7502 2.53617 0
      vertex 12.7502 -2.53617 0
    endloop
  endfacet
  facet normal 0 0 -1
    outer loop
      vertex 12.557 -3.36465 0
      vertex 12.557 3.36465 0
      vertex 12.7502 2.53617 0
    endloop
  endfacet
  facet normal 0 0 -1
    outer loop
      vertex 12.3101 -4.17871 0
      vertex 12.557 3.36465 0
      vertex 12.557 -3.36465 0
    endloop
  endfacet
  facet normal 0 0 -1
    outer loop
      vertex 12.3101 -4.17871 0
      vertex 12.3101 4.17871 0
      vertex 12.557 3.36465 0
    endloop
  endfacet
  facet normal 0 0 -1
    outer loop
      vertex 12.0104 -4.97488 0
      vertex 12.3101 4.17871 0
      vertex 12.3101 -4.17871 0
    endloop
  endfacet
  facet normal 0 0 -1
    outer loop
      vertex 12.0104 -4.97488 0
      vertex 12.0104 4.97488 0
      vertex 12.3101 4.17871 0
    endloop
  endfacet
  facet normal 0 0 -1
    outer loop
      vertex 11.6593 -5.74975 0
      vertex 12.0104 4.97488 0
      vertex 12.0104 -4.97488 0
    endloop
  endfacet
  facet normal 0 0 -1
    outer loop
      vertex 11.6593 -5.74975 0
      vertex 11.6593 5.74975 0
      vertex 12.0104 4.97488 0
    endloop
  endfacet
  facet normal 0 0 -1
    outer loop
      vertex 11.2583 -6.5 0
      vertex 11.6593 5.74975 0
      vertex 11.6593 -5.74975 0
    endloop
  endfacet
  facet normal 0 0 -1
    outer loop
      vertex 11.2583 -6.5 0
      vertex 11.2583 6.5 0
      vertex 11.6593 5.74975 0
    endloop
  endfacet
  facet normal 0 0 -1
    outer loop
      vertex 10.8091 -7.22241 0
      vertex 11.2583 6.5 0
      vertex 11.2583 -6.5 0
    endloop
  endfacet
  facet normal 0 0 -1
    outer loop
      vertex 10.8091 -7.22241 0
      vertex 10.8091 7.22241 0
      vertex 11.2583 6.5 0
    endloop
  endfacet
  facet normal 0 0 -1
    outer loop
      vertex 10.3136 -7.9139 0
      vertex 10.8091 7.22241 0
      vertex 10.8091 -7.22241 0
    endloop
  endfacet
  facet normal 0 0 -1
    outer loop
      vertex 10.3136 -7.9139 0
      vertex 10.3136 7.9139 0
      vertex 10.8091 7.22241 0
    endloop
  endfacet
  facet normal 0 0 -1
    outer loop
      vertex 9.77392 -8.5715 0
      vertex 10.3136 7.9139 0
      vertex 10.3136 -7.9139 0
    endloop
  endfacet
  facet normal 0 0 -1
    outer loop
      vertex 9.77392 -8.5715 0
      vertex 9.77392 8.5715 0
      vertex 10.3136 7.9139 0
    endloop
  endfacet
  facet normal 0 0 -1
    outer loop
      vertex 9.19239 -9.19239 0
      vertex 9.77392 8.5715 0
      vertex 9.77392 -8.5715 0
    endloop
  endfacet
  facet normal 0 0 -1
    outer loop
      vertex 9.19239 -9.19239 0
      vertex 9.19239 9.19239 0
      vertex 9.77392 8.5715 0
    endloop
  endfacet
  facet normal 0 0 -1
    outer loop
      vertex 8.5715 -9.77392 0
      vertex 9.19239 9.19239 0
      vertex 9.19239 -9.19239 0
    endloop
  endfacet
  facet normal 0 0 -1
    outer loop
      vertex 8.5715 -9.77392 0
      vertex 8.5715 9.77392 0
      vertex 9.19239 9.19239 0
    endloop
  endfacet
  facet normal 0 0 -1
    outer loop
      vertex 7.9139 -10.3136 0
      vertex 8.5715 9.77392 0
      vertex 8.5715 -9.77392 0
    endloop
  endfacet
  facet normal 0 0 -1
    outer loop
      vertex 7.9139 -10.3136 0
      vertex 7.9139 10.3136 0
      vertex 8.5715 9.77392 0
    endloop
  endfacet
  facet normal 0 0 -1
    outer loop
      vertex 7.22241 -10.8091 0
      vertex 7.9139 10.3136 0
      vertex 7.9139 -10.3136 0
    endloop
  endfacet
  facet normal 0 0 -1
    outer loop
      vertex 7.22241 -10.8091 0
      vertex 7.22241 10.8091 0
      vertex 7.9139 10.3136 0
    endloop
  endfacet
  facet normal 0 0 -1
    outer loop
      vertex 6.5 -11.2583 0
      vertex 7.22241 10.8091 0
      vertex 7.22241 -10.8091 0
    endloop
  endfacet
  facet normal 0 0 -1
    outer loop
      vertex 6.5 -11.2583 0
      vertex 6.5 11.2583 0
      vertex 7.22241 10.8091 0
    endloop
  endfacet
  facet normal 0 0 -1
    outer loop
      vertex 5.74975 -11.6593 0
      vertex 6.5 11.2583 0
      vertex 6.5 -11.2583 0
    endloop
  endfacet
  facet normal 0 0 -1
    outer loop
      vertex 5.74975 -11.6593 0
      vertex 5.74975 11.6593 0
      vertex 6.5 11.2583 0
    endloop
  endfacet
  facet normal 0 0 -1
    outer loop
      vertex 4.97488 -12.0104 0
      vertex 5.74975 11.6593 0
      vertex 5.74975 -11.6593 0
    endloop
  endfacet
  facet normal 0 0 -1
    outer loop
      vertex 4.97488 -12.0104 0
      vertex 4.97488 12.0104 0
      vertex 5.74975 11.6593 0
    endloop
  endfacet
  facet normal 0 0 -1
    outer loop
      vertex 4.17871 -12.3101 0
      vertex 4.97488 12.0104 0
      vertex 4.97488 -12.0104 0
    endloop
  endfacet
  facet normal 0 0 -1
    outer loop
      vertex 4.17871 -12.3101 0
      vertex 4.17871 12.3101 0
      vertex 4.97488 12.0104 0
    endloop
  endfacet
  facet normal 0 0 -1
    outer loop
      vertex 3.36465 -12.557 0
      vertex 4.17871 12.3101 0
      vertex 4.17871 -12.3101 0
    endloop
  endfacet
  facet normal 0 0 -1
    outer loop
      vertex 3.36465 -12.557 0
      vertex 3.36465 12.557 0
      vertex 4.17871 12.3101 0
    endloop
  endfacet
  facet normal 0 0 -1
    outer loop
      vertex 2.53617 -12.7502 0
      vertex 3.36465 12.557 0
      vertex 3.36465 -12.557 0
    endloop
  endfacet
  facet normal 0 0 -1
    outer loop
      vertex 2.53617 -12.7502 0
      vertex 2.53617 12.7502 0
      vertex 3.36465 12.557 0
    endloop
  endfacet
  facet normal 0 0 -1
    outer loop
      vertex 1.69684 -12.8888 0
      vertex 2.53617 12.7502 0
      vertex 2.53617 -12.7502 0
    endloop
  endfacet
  facet normal 0 0 -1
    outer loop
      vertex 1.69684 -12.8888 0
      vertex 1.69684 12.8888 0
      vertex 2.53617 12.7502 0
    endloop
  endfacet
  facet normal 0 0 -1
    outer loop
      vertex 0.85024 -12.9722 0
      vertex 1.69684 12.8888 0
      vertex 1.69684 -12.8888 0
    endloop
  endfacet
  facet normal 0 0 -1
    outer loop
      vertex 0.85024 -12.9722 0
      vertex 0.85024 12.9722 0
      vertex 1.69684 12.8888 0
    endloop
  endfacet
  facet normal 0 0 -1
    outer loop
      vertex 0 -13 0
      vertex 0.85024 12.9722 0
      vertex 0.85024 -12.9722 0
    endloop
  endfacet
  facet normal 0 0 -1
    outer loop
      vertex 0 -13 0
      vertex 0 13 0
      vertex 0.85024 12.9722 0
    endloop
  endfacet
  facet normal 0 0 -1
    outer loop
      vertex -0.85024 -12.9722 0
      vertex 0 13 0
      vertex 0 -13 0
    endloop
  endfacet
  facet normal 0 0 -1
    outer loop
      vertex -0.85024 -12.9722 0
      vertex -0.85024 12.9722 0
      vertex 0 13 0
    endloop
  endfacet
  facet normal 0 0 -1
    outer loop
      vertex -1.69684 -12.8888 0
      vertex -0.85024 12.9722 0
      vertex -0.85024 -12.9722 0
    endloop
  endfacet
  facet normal 0 0 -1
    outer loop
      vertex -1.69684 -12.8888 0
      vertex -1.69684 12.8888 0
      vertex -0.85024 12.9722 0
    endloop
  endfacet
  facet normal 0 0 -1
    outer loop
      vertex -2.53617 -12.7502 0
      vertex -1.69684 12.8888 0
      vertex -1.69684 -12.8888 0
    endloop
  endfacet
  facet normal 0 0 -1
    outer loop
      vertex -2.53617 -12.7502 0
      vertex -2.53617 12.7502 0
      vertex -1.69684 12.8888 0
    endloop
  endfacet
  facet normal 0 0 -1
    outer loop
      vertex -3.36465 -12.557 0
      vertex -2.53617 12.7502 0
      vertex -2.53617 -12.7502 0
    endloop
  endfacet
  facet normal 0 0 -1
    outer loop
      vertex -3.36465 -12.557 0
      vertex -3.36465 12.557 0
      vertex -2.53617 12.7502 0
    endloop
  endfacet
  facet normal 0 0 -1
    outer loop
      vertex -4.17871 -12.3101 0
      vertex -3.36465 12.557 0
      vertex -3.36465 -12.557 0
    endloop
  endfacet
  facet normal 0 0 -1
    outer loop
      vertex -4.17871 -12.3101 0
      vertex -4.17871 12.3101 0
      vertex -3.36465 12.557 0
    endloop
  endfacet
  facet normal 0 0 -1
    outer loop
      vertex -4.97488 -12.0104 0
      vertex -4.17871 12.3101 0
      vertex -4.17871 -12.3101 0
    endloop
  endfacet
  facet normal 0 0 -1
    outer loop
      vertex -4.97488 -12.0104 0
      vertex -4.97488 12.0104 0
      vertex -4.17871 12.3101 0
    endloop
  endfacet
  facet normal 0 0 -1
    outer loop
      vertex -5.74975 -11.6593 0
      vertex -4.97488 12.0104 0
      vertex -4.97488 -12.0104 0
    endloop
  endfacet
  facet normal 0 0 -1
    outer loop
      vertex -5.74975 -11.6593 0
      vertex -5.74975 11.6593 0
      vertex -4.97488 12.0104 0
    endloop
  endfacet
  facet normal 0 0 -1
    outer loop
      vertex -6.5 -11.2583 0
      vertex -5.74975 11.6593 0
      vertex -5.74975 -11.6593 0
    endloop
  endfacet
  facet normal 0 0 -1
    outer loop
      vertex -6.5 -11.2583 0
      vertex -6.5 11.2583 0
      vertex -5.74975 11.6593 0
    endloop
  endfacet
  facet normal 0 0 -1
    outer loop
      vertex -7.22241 -10.8091 0
      vertex -6.5 11.2583 0
      vertex -6.5 -11.2583 0
    endloop
  endfacet
  facet normal 0 0 -1
    outer loop
      vertex -7.22241 -10.8091 0
      vertex -7.22241 10.8091 0
      vertex -6.5 11.2583 0
    endloop
  endfacet
  facet normal 0 0 -1
    outer loop
      vertex -7.9139 -10.3136 0
      vertex -7.22241 10.8091 0
      vertex -7.22241 -10.8091 0
    endloop
  endfacet
  facet normal 0 0 -1
    outer loop
      vertex -7.9139 -10.3136 0
      vertex -7.9139 10.3136 0
      vertex -7.22241 10.8091 0
    endloop
  endfacet
  facet normal 0 0 -1
    outer loop
      vertex -8.5715 -9.77392 0
      vertex -7.9139 10.3136 0
      vertex -7.9139 -10.3136 0
    endloop
  endfacet
  facet normal 0 0 -1
    outer loop
      vertex -8.5715 -9.77392 0
      vertex -8.5715 9.77392 0
      vertex -7.9139 10.3136 0
    endloop
  endfacet
  facet normal 0 0 -1
    outer loop
      vertex -9.19239 -9.19239 0
      vertex -8.5715 9.77392 0
      vertex -8.5715 -9.77392 0
    endloop
  endfacet
  facet normal 0 0 -1
    outer loop
      vertex -9.19239 -9.19239 0
      vertex -9.19239 9.19239 0
      vertex -8.5715 9.77392 0
    endloop
  endfacet
  facet normal 0 0 -1
    outer loop
      vertex -9.77392 -8.5715 0
      vertex -9.19239 9.19239 0
      vertex -9.19239 -9.19239 0
    endloop
  endfacet
  facet normal 0 0 -1
    outer loop
      vertex -9.77392 -8.5715 0
      vertex -9.77392 8.5715 0
      vertex -9.19239 9.19239 0
    endloop
  endfacet
  facet normal 0 0 -1
    outer loop
      vertex -10.3136 -7.9139 0
      vertex -9.77392 8.5715 0
      vertex -9.77392 -8.5715 0
    endloop
  endfacet
  facet normal 0 0 -1
    outer loop
      vertex -10.3136 -7.9139 0
      vertex -10.3136 7.9139 0
      vertex -9.77392 8.5715 0
    endloop
  endfacet
  facet normal 0 0 -1
    outer loop
      vertex -10.8091 -7.22241 0
      vertex -10.3136 7.9139 0
      vertex -10.3136 -7.9139 0
    endloop
  endfacet
  facet normal 0 0 -1
    outer loop
      vertex -10.8091 -7.22241 0
      vertex -10.8091 7.22241 0
      vertex -10.3136 7.9139 0
    endloop
  endfacet
  facet normal 0 0 -1
    outer loop
      vertex -11.2583 -6.5 0
      vertex -10.8091 7.22241 0
      vertex -10.8091 -7.22241 0
    endloop
  endfacet
  facet normal 0 0 -1
    outer loop
      vertex -11.2583 -6.5 0
      vertex -11.2583 6.5 0
      vertex -10.8091 7.22241 0
    endloop
  endfacet
  facet normal 0 0 -1
    outer loop
      vertex -11.6593 -5.74975 0
      vertex -11.2583 6.5 0
      vertex -11.2583 -6.5 0
    endloop
  endfacet
  facet normal 0 0 -1
    outer loop
      vertex -11.6593 -5.74975 0
      vertex -11.6593 5.74975 0
      vertex -11.2583 6.5 0
    endloop
  endfacet
  facet normal 0 0 -1
    outer loop
      vertex -12.0104 -4.97488 0
      vertex -11.6593 5.74975 0
      vertex -11.6593 -5.74975 0
    endloop
  endfacet
  facet normal 0 0 -1
    outer loop
      vertex -12.0104 -4.97488 0
      vertex -12.0104 4.97488 0
      vertex -11.6593 5.74975 0
    endloop
  endfacet
  facet normal 0 0 -1
    outer loop
      vertex -12.3101 -4.17871 0
      vertex -12.0104 4.97488 0
      vertex -12.0104 -4.97488 0
    endloop
  endfacet
  facet normal 0 0 -1
    outer loop
      vertex -12.3101 -4.17871 0
      vertex -12.3101 4.17871 0
      vertex -12.0104 4.97488 0
    endloop
  endfacet
  facet normal 0 0 -1
    outer loop
      vertex -12.557 -3.36465 0
      vertex -12.3101 4.17871 0
      vertex -12.3101 -4.17871 0
    endloop
  endfacet
  facet normal 0 0 -1
    outer loop
      vertex -12.557 -3.36465 0
      vertex -12.557 3.36465 0
      vertex -12.3101 4.17871 0
    endloop
  endfacet
  facet normal 0 0 -1
    outer loop
      vertex -12.7502 -2.53617 0
      vertex -12.557 3.36465 0
      vertex -12.557 -3.36465 0
    endloop
  endfacet
  facet normal 0 0 -1
    outer loop
      vertex -12.7502 -2.53617 0
      vertex -12.7502 2.53617 0
      vertex -12.557 3.36465 0
    endloop
  endfacet
  facet normal 0 0 -1
    outer loop
      vertex -12.8888 -1.69684 0
      vertex -12.7502 2.53617 0
      vertex -12.7502 -2.53617 0
    endloop
  endfacet
  facet normal 0 0 -1
    outer loop
      vertex -12.8888 -1.69684 0
      vertex -12.8888 1.69684 0
      vertex -12.7502 2.53617 0
    endloop
  endfacet
  facet normal 0 0 -1
    outer loop
      vertex -12.9722 -0.85024 0
      vertex -12.8888 1.69684 0
      vertex -12.8888 -1.69684 0
    endloop
  endfacet
  facet normal 0 0 -1
    outer loop
      vertex -12.9722 -0.85024 0
      vertex -12.9722 0.85024 0
      vertex -12.8888 1.69684 0
    endloop
  endfacet
  facet normal 0 -0 -1
    outer loop
      vertex -12.9722 0.85024 0
      vertex -12.9722 -0.85024 0
      vertex -13 0 0
    endloop
  endfacet
  facet normal 0.02284 -0.706922 -0.706922
    outer loop
      vertex 0.111424 -12.9964 0.55
      vertex 0 -14.7 2.25
      vertex 0 -13 0.55
    endloop
  endfacet
  facet normal -0.02284 -0.706922 0.706922
    outer loop
      vertex 0 -13 3.95
      vertex -0.111424 -12.9964 3.95
      vertex 0 -14.7 2.25
    endloop
  endfacet
  facet normal 0.706901 -0.706917 0.0236439
    outer loop
      vertex 1.82913 -12.8669 2.36989
      vertex 0 -14.7 2.25
      vertex 1.83384 -12.8662 2.25
    endloop
  endfacet
  facet normal -0.706901 -0.706917 -0.0236439
    outer loop
      vertex 0 -14.7 2.25
      vertex -1.83384 -12.8662 2.25
      vertex -1.82913 -12.8669 2.13011
    endloop
  endfacet
  facet normal 0.483571 -0.706911 0.516175
    outer loop
      vertex 1.15931 -12.9417 3.57194
      vertex 0 -14.7 2.25
      vertex 1.24957 -12.9328 3.49957
    endloop
  endfacet
  facet normal 0.546444 -0.706921 -0.449067
    outer loop
      vertex 1.41491 -12.9166 1.1643
      vertex 0 -14.7 2.25
      vertex 1.33495 -12.9244 1.07928
    endloop
  endfacet
  facet normal -0.516155 -0.706911 0.483592
    outer loop
      vertex -1.24957 -12.9328 3.49957
      vertex -1.33495 -12.9244 3.42072
      vertex 0 -14.7 2.25
    endloop
  endfacet
  facet normal -0.483574 -0.706911 -0.516172
    outer loop
      vertex 0 -14.7 2.25
      vertex -1.24957 -12.9328 1.00043
      vertex -1.15931 -12.9417 0.928059
    endloop
  endfacet
  facet normal 0.644328 -0.706914 0.291742
    outer loop
      vertex 1.61742 -12.8966 3.04762
      vertex 0 -14.7 2.25
      vertex 1.67099 -12.8913 2.94215
    endloop
  endfacet
  facet normal 0.249213 -0.706912 0.661943
    outer loop
      vertex 0.552258 -12.9819 3.8769
      vertex 0 -14.7 2.25
      vertex 0.658816 -12.9784 3.84052
    endloop
  endfacet
  facet normal 0.662075 -0.706921 -0.248836
    outer loop
      vertex 0 -14.7 2.25
      vertex 1.69684 -12.8888 1.6193
      vertex 1.71848 -12.8852 1.66665
    endloop
  endfacet
  facet normal 0.661778 -0.706919 -0.249628
    outer loop
      vertex 1.69684 -12.8888 1.6193
      vertex 0 -14.7 2.25
      vertex 1.67099 -12.8913 1.55785
    endloop
  endfacet
  facet normal 0.336704 -0.706964 -0.621959
    outer loop
      vertex 0 -14.7 2.25
      vertex 0.85024 -12.9722 0.746341
      vertex 0.864626 -12.9707 0.752424
    endloop
  endfacet
  facet normal 0.333042 -0.706919 -0.623977
    outer loop
      vertex 0.85024 -12.9722 0.746341
      vertex 0 -14.7 2.25
      vertex 0.762937 -12.975 0.702916
    endloop
  endfacet
  facet normal -0.291878 -0.706911 0.64427
    outer loop
      vertex -0.658816 -12.9784 3.84052
      vertex -0.762937 -12.975 3.79708
      vertex 0 -14.7 2.25
    endloop
  endfacet
  facet normal -0.661778 -0.706919 0.249628
    outer loop
      vertex -1.69684 -12.8888 2.8807
      vertex 0 -14.7 2.25
      vertex -1.67099 -12.8913 2.94215
    endloop
  endfacet
  facet normal -0.662092 -0.706921 0.248791
    outer loop
      vertex 0 -14.7 2.25
      vertex -1.69684 -12.8888 2.8807
      vertex -1.71848 -12.8852 2.83334
    endloop
  endfacet
  facet normal -0.644328 -0.706914 -0.291742
    outer loop
      vertex 0 -14.7 2.25
      vertex -1.67099 -12.8913 1.55785
      vertex -1.61742 -12.8966 1.45238
    endloop
  endfacet
  facet normal -0.249213 -0.706912 -0.661943
    outer loop
      vertex 0 -14.7 2.25
      vertex -0.658816 -12.9784 0.659479
      vertex -0.552258 -12.9819 0.623099
    endloop
  endfacet
  facet normal 0.688775 -0.706913 0.160821
    outer loop
      vertex 1.75949 -12.8784 2.72145
      vertex 0 -14.7 2.25
      vertex 1.79179 -12.8731 2.60641
    endloop
  endfacet
  facet normal 0.574964 -0.706927 0.411911
    outer loop
      vertex 1.41491 -12.9166 3.3357
      vertex 0 -14.7 2.25
      vertex 1.48895 -12.9093 3.24488
    endloop
  endfacet
  facet normal 0.373436 -0.70691 0.600686
    outer loop
      vertex 0.864626 -12.9707 3.74758
      vertex 0 -14.7 2.25
      vertex 0.966283 -12.9607 3.69615
    endloop
  endfacet
  facet normal 0.115035 -0.70692 0.697877
    outer loop
      vertex 0.222846 -12.9927 3.94269
      vertex 0 -14.7 2.25
      vertex 0.333785 -12.9891 3.92805
    endloop
  endfacet
  facet normal 0.623799 -0.706918 -0.333379
    outer loop
      vertex 1.61742 -12.8966 1.45238
      vertex 0 -14.7 2.25
      vertex 1.5566 -12.9026 1.3513
    endloop
  endfacet
  facet normal 0.697799 -0.706921 -0.1155
    outer loop
      vertex 1.81508 -12.8693 2.01104
      vertex 0 -14.7 2.25
      vertex 1.79179 -12.8731 1.89359
    endloop
  endfacet
  facet normal 0.448634 -0.706911 -0.546814
    outer loop
      vertex 1.15931 -12.9417 0.928059
      vertex 0 -14.7 2.25
      vertex 1.0647 -12.951 0.862459
    endloop
  endfacet
  facet normal 0.205606 -0.706918 -0.676752
    outer loop
      vertex 0.552258 -12.9819 0.623099
      vertex 0 -14.7 2.25
      vertex 0.443752 -12.9855 0.593894
    endloop
  endfacet
  facet normal -0.160573 -0.706923 0.688822
    outer loop
      vertex -0.333785 -12.9891 3.92805
      vertex -0.443752 -12.9855 3.90611
      vertex 0 -14.7 2.25
    endloop
  endfacet
  facet normal -0.412038 -0.70691 0.574894
    outer loop
      vertex -0.966283 -12.9607 3.69615
      vertex -1.0647 -12.951 3.63754
      vertex 0 -14.7 2.25
    endloop
  endfacet
  facet normal -0.600753 -0.706922 0.373306
    outer loop
      vertex -1.48895 -12.9093 3.24488
      vertex -1.5566 -12.9026 3.1487
      vertex 0 -14.7 2.25
    endloop
  endfacet
  facet normal -0.697799 -0.706921 0.1155
    outer loop
      vertex -1.79179 -12.8731 2.60641
      vertex -1.81508 -12.8693 2.48896
      vertex 0 -14.7 2.25
    endloop
  endfacet
  facet normal -0.688778 -0.706913 -0.160807
    outer loop
      vertex 0 -14.7 2.25
      vertex -1.79179 -12.8731 1.89359
      vertex -1.75949 -12.8784 1.77854
    endloop
  endfacet
  facet normal -0.574964 -0.706927 -0.411911
    outer loop
      vertex 0 -14.7 2.25
      vertex -1.48895 -12.9093 1.25512
      vertex -1.41491 -12.9166 1.1643
    endloop
  endfacet
  facet normal -0.373441 -0.706909 -0.600684
    outer loop
      vertex 0 -14.7 2.25
      vertex -0.966283 -12.9607 0.803855
      vertex -0.864626 -12.9707 0.752424
    endloop
  endfacet
  facet normal -0.115016 -0.70692 -0.69788
    outer loop
      vertex 0 -14.7 2.25
      vertex -0.333785 -12.9891 0.571948
      vertex -0.222846 -12.9927 0.557311
    endloop
  endfacet
  facet normal 0.697799 -0.706921 0.1155
    outer loop
      vertex 1.79179 -12.8731 2.60641
      vertex 0 -14.7 2.25
      vertex 1.81508 -12.8693 2.48896
    endloop
  endfacet
  facet normal 0.662092 -0.706921 0.248791
    outer loop
      vertex 1.69684 -12.8888 2.8807
      vertex 0 -14.7 2.25
      vertex 1.71848 -12.8852 2.83334
    endloop
  endfacet
  facet normal 0.661778 -0.706919 0.249628
    outer loop
      vertex 0 -14.7 2.25
      vertex 1.69684 -12.8888 2.8807
      vertex 1.67099 -12.8913 2.94215
    endloop
  endfacet
  facet normal 0.600753 -0.706922 0.373306
    outer loop
      vertex 1.48895 -12.9093 3.24488
      vertex 0 -14.7 2.25
      vertex 1.5566 -12.9026 3.1487
    endloop
  endfacet
  facet normal 0.546444 -0.706921 0.449067
    outer loop
      vertex 1.33495 -12.9244 3.42072
      vertex 0 -14.7 2.25
      vertex 1.41491 -12.9166 3.3357
    endloop
  endfacet
  facet normal 0.412038 -0.70691 0.574894
    outer loop
      vertex 0.966283 -12.9607 3.69615
      vertex 0 -14.7 2.25
      vertex 1.0647 -12.951 3.63754
    endloop
  endfacet
  facet normal 0.336598 -0.706963 0.622017
    outer loop
      vertex 0.85024 -12.9722 3.75366
      vertex 0 -14.7 2.25
      vertex 0.864626 -12.9707 3.74758
    endloop
  endfacet
  facet normal 0.333014 -0.706919 0.623993
    outer loop
      vertex 0 -14.7 2.25
      vertex 0.85024 -12.9722 3.75366
      vertex 0.762937 -12.975 3.79708
    endloop
  endfacet
  facet normal 0.205634 -0.706918 0.676743
    outer loop
      vertex 0.443752 -12.9855 3.90611
      vertex 0 -14.7 2.25
      vertex 0.552258 -12.9819 3.8769
    endloop
  endfacet
  facet normal 0.0696521 -0.706922 0.703854
    outer loop
      vertex 0.111424 -12.9964 3.95
      vertex 0 -14.7 2.25
      vertex 0.222846 -12.9927 3.94269
    endloop
  endfacet
  facet normal 0.574964 -0.706927 -0.411911
    outer loop
      vertex 1.48895 -12.9093 1.25512
      vertex 0 -14.7 2.25
      vertex 1.41491 -12.9166 1.1643
    endloop
  endfacet
  facet normal 0.644328 -0.706914 -0.291742
    outer loop
      vertex 1.67099 -12.8913 1.55785
      vertex 0 -14.7 2.25
      vertex 1.61742 -12.8966 1.45238
    endloop
  endfacet
  facet normal 0.6769 -0.706913 -0.205136
    outer loop
      vertex 1.75949 -12.8784 1.77854
      vertex 0 -14.7 2.25
      vertex 1.71848 -12.8852 1.66665
    endloop
  endfacet
  facet normal 0.703941 -0.706917 -0.0688147
    outer loop
      vertex 1.82913 -12.8669 2.13011
      vertex 0 -14.7 2.25
      vertex 1.81508 -12.8693 2.01104
    endloop
  endfacet
  facet normal 0.373441 -0.706909 -0.600684
    outer loop
      vertex 0.966283 -12.9607 0.803855
      vertex 0 -14.7 2.25
      vertex 0.864626 -12.9707 0.752424
    endloop
  endfacet
  facet normal 0.516155 -0.706911 -0.483592
    outer loop
      vertex 1.33495 -12.9244 1.07928
      vertex 0 -14.7 2.25
      vertex 1.24957 -12.9328 1.00043
    endloop
  endfacet
  facet normal 0.291862 -0.706912 -0.644277
    outer loop
      vertex 0.762937 -12.975 0.702916
      vertex 0 -14.7 2.25
      vertex 0.658816 -12.9784 0.659479
    endloop
  endfacet
  facet normal 0.160609 -0.706923 -0.688814
    outer loop
      vertex 0.443752 -12.9855 0.593894
      vertex 0 -14.7 2.25
      vertex 0.333785 -12.9891 0.571948
    endloop
  endfacet
  facet normal -0.115035 -0.70692 0.697877
    outer loop
      vertex -0.222846 -12.9927 3.94269
      vertex -0.333785 -12.9891 3.92805
      vertex 0 -14.7 2.25
    endloop
  endfacet
  facet normal -0.249213 -0.706912 0.661943
    outer loop
      vertex -0.552258 -12.9819 3.8769
      vertex -0.658816 -12.9784 3.84052
      vertex 0 -14.7 2.25
    endloop
  endfacet
  facet normal -0.373436 -0.70691 0.600686
    outer loop
      vertex -0.864626 -12.9707 3.74758
      vertex -0.966283 -12.9607 3.69615
      vertex 0 -14.7 2.25
    endloop
  endfacet
  facet normal -0.448634 -0.70691 0.546814
    outer loop
      vertex -1.0647 -12.951 3.63754
      vertex -1.15931 -12.9417 3.57194
      vertex 0 -14.7 2.25
    endloop
  endfacet
  facet normal -0.574964 -0.706927 0.411911
    outer loop
      vertex -1.41491 -12.9166 3.3357
      vertex -1.48895 -12.9093 3.24488
      vertex 0 -14.7 2.25
    endloop
  endfacet
  facet normal -0.623799 -0.706918 0.333379
    outer loop
      vertex -1.5566 -12.9026 3.1487
      vertex -1.61742 -12.8966 3.04762
      vertex 0 -14.7 2.25
    endloop
  endfacet
  facet normal -0.676901 -0.706912 0.205136
    outer loop
      vertex -1.71848 -12.8852 2.83334
      vertex -1.75949 -12.8784 2.72145
      vertex 0 -14.7 2.25
    endloop
  endfacet
  facet normal -0.703941 -0.706917 0.0688147
    outer loop
      vertex -1.81508 -12.8693 2.48896
      vertex -1.82913 -12.8669 2.36989
      vertex 0 -14.7 2.25
    endloop
  endfacet
  facet normal -0.697799 -0.706921 -0.1155
    outer loop
      vertex 0 -14.7 2.25
      vertex -1.81508 -12.8693 2.01104
      vertex -1.79179 -12.8731 1.89359
    endloop
  endfacet
  facet normal -0.662075 -0.706921 -0.248836
    outer loop
      vertex -1.69684 -12.8888 1.6193
      vertex 0 -14.7 2.25
      vertex -1.71848 -12.8852 1.66665
    endloop
  endfacet
  facet normal -0.661778 -0.706919 -0.249628
    outer loop
      vertex 0 -14.7 2.25
      vertex -1.69684 -12.8888 1.6193
      vertex -1.67099 -12.8913 1.55785
    endloop
  endfacet
  facet normal -0.600753 -0.706922 -0.373306
    outer loop
      vertex 0 -14.7 2.25
      vertex -1.5566 -12.9026 1.3513
      vertex -1.48895 -12.9093 1.25512
    endloop
  endfacet
  facet normal -0.546444 -0.706921 -0.449067
    outer loop
      vertex 0 -14.7 2.25
      vertex -1.41491 -12.9166 1.1643
      vertex -1.33495 -12.9244 1.07928
    endloop
  endfacet
  facet normal -0.412014 -0.70691 -0.574912
    outer loop
      vertex 0 -14.7 2.25
      vertex -1.0647 -12.951 0.862459
      vertex -0.966283 -12.9607 0.803855
    endloop
  endfacet
  facet normal -0.336704 -0.706964 -0.621959
    outer loop
      vertex -0.85024 -12.9722 0.746341
      vertex 0 -14.7 2.25
      vertex -0.864626 -12.9707 0.752424
    endloop
  endfacet
  facet normal -0.333042 -0.706919 -0.623977
    outer loop
      vertex 0 -14.7 2.25
      vertex -0.85024 -12.9722 0.746341
      vertex -0.762937 -12.975 0.702916
    endloop
  endfacet
  facet normal -0.205606 -0.706918 -0.676752
    outer loop
      vertex 0 -14.7 2.25
      vertex -0.552258 -12.9819 0.623099
      vertex -0.443752 -12.9855 0.593894
    endloop
  endfacet
  facet normal -0.0696584 -0.706922 -0.703853
    outer loop
      vertex 0 -14.7 2.25
      vertex -0.222846 -12.9927 0.557311
      vertex -0.111424 -12.9964 0.55
    endloop
  endfacet
  facet normal 0.703941 -0.706917 0.0688147
    outer loop
      vertex 1.81508 -12.8693 2.48896
      vertex 0 -14.7 2.25
      vertex 1.82913 -12.8669 2.36989
    endloop
  endfacet
  facet normal 0.676901 -0.706912 0.205136
    outer loop
      vertex 1.71848 -12.8852 2.83334
      vertex 0 -14.7 2.25
      vertex 1.75949 -12.8784 2.72145
    endloop
  endfacet
  facet normal 0.623799 -0.706918 0.333379
    outer loop
      vertex 1.5566 -12.9026 3.1487
      vertex 0 -14.7 2.25
      vertex 1.61742 -12.8966 3.04762
    endloop
  endfacet
  facet normal 0.516155 -0.706911 0.483592
    outer loop
      vertex 1.24957 -12.9328 3.49957
      vertex 0 -14.7 2.25
      vertex 1.33495 -12.9244 3.42072
    endloop
  endfacet
  facet normal 0.448634 -0.70691 0.546814
    outer loop
      vertex 1.0647 -12.951 3.63754
      vertex 0 -14.7 2.25
      vertex 1.15931 -12.9417 3.57194
    endloop
  endfacet
  facet normal 0.291878 -0.706911 0.64427
    outer loop
      vertex 0.658816 -12.9784 3.84052
      vertex 0 -14.7 2.25
      vertex 0.762937 -12.975 3.79708
    endloop
  endfacet
  facet normal 0.160573 -0.706923 0.688822
    outer loop
      vertex 0.333785 -12.9891 3.92805
      vertex 0 -14.7 2.25
      vertex 0.443752 -12.9855 3.90611
    endloop
  endfacet
  facet normal 0.02284 -0.706922 0.706922
    outer loop
      vertex 0 -13 3.95
      vertex 0 -14.7 2.25
      vertex 0.111424 -12.9964 3.95
    endloop
  endfacet
  facet normal 0.600753 -0.706922 -0.373306
    outer loop
      vertex 1.5566 -12.9026 1.3513
      vertex 0 -14.7 2.25
      vertex 1.48895 -12.9093 1.25512
    endloop
  endfacet
  facet normal 0.688778 -0.706913 -0.160807
    outer loop
      vertex 1.79179 -12.8731 1.89359
      vertex 0 -14.7 2.25
      vertex 1.75949 -12.8784 1.77854
    endloop
  endfacet
  facet normal 0.706901 -0.706917 -0.0236439
    outer loop
      vertex 1.83384 -12.8662 2.25
      vertex 0 -14.7 2.25
      vertex 1.82913 -12.8669 2.13011
    endloop
  endfacet
  facet normal 0.412014 -0.70691 -0.574912
    outer loop
      vertex 1.0647 -12.951 0.862459
      vertex 0 -14.7 2.25
      vertex 0.966283 -12.9607 0.803855
    endloop
  endfacet
  facet normal 0.483574 -0.706911 -0.516172
    outer loop
      vertex 1.24957 -12.9328 1.00043
      vertex 0 -14.7 2.25
      vertex 1.15931 -12.9417 0.928059
    endloop
  endfacet
  facet normal 0.249213 -0.706912 -0.661943
    outer loop
      vertex 0.658816 -12.9784 0.659479
      vertex 0 -14.7 2.25
      vertex 0.552258 -12.9819 0.623099
    endloop
  endfacet
  facet normal 0.115016 -0.70692 -0.69788
    outer loop
      vertex 0.333785 -12.9891 0.571948
      vertex 0 -14.7 2.25
      vertex 0.222846 -12.9927 0.557311
    endloop
  endfacet
  facet normal 0.0696584 -0.706922 -0.703853
    outer loop
      vertex 0.222846 -12.9927 0.557311
      vertex 0 -14.7 2.25
      vertex 0.111424 -12.9964 0.55
    endloop
  endfacet
  facet normal -0.0696521 -0.706922 0.703854
    outer loop
      vertex -0.111424 -12.9964 3.95
      vertex -0.222846 -12.9927 3.94269
      vertex 0 -14.7 2.25
    endloop
  endfacet
  facet normal -0.205634 -0.706918 0.676743
    outer loop
      vertex -0.443752 -12.9855 3.90611
      vertex -0.552258 -12.9819 3.8769
      vertex 0 -14.7 2.25
    endloop
  endfacet
  facet normal -0.333014 -0.706919 0.623993
    outer loop
      vertex -0.85024 -12.9722 3.75366
      vertex 0 -14.7 2.25
      vertex -0.762937 -12.975 3.79708
    endloop
  endfacet
  facet normal -0.336598 -0.706963 0.622017
    outer loop
      vertex 0 -14.7 2.25
      vertex -0.85024 -12.9722 3.75366
      vertex -0.864626 -12.9707 3.74758
    endloop
  endfacet
  facet normal -0.483571 -0.706911 0.516175
    outer loop
      vertex -1.15931 -12.9417 3.57194
      vertex -1.24957 -12.9328 3.49957
      vertex 0 -14.7 2.25
    endloop
  endfacet
  facet normal -0.546444 -0.706921 0.449067
    outer loop
      vertex -1.33495 -12.9244 3.42072
      vertex -1.41491 -12.9166 3.3357
      vertex 0 -14.7 2.25
    endloop
  endfacet
  facet normal -0.644328 -0.706914 0.291742
    outer loop
      vertex -1.61742 -12.8966 3.04762
      vertex -1.67099 -12.8913 2.94215
      vertex 0 -14.7 2.25
    endloop
  endfacet
  facet normal -0.688775 -0.706913 0.160821
    outer loop
      vertex -1.75949 -12.8784 2.72145
      vertex -1.79179 -12.8731 2.60641
      vertex 0 -14.7 2.25
    endloop
  endfacet
  facet normal -0.706901 -0.706917 0.0236439
    outer loop
      vertex -1.82913 -12.8669 2.36989
      vertex -1.83384 -12.8662 2.25
      vertex 0 -14.7 2.25
    endloop
  endfacet
  facet normal -0.703941 -0.706917 -0.0688147
    outer loop
      vertex 0 -14.7 2.25
      vertex -1.82913 -12.8669 2.13011
      vertex -1.81508 -12.8693 2.01104
    endloop
  endfacet
  facet normal -0.6769 -0.706913 -0.205136
    outer loop
      vertex 0 -14.7 2.25
      vertex -1.75949 -12.8784 1.77854
      vertex -1.71848 -12.8852 1.66665
    endloop
  endfacet
  facet normal -0.623799 -0.706918 -0.333379
    outer loop
      vertex 0 -14.7 2.25
      vertex -1.61742 -12.8966 1.45238
      vertex -1.5566 -12.9026 1.3513
    endloop
  endfacet
  facet normal -0.516155 -0.706911 -0.483592
    outer loop
      vertex 0 -14.7 2.25
      vertex -1.33495 -12.9244 1.07928
      vertex -1.24957 -12.9328 1.00043
    endloop
  endfacet
  facet normal -0.448634 -0.706911 -0.546814
    outer loop
      vertex 0 -14.7 2.25
      vertex -1.15931 -12.9417 0.928059
      vertex -1.0647 -12.951 0.862459
    endloop
  endfacet
  facet normal -0.291862 -0.706912 -0.644277
    outer loop
      vertex 0 -14.7 2.25
      vertex -0.762937 -12.975 0.702916
      vertex -0.658816 -12.9784 0.659479
    endloop
  endfacet
  facet normal -0.160609 -0.706923 -0.688814
    outer loop
      vertex 0 -14.7 2.25
      vertex -0.443752 -12.9855 0.593894
      vertex -0.333785 -12.9891 0.571948
    endloop
  endfacet
  facet normal -0.02284 -0.706922 -0.706922
    outer loop
      vertex 0 -14.7 2.25
      vertex -0.111424 -12.9964 0.55
      vertex 0 -13 0.55
    endloop
  endfacet
  facet normal 0.999466 0.0326792 0
    outer loop
      vertex 13 0 4.5
      vertex 12.9722 0.85024 0
      vertex 12.9722 0.85024 4.5
    endloop
  endfacet
  facet normal 0.999466 0.0326792 0
    outer loop
      vertex 12.9722 0.85024 0
      vertex 13 0 4.5
      vertex 13 0 0
    endloop
  endfacet
  facet normal -0.999466 0.0326792 0
    outer loop
      vertex -13 0 0
      vertex -12.9722 0.85024 4.5
      vertex -12.9722 0.85024 0
    endloop
  endfacet
  facet normal -0.999466 0.0326792 0
    outer loop
      vertex -12.9722 0.85024 4.5
      vertex -13 0 0
      vertex -13 0 4.5
    endloop
  endfacet
  facet normal 0.0320557 0.999486 -0
    outer loop
      vertex 0.85024 12.9722 0
      vertex 0.762937 12.975 0.702916
      vertex 0.85024 12.9722 0.746341
    endloop
  endfacet
  facet normal 0.0326083 0.999468 6.87003e-05
    outer loop
      vertex 0.85024 12.9722 0
      vertex 0.658816 12.9784 0.659479
      vertex 0.762937 12.975 0.702916
    endloop
  endfacet
  facet normal 0.0327871 0.999462 0.00012066
    outer loop
      vertex 0.85024 12.9722 0
      vertex 0.552258 12.9819 0.623099
      vertex 0.658816 12.9784 0.659479
    endloop
  endfacet
  facet normal 0.0330884 0.999452 0.00026491
    outer loop
      vertex 0.85024 12.9722 0
      vertex 0.443752 12.9855 0.593894
      vertex 0.552258 12.9819 0.623099
    endloop
  endfacet
  facet normal 0.0327174 0.999465 1.07137e-05
    outer loop
      vertex 0.85024 12.9722 0
      vertex 0.333785 12.9891 0.571948
      vertex 0.443752 12.9855 0.593894
    endloop
  endfacet
  facet normal 0.0326792 0.999466 -2.38556e-05
    outer loop
      vertex 0 13 0
      vertex 0.333785 12.9891 0.571948
      vertex 0.85024 12.9722 0
    endloop
  endfacet
  facet normal 0.0324161 0.999474 0.000129856
    outer loop
      vertex 0.333785 12.9891 0.571948
      vertex 0 13 0
      vertex 0.222846 12.9927 0.557311
    endloop
  endfacet
  facet normal 0.0332009 0.999449 -0.000184288
    outer loop
      vertex 0.222846 12.9927 0.557311
      vertex 0 13 0
      vertex 0.111424 12.9964 0.55
    endloop
  endfacet
  facet normal 0.0322922 0.999478 0
    outer loop
      vertex 0.111424 12.9964 0.55
      vertex 0 13 0
      vertex 0 13 0.55
    endloop
  endfacet
  facet normal 0.0326792 0.999466 2.38555e-05
    outer loop
      vertex 0.333785 12.9891 3.92805
      vertex 0 13 4.5
      vertex 0.85024 12.9722 4.5
    endloop
  endfacet
  facet normal 0.0322922 0.999478 0
    outer loop
      vertex 0 13 4.5
      vertex 0.111424 12.9964 3.95
      vertex 0 13 3.95
    endloop
  endfacet
  facet normal 0.0332009 0.999449 0.000184288
    outer loop
      vertex 0 13 4.5
      vertex 0.222846 12.9927 3.94269
      vertex 0.111424 12.9964 3.95
    endloop
  endfacet
  facet normal 0.0324161 0.999474 -0.000129858
    outer loop
      vertex 0 13 4.5
      vertex 0.333785 12.9891 3.92805
      vertex 0.222846 12.9927 3.94269
    endloop
  endfacet
  facet normal 0.0327174 0.999465 -1.07141e-05
    outer loop
      vertex 0.85024 12.9722 4.5
      vertex 0.443752 12.9855 3.90611
      vertex 0.333785 12.9891 3.92805
    endloop
  endfacet
  facet normal 0.0330884 0.999452 -0.000264904
    outer loop
      vertex 0.85024 12.9722 4.5
      vertex 0.552258 12.9819 3.8769
      vertex 0.443752 12.9855 3.90611
    endloop
  endfacet
  facet normal 0.0327871 0.999462 -0.00012066
    outer loop
      vertex 0.85024 12.9722 4.5
      vertex 0.658816 12.9784 3.84052
      vertex 0.552258 12.9819 3.8769
    endloop
  endfacet
  facet normal 0.0326083 0.999468 -6.86997e-05
    outer loop
      vertex 0.85024 12.9722 4.5
      vertex 0.762937 12.975 3.79708
      vertex 0.658816 12.9784 3.84052
    endloop
  endfacet
  facet normal 0.0320557 0.999486 0
    outer loop
      vertex 0.762937 12.975 3.79708
      vertex 0.85024 12.9722 4.5
      vertex 0.85024 12.9722 3.75366
    endloop
  endfacet
  facet normal -0.0320557 -0.999486 0
    outer loop
      vertex -0.85024 -12.9722 0
      vertex -0.762937 -12.975 0.702916
      vertex -0.85024 -12.9722 0.746341
    endloop
  endfacet
  facet normal -0.0326083 -0.999468 6.87003e-05
    outer loop
      vertex -0.85024 -12.9722 0
      vertex -0.658816 -12.9784 0.659479
      vertex -0.762937 -12.975 0.702916
    endloop
  endfacet
  facet normal -0.0327871 -0.999462 0.00012066
    outer loop
      vertex -0.85024 -12.9722 0
      vertex -0.552258 -12.9819 0.623099
      vertex -0.658816 -12.9784 0.659479
    endloop
  endfacet
  facet normal -0.0330884 -0.999452 0.00026491
    outer loop
      vertex -0.85024 -12.9722 0
      vertex -0.443752 -12.9855 0.593894
      vertex -0.552258 -12.9819 0.623099
    endloop
  endfacet
  facet normal -0.0327174 -0.999465 1.07137e-05
    outer loop
      vertex -0.85024 -12.9722 0
      vertex -0.333785 -12.9891 0.571948
      vertex -0.443752 -12.9855 0.593894
    endloop
  endfacet
  facet normal -0.0326792 -0.999466 -2.38556e-05
    outer loop
      vertex 0 -13 0
      vertex -0.333785 -12.9891 0.571948
      vertex -0.85024 -12.9722 0
    endloop
  endfacet
  facet normal -0.0324161 -0.999474 0.000129856
    outer loop
      vertex -0.333785 -12.9891 0.571948
      vertex 0 -13 0
      vertex -0.222846 -12.9927 0.557311
    endloop
  endfacet
  facet normal -0.0332009 -0.999449 -0.000184288
    outer loop
      vertex -0.222846 -12.9927 0.557311
      vertex 0 -13 0
      vertex -0.111424 -12.9964 0.55
    endloop
  endfacet
  facet normal -0.0322922 -0.999478 0
    outer loop
      vertex -0.111424 -12.9964 0.55
      vertex 0 -13 0
      vertex 0 -13 0.55
    endloop
  endfacet
  facet normal -0.0326792 -0.999466 2.38555e-05
    outer loop
      vertex -0.333785 -12.9891 3.92805
      vertex 0 -13 4.5
      vertex -0.85024 -12.9722 4.5
    endloop
  endfacet
  facet normal -0.0322922 -0.999478 -0
    outer loop
      vertex 0 -13 4.5
      vertex -0.111424 -12.9964 3.95
      vertex 0 -13 3.95
    endloop
  endfacet
  facet normal -0.0332009 -0.999449 0.000184288
    outer loop
      vertex 0 -13 4.5
      vertex -0.222846 -12.9927 3.94269
      vertex -0.111424 -12.9964 3.95
    endloop
  endfacet
  facet normal -0.0324161 -0.999474 -0.000129858
    outer loop
      vertex 0 -13 4.5
      vertex -0.333785 -12.9891 3.92805
      vertex -0.222846 -12.9927 3.94269
    endloop
  endfacet
  facet normal -0.0327174 -0.999465 -1.07141e-05
    outer loop
      vertex -0.85024 -12.9722 4.5
      vertex -0.443752 -12.9855 3.90611
      vertex -0.333785 -12.9891 3.92805
    endloop
  endfacet
  facet normal -0.0330884 -0.999452 -0.000264904
    outer loop
      vertex -0.85024 -12.9722 4.5
      vertex -0.552258 -12.9819 3.8769
      vertex -0.443752 -12.9855 3.90611
    endloop
  endfacet
  facet normal -0.0327871 -0.999462 -0.00012066
    outer loop
      vertex -0.85024 -12.9722 4.5
      vertex -0.658816 -12.9784 3.84052
      vertex -0.552258 -12.9819 3.8769
    endloop
  endfacet
  facet normal -0.0326083 -0.999468 -6.86997e-05
    outer loop
      vertex -0.85024 -12.9722 4.5
      vertex -0.762937 -12.975 3.79708
      vertex -0.658816 -12.9784 3.84052
    endloop
  endfacet
  facet normal -0.0320557 -0.999486 0
    outer loop
      vertex -0.762937 -12.975 3.79708
      vertex -0.85024 -12.9722 4.5
      vertex -0.85024 -12.9722 3.75366
    endloop
  endfacet
  facet normal 0.683594 0.729862 -0
    outer loop
      vertex 9.19239 9.19239 0
      vertex 8.5715 9.77392 4.5
      vertex 9.19239 9.19239 4.5
    endloop
  endfacet
  facet normal 0.683594 0.729862 0
    outer loop
      vertex 8.5715 9.77392 4.5
      vertex 9.19239 9.19239 0
      vertex 8.5715 9.77392 0
    endloop
  endfacet
  facet normal -0.683594 0.729862 0
    outer loop
      vertex -8.5715 9.77392 0
      vertex -9.19239 9.19239 4.5
      vertex -8.5715 9.77392 4.5
    endloop
  endfacet
  facet normal -0.683594 0.729862 0
    outer loop
      vertex -9.19239 9.19239 4.5
      vertex -8.5715 9.77392 0
      vertex -9.19239 9.19239 0
    endloop
  endfacet
  facet normal -0.97387 -0.227105 0
    outer loop
      vertex -12.557 -3.36465 0
      vertex -12.7502 -2.53617 4.5
      vertex -12.7502 -2.53617 0
    endloop
  endfacet
  facet normal -0.97387 -0.227105 0
    outer loop
      vertex -12.7502 -2.53617 4.5
      vertex -12.557 -3.36465 0
      vertex -12.557 -3.36465 4.5
    endloop
  endfacet
  facet normal 0.910859 0.412718 0
    outer loop
      vertex 12.0104 4.97488 4.5
      vertex 11.6593 5.74975 0
      vertex 11.6593 5.74975 4.5
    endloop
  endfacet
  facet normal 0.910859 0.412718 0
    outer loop
      vertex 11.6593 5.74975 0
      vertex 12.0104 4.97488 4.5
      vertex 12.0104 4.97488 0
    endloop
  endfacet
  facet normal 0.729862 0.683594 0
    outer loop
      vertex 9.77392 8.5715 4.5
      vertex 9.19239 9.19239 0
      vertex 9.19239 9.19239 4.5
    endloop
  endfacet
  facet normal 0.729862 0.683594 0
    outer loop
      vertex 9.19239 9.19239 0
      vertex 9.77392 8.5715 4.5
      vertex 9.77392 8.5715 0
    endloop
  endfacet
  facet normal 0.412718 0.910859 -0
    outer loop
      vertex 5.74975 11.6593 0
      vertex 4.97488 12.0104 4.5
      vertex 5.74975 11.6593 4.5
    endloop
  endfacet
  facet normal 0.412718 0.910859 0
    outer loop
      vertex 4.97488 12.0104 4.5
      vertex 5.74975 11.6593 0
      vertex 4.97488 12.0104 0
    endloop
  endfacet
  facet normal -0.849215 0.528048 0
    outer loop
      vertex -11.2583 6.5 0
      vertex -10.8091 7.22241 4.5
      vertex -10.8091 7.22241 0
    endloop
  endfacet
  facet normal -0.849215 0.528048 0
    outer loop
      vertex -10.8091 7.22241 4.5
      vertex -11.2583 6.5 0
      vertex -11.2583 6.5 4.5
    endloop
  endfacet
  facet normal -0.812855 0.582466 0
    outer loop
      vertex -10.8091 7.22241 0
      vertex -10.3136 7.9139 4.5
      vertex -10.3136 7.9139 0
    endloop
  endfacet
  facet normal -0.812855 0.582466 0
    outer loop
      vertex -10.3136 7.9139 4.5
      vertex -10.8091 7.22241 0
      vertex -10.8091 7.22241 4.5
    endloop
  endfacet
  facet normal -0.162925 0.986638 0
    outer loop
      vertex -1.69684 12.8888 2.8807
      vertex -2.53617 12.7502 4.5
      vertex -1.69684 12.8888 4.5
    endloop
  endfacet
  facet normal -0.163477 0.986547 -0.000293937
    outer loop
      vertex -1.71848 12.8852 2.83334
      vertex -2.53617 12.7502 4.5
      vertex -1.69684 12.8888 2.8807
    endloop
  endfacet
  facet normal -0.163187 0.986595 -0.000147778
    outer loop
      vertex -1.75949 12.8784 2.72145
      vertex -2.53617 12.7502 4.5
      vertex -1.71848 12.8852 2.83334
    endloop
  endfacet
  facet normal -0.162491 0.98671 0.000164384
    outer loop
      vertex -1.79179 12.8731 2.60641
      vertex -2.53617 12.7502 4.5
      vertex -1.75949 12.8784 2.72145
    endloop
  endfacet
  facet normal -0.162272 0.986746 0.000252799
    outer loop
      vertex -1.81508 12.8693 2.48896
      vertex -2.53617 12.7502 4.5
      vertex -1.79179 12.8731 2.60641
    endloop
  endfacet
  facet normal -0.164302 0.98641 -0.000494963
    outer loop
      vertex -1.82913 12.8669 2.36989
      vertex -2.53617 12.7502 4.5
      vertex -1.81508 12.8693 2.48896
    endloop
  endfacet
  facet normal -0.16118 0.986925 0.000569763
    outer loop
      vertex -1.83384 12.8662 2.25
      vertex -2.53617 12.7502 4.5
      vertex -1.82913 12.8669 2.36989
    endloop
  endfacet
  facet normal -0.16118 0.986925 -0.000569763
    outer loop
      vertex -2.53617 12.7502 0
      vertex -1.83384 12.8662 2.25
      vertex -1.82913 12.8669 2.13011
    endloop
  endfacet
  facet normal -0.164302 0.98641 0.000494963
    outer loop
      vertex -2.53617 12.7502 0
      vertex -1.82913 12.8669 2.13011
      vertex -1.81508 12.8693 2.01104
    endloop
  endfacet
  facet normal -0.162272 0.986746 -0.000252799
    outer loop
      vertex -2.53617 12.7502 0
      vertex -1.81508 12.8693 2.01104
      vertex -1.79179 12.8731 1.89359
    endloop
  endfacet
  facet normal -0.162491 0.98671 -0.000164376
    outer loop
      vertex -2.53617 12.7502 0
      vertex -1.79179 12.8731 1.89359
      vertex -1.75949 12.8784 1.77854
    endloop
  endfacet
  facet normal -0.162925 0.986638 0
    outer loop
      vertex -2.53617 12.7502 0
      vertex -1.69684 12.8888 1.6193
      vertex -1.69684 12.8888 0
    endloop
  endfacet
  facet normal -0.163477 0.986547 0.00029397
    outer loop
      vertex -1.69684 12.8888 1.6193
      vertex -2.53617 12.7502 0
      vertex -1.71848 12.8852 1.66665
    endloop
  endfacet
  facet normal -0.163187 0.986595 0.000147779
    outer loop
      vertex -1.71848 12.8852 1.66665
      vertex -2.53617 12.7502 0
      vertex -1.75949 12.8784 1.77854
    endloop
  endfacet
  facet normal -0.162957 0.986633 0
    outer loop
      vertex -1.83384 12.8662 2.25
      vertex -2.53617 12.7502 0
      vertex -2.53617 12.7502 4.5
    endloop
  endfacet
  facet normal 0.88193 -0.471381 0
    outer loop
      vertex 11.2583 -6.5 4.5
      vertex 11.6593 -5.74975 0
      vertex 11.6593 -5.74975 4.5
    endloop
  endfacet
  facet normal 0.88193 -0.471381 0
    outer loop
      vertex 11.6593 -5.74975 0
      vertex 11.2583 -6.5 4.5
      vertex 11.2583 -6.5 0
    endloop
  endfacet
  facet normal 0.290239 -0.956954 0
    outer loop
      vertex 3.36465 -12.557 0
      vertex 4.17871 -12.3101 4.5
      vertex 3.36465 -12.557 4.5
    endloop
  endfacet
  facet normal 0.290239 -0.956954 0
    outer loop
      vertex 4.17871 -12.3101 4.5
      vertex 3.36465 -12.557 0
      vertex 4.17871 -12.3101 0
    endloop
  endfacet
  facet normal 0.683594 -0.729862 0
    outer loop
      vertex 8.5715 -9.77392 0
      vertex 9.19239 -9.19239 4.5
      vertex 8.5715 -9.77392 4.5
    endloop
  endfacet
  facet normal 0.683594 -0.729862 0
    outer loop
      vertex 9.19239 -9.19239 4.5
      vertex 8.5715 -9.77392 0
      vertex 9.19239 -9.19239 0
    endloop
  endfacet
  facet normal 0.956954 -0.290239 0
    outer loop
      vertex 12.3101 -4.17871 4.5
      vertex 12.557 -3.36465 0
      vertex 12.557 -3.36465 4.5
    endloop
  endfacet
  facet normal 0.956954 -0.290239 0
    outer loop
      vertex 12.557 -3.36465 0
      vertex 12.3101 -4.17871 4.5
      vertex 12.3101 -4.17871 0
    endloop
  endfacet
  facet normal -0.352294 -0.935889 0
    outer loop
      vertex -4.97488 -12.0104 0
      vertex -4.17871 -12.3101 4.5
      vertex -4.97488 -12.0104 4.5
    endloop
  endfacet
  facet normal -0.352294 -0.935889 -0
    outer loop
      vertex -4.17871 -12.3101 4.5
      vertex -4.97488 -12.0104 0
      vertex -4.17871 -12.3101 0
    endloop
  endfacet
  facet normal -0.77301 -0.634394 0
    outer loop
      vertex -9.77392 -8.5715 0
      vertex -10.3136 -7.9139 4.5
      vertex -10.3136 -7.9139 0
    endloop
  endfacet
  facet normal -0.77301 -0.634394 0
    outer loop
      vertex -10.3136 -7.9139 4.5
      vertex -9.77392 -8.5715 0
      vertex -9.77392 -8.5715 4.5
    endloop
  endfacet
  facet normal -0.812855 -0.582466 0
    outer loop
      vertex -10.3136 -7.9139 0
      vertex -10.8091 -7.22241 4.5
      vertex -10.8091 -7.22241 0
    endloop
  endfacet
  facet normal -0.812855 -0.582466 0
    outer loop
      vertex -10.8091 -7.22241 4.5
      vertex -10.3136 -7.9139 0
      vertex -10.3136 -7.9139 4.5
    endloop
  endfacet
  facet normal 0.995183 0.0980371 0
    outer loop
      vertex 12.9722 0.85024 4.5
      vertex 12.8888 1.69684 0
      vertex 12.8888 1.69684 4.5
    endloop
  endfacet
  facet normal 0.995183 0.0980371 0
    outer loop
      vertex 12.8888 1.69684 0
      vertex 12.9722 0.85024 4.5
      vertex 12.9722 0.85024 0
    endloop
  endfacet
  facet normal 0.956954 0.290239 0
    outer loop
      vertex 12.557 3.36465 4.5
      vertex 12.3101 4.17871 0
      vertex 12.3101 4.17871 4.5
    endloop
  endfacet
  facet normal 0.956954 0.290239 0
    outer loop
      vertex 12.3101 4.17871 0
      vertex 12.557 3.36465 4.5
      vertex 12.557 3.36465 0
    endloop
  endfacet
  facet normal 0.812855 0.582466 0
    outer loop
      vertex 10.8091 7.22241 4.5
      vertex 10.3136 7.9139 0
      vertex 10.3136 7.9139 4.5
    endloop
  endfacet
  facet normal 0.812855 0.582466 0
    outer loop
      vertex 10.3136 7.9139 0
      vertex 10.8091 7.22241 4.5
      vertex 10.8091 7.22241 0
    endloop
  endfacet
  facet normal 0.77301 0.634394 0
    outer loop
      vertex 10.3136 7.9139 4.5
      vertex 9.77392 8.5715 0
      vertex 9.77392 8.5715 4.5
    endloop
  endfacet
  facet normal 0.77301 0.634394 0
    outer loop
      vertex 9.77392 8.5715 0
      vertex 10.3136 7.9139 4.5
      vertex 10.3136 7.9139 0
    endloop
  endfacet
  facet normal 0.227105 0.97387 -0
    outer loop
      vertex 3.36465 12.557 0
      vertex 2.53617 12.7502 4.5
      vertex 3.36465 12.557 4.5
    endloop
  endfacet
  facet normal 0.227105 0.97387 0
    outer loop
      vertex 2.53617 12.7502 4.5
      vertex 3.36465 12.557 0
      vertex 2.53617 12.7502 0
    endloop
  endfacet
  facet normal 0.162925 0.986638 0
    outer loop
      vertex 2.53617 12.7502 4.5
      vertex 1.69684 12.8888 2.8807
      vertex 1.69684 12.8888 4.5
    endloop
  endfacet
  facet normal 0.163477 0.986547 -0.000293937
    outer loop
      vertex 2.53617 12.7502 4.5
      vertex 1.71848 12.8852 2.83334
      vertex 1.69684 12.8888 2.8807
    endloop
  endfacet
  facet normal 0.163187 0.986595 -0.000147778
    outer loop
      vertex 2.53617 12.7502 4.5
      vertex 1.75949 12.8784 2.72145
      vertex 1.71848 12.8852 2.83334
    endloop
  endfacet
  facet normal 0.162491 0.98671 0.000164384
    outer loop
      vertex 2.53617 12.7502 4.5
      vertex 1.79179 12.8731 2.60641
      vertex 1.75949 12.8784 2.72145
    endloop
  endfacet
  facet normal 0.162272 0.986746 0.000252799
    outer loop
      vertex 2.53617 12.7502 4.5
      vertex 1.81508 12.8693 2.48896
      vertex 1.79179 12.8731 2.60641
    endloop
  endfacet
  facet normal 0.164302 0.98641 -0.000494963
    outer loop
      vertex 2.53617 12.7502 4.5
      vertex 1.82913 12.8669 2.36989
      vertex 1.81508 12.8693 2.48896
    endloop
  endfacet
  facet normal 0.16118 0.986925 0.000569763
    outer loop
      vertex 2.53617 12.7502 4.5
      vertex 1.83384 12.8662 2.25
      vertex 1.82913 12.8669 2.36989
    endloop
  endfacet
  facet normal 0.162957 0.986633 -0
    outer loop
      vertex 2.53617 12.7502 0
      vertex 1.83384 12.8662 2.25
      vertex 2.53617 12.7502 4.5
    endloop
  endfacet
  facet normal 0.16118 0.986925 -0.000569763
    outer loop
      vertex 1.83384 12.8662 2.25
      vertex 2.53617 12.7502 0
      vertex 1.82913 12.8669 2.13011
    endloop
  endfacet
  facet normal 0.164302 0.98641 0.000494963
    outer loop
      vertex 1.82913 12.8669 2.13011
      vertex 2.53617 12.7502 0
      vertex 1.81508 12.8693 2.01104
    endloop
  endfacet
  facet normal 0.162272 0.986746 -0.000252799
    outer loop
      vertex 1.81508 12.8693 2.01104
      vertex 2.53617 12.7502 0
      vertex 1.79179 12.8731 1.89359
    endloop
  endfacet
  facet normal 0.162491 0.98671 -0.000164376
    outer loop
      vertex 1.79179 12.8731 1.89359
      vertex 2.53617 12.7502 0
      vertex 1.75949 12.8784 1.77854
    endloop
  endfacet
  facet normal 0.163187 0.986595 0.000147779
    outer loop
      vertex 2.53617 12.7502 0
      vertex 1.71848 12.8852 1.66665
      vertex 1.75949 12.8784 1.77854
    endloop
  endfacet
  facet normal 0.163477 0.986547 0.00029397
    outer loop
      vertex 2.53617 12.7502 0
      vertex 1.69684 12.8888 1.6193
      vertex 1.71848 12.8852 1.66665
    endloop
  endfacet
  facet normal 0.162925 0.986638 0
    outer loop
      vertex 1.69684 12.8888 1.6193
      vertex 2.53617 12.7502 0
      vertex 1.69684 12.8888 0
    endloop
  endfacet
  facet normal 0.634394 0.77301 -0
    outer loop
      vertex 8.5715 9.77392 0
      vertex 7.9139 10.3136 4.5
      vertex 8.5715 9.77392 4.5
    endloop
  endfacet
  facet normal 0.634394 0.77301 0
    outer loop
      vertex 7.9139 10.3136 4.5
      vertex 8.5715 9.77392 0
      vertex 7.9139 10.3136 0
    endloop
  endfacet
  facet normal -0.97387 0.227105 0
    outer loop
      vertex -12.7502 2.53617 0
      vertex -12.557 3.36465 4.5
      vertex -12.557 3.36465 0
    endloop
  endfacet
  facet normal -0.97387 0.227105 0
    outer loop
      vertex -12.557 3.36465 4.5
      vertex -12.7502 2.53617 0
      vertex -12.7502 2.53617 4.5
    endloop
  endfacet
  facet normal -0.910859 0.412718 0
    outer loop
      vertex -12.0104 4.97488 0
      vertex -11.6593 5.74975 4.5
      vertex -11.6593 5.74975 0
    endloop
  endfacet
  facet normal -0.910859 0.412718 0
    outer loop
      vertex -11.6593 5.74975 4.5
      vertex -12.0104 4.97488 0
      vertex -12.0104 4.97488 4.5
    endloop
  endfacet
  facet normal -0.986638 0.162925 0
    outer loop
      vertex -12.8888 1.69684 0
      vertex -12.7502 2.53617 4.5
      vertex -12.7502 2.53617 0
    endloop
  endfacet
  facet normal -0.986638 0.162925 0
    outer loop
      vertex -12.7502 2.53617 4.5
      vertex -12.8888 1.69684 0
      vertex -12.8888 1.69684 4.5
    endloop
  endfacet
  facet normal -0.528048 0.849215 0
    outer loop
      vertex -6.5 11.2583 0
      vertex -7.22241 10.8091 4.5
      vertex -6.5 11.2583 4.5
    endloop
  endfacet
  facet normal -0.528048 0.849215 0
    outer loop
      vertex -7.22241 10.8091 4.5
      vertex -6.5 11.2583 0
      vertex -7.22241 10.8091 0
    endloop
  endfacet
  facet normal -0.412718 0.910859 0
    outer loop
      vertex -4.97488 12.0104 0
      vertex -5.74975 11.6593 4.5
      vertex -4.97488 12.0104 4.5
    endloop
  endfacet
  facet normal -0.412718 0.910859 0
    outer loop
      vertex -5.74975 11.6593 4.5
      vertex -4.97488 12.0104 0
      vertex -5.74975 11.6593 0
    endloop
  endfacet
  facet normal -0.103706 0.994608 0
    outer loop
      vertex -0.85024 12.9722 0
      vertex -0.864626 12.9707 0.752424
      vertex -0.85024 12.9722 0.746341
    endloop
  endfacet
  facet normal -0.0978407 0.995202 0.000113323
    outer loop
      vertex -0.85024 12.9722 0
      vertex -0.966283 12.9607 0.803855
      vertex -0.864626 12.9707 0.752424
    endloop
  endfacet
  facet normal -0.0980371 0.995183 8.46894e-05
    outer loop
      vertex -1.69684 12.8888 0
      vertex -0.966283 12.9607 0.803855
      vertex -0.85024 12.9722 0
    endloop
  endfacet
  facet normal -0.0980358 0.995183 8.34221e-05
    outer loop
      vertex -0.966283 12.9607 0.803855
      vertex -1.69684 12.8888 0
      vertex -1.0647 12.951 0.862459
    endloop
  endfacet
  facet normal -0.0978592 0.9952 -4.72266e-05
    outer loop
      vertex -1.0647 12.951 0.862459
      vertex -1.69684 12.8888 0
      vertex -1.15931 12.9417 0.928059
    endloop
  endfacet
  facet normal -0.0980685 0.99518 7.51487e-05
    outer loop
      vertex -1.15931 12.9417 0.928059
      vertex -1.69684 12.8888 0
      vertex -1.24957 12.9328 1.00043
    endloop
  endfacet
  facet normal -0.0979084 0.995195 2.86971e-06
    outer loop
      vertex -1.24957 12.9328 1.00043
      vertex -1.69684 12.8888 0
      vertex -1.33495 12.9244 1.07928
    endloop
  endfacet
  facet normal -0.0973013 0.995255 -0.000202627
    outer loop
      vertex -1.33495 12.9244 1.07928
      vertex -1.69684 12.8888 0
      vertex -1.41491 12.9166 1.1643
    endloop
  endfacet
  facet normal -0.098122 0.995174 -1.98484e-06
    outer loop
      vertex -1.41491 12.9166 1.1643
      vertex -1.69684 12.8888 0
      vertex -1.48895 12.9093 1.25512
    endloop
  endfacet
  facet normal -0.0984763 0.995139 5.72778e-05
    outer loop
      vertex -1.48895 12.9093 1.25512
      vertex -1.69684 12.8888 0
      vertex -1.5566 12.9026 1.3513
    endloop
  endfacet
  facet normal -0.0962627 0.995356 0
    outer loop
      vertex -1.67099 12.8913 1.55785
      vertex -1.69684 12.8888 0
      vertex -1.69684 12.8888 1.6193
    endloop
  endfacet
  facet normal -0.0983859 0.995148 3.55656e-05
    outer loop
      vertex -1.61742 12.8966 1.45238
      vertex -1.69684 12.8888 0
      vertex -1.67099 12.8913 1.55785
    endloop
  endfacet
  facet normal -0.0981391 0.995173 2.19356e-05
    outer loop
      vertex -1.5566 12.9026 1.3513
      vertex -1.69684 12.8888 0
      vertex -1.61742 12.8966 1.45238
    endloop
  endfacet
  facet normal -0.103706 0.994608 0
    outer loop
      vertex -0.864626 12.9707 3.74758
      vertex -0.85024 12.9722 4.5
      vertex -0.85024 12.9722 3.75366
    endloop
  endfacet
  facet normal -0.0978407 0.995202 -0.000113323
    outer loop
      vertex -0.966283 12.9607 3.69615
      vertex -0.85024 12.9722 4.5
      vertex -0.864626 12.9707 3.74758
    endloop
  endfacet
  facet normal -0.0980371 0.995183 -8.46899e-05
    outer loop
      vertex -0.85024 12.9722 4.5
      vertex -0.966283 12.9607 3.69615
      vertex -1.69684 12.8888 4.5
    endloop
  endfacet
  facet normal -0.0980358 0.995183 -8.34194e-05
    outer loop
      vertex -1.0647 12.951 3.63754
      vertex -1.69684 12.8888 4.5
      vertex -0.966283 12.9607 3.69615
    endloop
  endfacet
  facet normal -0.0978592 0.9952 4.72265e-05
    outer loop
      vertex -1.15931 12.9417 3.57194
      vertex -1.69684 12.8888 4.5
      vertex -1.0647 12.951 3.63754
    endloop
  endfacet
  facet normal -0.0980685 0.99518 -7.51489e-05
    outer loop
      vertex -1.24957 12.9328 3.49957
      vertex -1.69684 12.8888 4.5
      vertex -1.15931 12.9417 3.57194
    endloop
  endfacet
  facet normal -0.0979084 0.995195 -2.86971e-06
    outer loop
      vertex -1.33495 12.9244 3.42072
      vertex -1.69684 12.8888 4.5
      vertex -1.24957 12.9328 3.49957
    endloop
  endfacet
  facet normal -0.0973013 0.995255 0.000202627
    outer loop
      vertex -1.41491 12.9166 3.3357
      vertex -1.69684 12.8888 4.5
      vertex -1.33495 12.9244 3.42072
    endloop
  endfacet
  facet normal -0.098122 0.995174 1.98484e-06
    outer loop
      vertex -1.48895 12.9093 3.24488
      vertex -1.69684 12.8888 4.5
      vertex -1.41491 12.9166 3.3357
    endloop
  endfacet
  facet normal -0.0984763 0.995139 -5.72778e-05
    outer loop
      vertex -1.5566 12.9026 3.1487
      vertex -1.69684 12.8888 4.5
      vertex -1.48895 12.9093 3.24488
    endloop
  endfacet
  facet normal -0.0981391 0.995173 -2.19356e-05
    outer loop
      vertex -1.61742 12.8966 3.04762
      vertex -1.69684 12.8888 4.5
      vertex -1.5566 12.9026 3.1487
    endloop
  endfacet
  facet normal -0.0983859 0.995148 -3.55656e-05
    outer loop
      vertex -1.67099 12.8913 2.94215
      vertex -1.69684 12.8888 4.5
      vertex -1.61742 12.8966 3.04762
    endloop
  endfacet
  facet normal -0.0962627 0.995356 0
    outer loop
      vertex -1.69684 12.8888 4.5
      vertex -1.67099 12.8913 2.94215
      vertex -1.69684 12.8888 2.8807
    endloop
  endfacet
  facet normal 0.528048 -0.849215 0
    outer loop
      vertex 6.5 -11.2583 0
      vertex 7.22241 -10.8091 4.5
      vertex 6.5 -11.2583 4.5
    endloop
  endfacet
  facet normal 0.528048 -0.849215 0
    outer loop
      vertex 7.22241 -10.8091 4.5
      vertex 6.5 -11.2583 0
      vertex 7.22241 -10.8091 0
    endloop
  endfacet
  facet normal 0.634394 -0.77301 0
    outer loop
      vertex 7.9139 -10.3136 0
      vertex 8.5715 -9.77392 4.5
      vertex 7.9139 -10.3136 4.5
    endloop
  endfacet
  facet normal 0.634394 -0.77301 0
    outer loop
      vertex 8.5715 -9.77392 4.5
      vertex 7.9139 -10.3136 0
      vertex 8.5715 -9.77392 0
    endloop
  endfacet
  facet normal 0.77301 -0.634394 0
    outer loop
      vertex 9.77392 -8.5715 4.5
      vertex 10.3136 -7.9139 0
      vertex 10.3136 -7.9139 4.5
    endloop
  endfacet
  facet normal 0.77301 -0.634394 0
    outer loop
      vertex 10.3136 -7.9139 0
      vertex 9.77392 -8.5715 4.5
      vertex 9.77392 -8.5715 0
    endloop
  endfacet
  facet normal -0.582466 -0.812855 0
    outer loop
      vertex -7.9139 -10.3136 0
      vertex -7.22241 -10.8091 4.5
      vertex -7.9139 -10.3136 4.5
    endloop
  endfacet
  facet normal -0.582466 -0.812855 -0
    outer loop
      vertex -7.22241 -10.8091 4.5
      vertex -7.9139 -10.3136 0
      vertex -7.22241 -10.8091 0
    endloop
  endfacet
  facet normal -0.162925 -0.986638 0
    outer loop
      vertex -2.53617 -12.7502 4.5
      vertex -1.69684 -12.8888 2.8807
      vertex -1.69684 -12.8888 4.5
    endloop
  endfacet
  facet normal -0.163477 -0.986547 -0.000293937
    outer loop
      vertex -2.53617 -12.7502 4.5
      vertex -1.71848 -12.8852 2.83334
      vertex -1.69684 -12.8888 2.8807
    endloop
  endfacet
  facet normal -0.163187 -0.986595 -0.000147778
    outer loop
      vertex -2.53617 -12.7502 4.5
      vertex -1.75949 -12.8784 2.72145
      vertex -1.71848 -12.8852 2.83334
    endloop
  endfacet
  facet normal -0.162491 -0.98671 0.000164384
    outer loop
      vertex -2.53617 -12.7502 4.5
      vertex -1.79179 -12.8731 2.60641
      vertex -1.75949 -12.8784 2.72145
    endloop
  endfacet
  facet normal -0.162272 -0.986746 0.000252799
    outer loop
      vertex -2.53617 -12.7502 4.5
      vertex -1.81508 -12.8693 2.48896
      vertex -1.79179 -12.8731 2.60641
    endloop
  endfacet
  facet normal -0.164302 -0.98641 -0.000494963
    outer loop
      vertex -2.53617 -12.7502 4.5
      vertex -1.82913 -12.8669 2.36989
      vertex -1.81508 -12.8693 2.48896
    endloop
  endfacet
  facet normal -0.16118 -0.986925 0.000569763
    outer loop
      vertex -2.53617 -12.7502 4.5
      vertex -1.83384 -12.8662 2.25
      vertex -1.82913 -12.8669 2.36989
    endloop
  endfacet
  facet normal -0.162957 -0.986633 0
    outer loop
      vertex -2.53617 -12.7502 0
      vertex -1.83384 -12.8662 2.25
      vertex -2.53617 -12.7502 4.5
    endloop
  endfacet
  facet normal -0.16118 -0.986925 -0.000569763
    outer loop
      vertex -1.83384 -12.8662 2.25
      vertex -2.53617 -12.7502 0
      vertex -1.82913 -12.8669 2.13011
    endloop
  endfacet
  facet normal -0.164302 -0.98641 0.000494963
    outer loop
      vertex -1.82913 -12.8669 2.13011
      vertex -2.53617 -12.7502 0
      vertex -1.81508 -12.8693 2.01104
    endloop
  endfacet
  facet normal -0.162272 -0.986746 -0.000252799
    outer loop
      vertex -1.81508 -12.8693 2.01104
      vertex -2.53617 -12.7502 0
      vertex -1.79179 -12.8731 1.89359
    endloop
  endfacet
  facet normal -0.162491 -0.98671 -0.000164376
    outer loop
      vertex -1.79179 -12.8731 1.89359
      vertex -2.53617 -12.7502 0
      vertex -1.75949 -12.8784 1.77854
    endloop
  endfacet
  facet normal -0.163187 -0.986595 0.000147779
    outer loop
      vertex -2.53617 -12.7502 0
      vertex -1.71848 -12.8852 1.66665
      vertex -1.75949 -12.8784 1.77854
    endloop
  endfacet
  facet normal -0.163477 -0.986547 0.00029397
    outer loop
      vertex -2.53617 -12.7502 0
      vertex -1.69684 -12.8888 1.6193
      vertex -1.71848 -12.8852 1.66665
    endloop
  endfacet
  facet normal -0.162925 -0.986638 -0
    outer loop
      vertex -1.69684 -12.8888 1.6193
      vertex -2.53617 -12.7502 0
      vertex -1.69684 -12.8888 0
    endloop
  endfacet
  facet normal -0.910859 -0.412718 0
    outer loop
      vertex -11.6593 -5.74975 0
      vertex -12.0104 -4.97488 4.5
      vertex -12.0104 -4.97488 0
    endloop
  endfacet
  facet normal -0.910859 -0.412718 0
    outer loop
      vertex -12.0104 -4.97488 4.5
      vertex -11.6593 -5.74975 0
      vertex -11.6593 -5.74975 4.5
    endloop
  endfacet
  facet normal -0.849215 -0.528048 0
    outer loop
      vertex -10.8091 -7.22241 0
      vertex -11.2583 -6.5 4.5
      vertex -11.2583 -6.5 0
    endloop
  endfacet
  facet normal -0.849215 -0.528048 0
    outer loop
      vertex -11.2583 -6.5 4.5
      vertex -10.8091 -7.22241 0
      vertex -10.8091 -7.22241 4.5
    endloop
  endfacet
  facet normal 0.97387 0.227105 0
    outer loop
      vertex 12.7502 2.53617 4.5
      vertex 12.557 3.36465 0
      vertex 12.557 3.36465 4.5
    endloop
  endfacet
  facet normal 0.97387 0.227105 0
    outer loop
      vertex 12.557 3.36465 0
      vertex 12.7502 2.53617 4.5
      vertex 12.7502 2.53617 0
    endloop
  endfacet
  facet normal 0.986638 0.162925 0
    outer loop
      vertex 12.8888 1.69684 4.5
      vertex 12.7502 2.53617 0
      vertex 12.7502 2.53617 4.5
    endloop
  endfacet
  facet normal 0.986638 0.162925 0
    outer loop
      vertex 12.7502 2.53617 0
      vertex 12.8888 1.69684 4.5
      vertex 12.8888 1.69684 0
    endloop
  endfacet
  facet normal 0.935889 0.352294 0
    outer loop
      vertex 12.3101 4.17871 4.5
      vertex 12.0104 4.97488 0
      vertex 12.0104 4.97488 4.5
    endloop
  endfacet
  facet normal 0.935889 0.352294 0
    outer loop
      vertex 12.0104 4.97488 0
      vertex 12.3101 4.17871 4.5
      vertex 12.3101 4.17871 0
    endloop
  endfacet
  facet normal 0.849215 0.528048 0
    outer loop
      vertex 11.2583 6.5 4.5
      vertex 10.8091 7.22241 0
      vertex 10.8091 7.22241 4.5
    endloop
  endfacet
  facet normal 0.849215 0.528048 0
    outer loop
      vertex 10.8091 7.22241 0
      vertex 11.2583 6.5 4.5
      vertex 11.2583 6.5 0
    endloop
  endfacet
  facet normal 0.88193 0.471381 0
    outer loop
      vertex 11.6593 5.74975 4.5
      vertex 11.2583 6.5 0
      vertex 11.2583 6.5 4.5
    endloop
  endfacet
  facet normal 0.88193 0.471381 0
    outer loop
      vertex 11.2583 6.5 0
      vertex 11.6593 5.74975 4.5
      vertex 11.6593 5.74975 0
    endloop
  endfacet
  facet normal 0.290239 0.956954 -0
    outer loop
      vertex 4.17871 12.3101 0
      vertex 3.36465 12.557 4.5
      vertex 4.17871 12.3101 4.5
    endloop
  endfacet
  facet normal 0.290239 0.956954 0
    outer loop
      vertex 3.36465 12.557 4.5
      vertex 4.17871 12.3101 0
      vertex 3.36465 12.557 0
    endloop
  endfacet
  facet normal 0.0962627 0.995356 -0
    outer loop
      vertex 1.69684 12.8888 0
      vertex 1.67099 12.8913 1.55785
      vertex 1.69684 12.8888 1.6193
    endloop
  endfacet
  facet normal 0.0983859 0.995148 3.55656e-05
    outer loop
      vertex 1.69684 12.8888 0
      vertex 1.61742 12.8966 1.45238
      vertex 1.67099 12.8913 1.55785
    endloop
  endfacet
  facet normal 0.0981391 0.995173 2.19356e-05
    outer loop
      vertex 1.69684 12.8888 0
      vertex 1.5566 12.9026 1.3513
      vertex 1.61742 12.8966 1.45238
    endloop
  endfacet
  facet normal 0.0984763 0.995139 5.72778e-05
    outer loop
      vertex 1.69684 12.8888 0
      vertex 1.48895 12.9093 1.25512
      vertex 1.5566 12.9026 1.3513
    endloop
  endfacet
  facet normal 0.098122 0.995174 -1.98484e-06
    outer loop
      vertex 1.69684 12.8888 0
      vertex 1.41491 12.9166 1.1643
      vertex 1.48895 12.9093 1.25512
    endloop
  endfacet
  facet normal 0.0973013 0.995255 -0.000202627
    outer loop
      vertex 1.69684 12.8888 0
      vertex 1.33495 12.9244 1.07928
      vertex 1.41491 12.9166 1.1643
    endloop
  endfacet
  facet normal 0.0979084 0.995195 2.86971e-06
    outer loop
      vertex 1.69684 12.8888 0
      vertex 1.24957 12.9328 1.00043
      vertex 1.33495 12.9244 1.07928
    endloop
  endfacet
  facet normal 0.0980685 0.99518 7.51487e-05
    outer loop
      vertex 1.69684 12.8888 0
      vertex 1.15931 12.9417 0.928059
      vertex 1.24957 12.9328 1.00043
    endloop
  endfacet
  facet normal 0.0978592 0.9952 -4.72266e-05
    outer loop
      vertex 1.69684 12.8888 0
      vertex 1.0647 12.951 0.862459
      vertex 1.15931 12.9417 0.928059
    endloop
  endfacet
  facet normal 0.0980358 0.995183 8.34221e-05
    outer loop
      vertex 1.69684 12.8888 0
      vertex 0.966283 12.9607 0.803855
      vertex 1.0647 12.951 0.862459
    endloop
  endfacet
  facet normal 0.0980371 0.995183 8.46894e-05
    outer loop
      vertex 0.85024 12.9722 0
      vertex 0.966283 12.9607 0.803855
      vertex 1.69684 12.8888 0
    endloop
  endfacet
  facet normal 0.0978407 0.995202 0.000113323
    outer loop
      vertex 0.966283 12.9607 0.803855
      vertex 0.85024 12.9722 0
      vertex 0.864626 12.9707 0.752424
    endloop
  endfacet
  facet normal 0.103706 0.994608 0
    outer loop
      vertex 0.864626 12.9707 0.752424
      vertex 0.85024 12.9722 0
      vertex 0.85024 12.9722 0.746341
    endloop
  endfacet
  facet normal 0.0980371 0.995183 -8.46899e-05
    outer loop
      vertex 0.966283 12.9607 3.69615
      vertex 0.85024 12.9722 4.5
      vertex 1.69684 12.8888 4.5
    endloop
  endfacet
  facet normal 0.103706 0.994608 0
    outer loop
      vertex 0.85024 12.9722 4.5
      vertex 0.864626 12.9707 3.74758
      vertex 0.85024 12.9722 3.75366
    endloop
  endfacet
  facet normal 0.0978407 0.995202 -0.000113323
    outer loop
      vertex 0.85024 12.9722 4.5
      vertex 0.966283 12.9607 3.69615
      vertex 0.864626 12.9707 3.74758
    endloop
  endfacet
  facet normal 0.0980358 0.995183 -8.34194e-05
    outer loop
      vertex 1.69684 12.8888 4.5
      vertex 1.0647 12.951 3.63754
      vertex 0.966283 12.9607 3.69615
    endloop
  endfacet
  facet normal 0.0978592 0.9952 4.72265e-05
    outer loop
      vertex 1.69684 12.8888 4.5
      vertex 1.15931 12.9417 3.57194
      vertex 1.0647 12.951 3.63754
    endloop
  endfacet
  facet normal 0.0980685 0.99518 -7.51489e-05
    outer loop
      vertex 1.69684 12.8888 4.5
      vertex 1.24957 12.9328 3.49957
      vertex 1.15931 12.9417 3.57194
    endloop
  endfacet
  facet normal 0.0979084 0.995195 -2.86971e-06
    outer loop
      vertex 1.69684 12.8888 4.5
      vertex 1.33495 12.9244 3.42072
      vertex 1.24957 12.9328 3.49957
    endloop
  endfacet
  facet normal 0.0973013 0.995255 0.000202627
    outer loop
      vertex 1.69684 12.8888 4.5
      vertex 1.41491 12.9166 3.3357
      vertex 1.33495 12.9244 3.42072
    endloop
  endfacet
  facet normal 0.098122 0.995174 1.98484e-06
    outer loop
      vertex 1.69684 12.8888 4.5
      vertex 1.48895 12.9093 3.24488
      vertex 1.41491 12.9166 3.3357
    endloop
  endfacet
  facet normal 0.0984763 0.995139 -5.72778e-05
    outer loop
      vertex 1.69684 12.8888 4.5
      vertex 1.5566 12.9026 3.1487
      vertex 1.48895 12.9093 3.24488
    endloop
  endfacet
  facet normal 0.0981391 0.995173 -2.19356e-05
    outer loop
      vertex 1.69684 12.8888 4.5
      vertex 1.61742 12.8966 3.04762
      vertex 1.5566 12.9026 3.1487
    endloop
  endfacet
  facet normal 0.0983859 0.995148 -3.55656e-05
    outer loop
      vertex 1.69684 12.8888 4.5
      vertex 1.67099 12.8913 2.94215
      vertex 1.61742 12.8966 3.04762
    endloop
  endfacet
  facet normal 0.0962627 0.995356 0
    outer loop
      vertex 1.67099 12.8913 2.94215
      vertex 1.69684 12.8888 4.5
      vertex 1.69684 12.8888 2.8807
    endloop
  endfacet
  facet normal 0.352294 0.935889 -0
    outer loop
      vertex 4.97488 12.0104 0
      vertex 4.17871 12.3101 4.5
      vertex 4.97488 12.0104 4.5
    endloop
  endfacet
  facet normal 0.352294 0.935889 0
    outer loop
      vertex 4.17871 12.3101 4.5
      vertex 4.97488 12.0104 0
      vertex 4.17871 12.3101 0
    endloop
  endfacet
  facet normal 0.471381 0.88193 -0
    outer loop
      vertex 6.5 11.2583 0
      vertex 5.74975 11.6593 4.5
      vertex 6.5 11.2583 4.5
    endloop
  endfacet
  facet normal 0.471381 0.88193 0
    outer loop
      vertex 5.74975 11.6593 4.5
      vertex 6.5 11.2583 0
      vertex 5.74975 11.6593 0
    endloop
  endfacet
  facet normal 0.528048 0.849215 -0
    outer loop
      vertex 7.22241 10.8091 0
      vertex 6.5 11.2583 4.5
      vertex 7.22241 10.8091 4.5
    endloop
  endfacet
  facet normal 0.528048 0.849215 0
    outer loop
      vertex 6.5 11.2583 4.5
      vertex 7.22241 10.8091 0
      vertex 6.5 11.2583 0
    endloop
  endfacet
  facet normal 0.582466 0.812855 -0
    outer loop
      vertex 7.9139 10.3136 0
      vertex 7.22241 10.8091 4.5
      vertex 7.9139 10.3136 4.5
    endloop
  endfacet
  facet normal 0.582466 0.812855 0
    outer loop
      vertex 7.22241 10.8091 4.5
      vertex 7.9139 10.3136 0
      vertex 7.22241 10.8091 0
    endloop
  endfacet
  facet normal -0.77301 0.634394 0
    outer loop
      vertex -10.3136 7.9139 0
      vertex -9.77392 8.5715 4.5
      vertex -9.77392 8.5715 0
    endloop
  endfacet
  facet normal -0.77301 0.634394 0
    outer loop
      vertex -9.77392 8.5715 4.5
      vertex -10.3136 7.9139 0
      vertex -10.3136 7.9139 4.5
    endloop
  endfacet
  facet normal -0.88193 0.471381 0
    outer loop
      vertex -11.6593 5.74975 0
      vertex -11.2583 6.5 4.5
      vertex -11.2583 6.5 0
    endloop
  endfacet
  facet normal -0.88193 0.471381 0
    outer loop
      vertex -11.2583 6.5 4.5
      vertex -11.6593 5.74975 0
      vertex -11.6593 5.74975 4.5
    endloop
  endfacet
  facet normal -0.956954 0.290239 0
    outer loop
      vertex -12.557 3.36465 0
      vertex -12.3101 4.17871 4.5
      vertex -12.3101 4.17871 0
    endloop
  endfacet
  facet normal -0.956954 0.290239 0
    outer loop
      vertex -12.3101 4.17871 4.5
      vertex -12.557 3.36465 0
      vertex -12.557 3.36465 4.5
    endloop
  endfacet
  facet normal -0.995183 0.0980371 0
    outer loop
      vertex -12.9722 0.85024 0
      vertex -12.8888 1.69684 4.5
      vertex -12.8888 1.69684 0
    endloop
  endfacet
  facet normal -0.995183 0.0980371 0
    outer loop
      vertex -12.8888 1.69684 4.5
      vertex -12.9722 0.85024 0
      vertex -12.9722 0.85024 4.5
    endloop
  endfacet
  facet normal -0.582466 0.812855 0
    outer loop
      vertex -7.22241 10.8091 0
      vertex -7.9139 10.3136 4.5
      vertex -7.22241 10.8091 4.5
    endloop
  endfacet
  facet normal -0.582466 0.812855 0
    outer loop
      vertex -7.9139 10.3136 4.5
      vertex -7.22241 10.8091 0
      vertex -7.9139 10.3136 0
    endloop
  endfacet
  facet normal -0.471381 0.88193 0
    outer loop
      vertex -5.74975 11.6593 0
      vertex -6.5 11.2583 4.5
      vertex -5.74975 11.6593 4.5
    endloop
  endfacet
  facet normal -0.471381 0.88193 0
    outer loop
      vertex -6.5 11.2583 4.5
      vertex -5.74975 11.6593 0
      vertex -6.5 11.2583 0
    endloop
  endfacet
  facet normal -0.352294 0.935889 0
    outer loop
      vertex -4.17871 12.3101 0
      vertex -4.97488 12.0104 4.5
      vertex -4.17871 12.3101 4.5
    endloop
  endfacet
  facet normal -0.352294 0.935889 0
    outer loop
      vertex -4.97488 12.0104 4.5
      vertex -4.17871 12.3101 0
      vertex -4.97488 12.0104 0
    endloop
  endfacet
  facet normal -0.227105 0.97387 0
    outer loop
      vertex -2.53617 12.7502 0
      vertex -3.36465 12.557 4.5
      vertex -2.53617 12.7502 4.5
    endloop
  endfacet
  facet normal -0.227105 0.97387 0
    outer loop
      vertex -3.36465 12.557 4.5
      vertex -2.53617 12.7502 0
      vertex -3.36465 12.557 0
    endloop
  endfacet
  facet normal -0.0322922 0.999478 0
    outer loop
      vertex 0 13 0
      vertex -0.111424 12.9964 0.55
      vertex 0 13 0.55
    endloop
  endfacet
  facet normal -0.0332009 0.999449 -0.000184288
    outer loop
      vertex 0 13 0
      vertex -0.222846 12.9927 0.557311
      vertex -0.111424 12.9964 0.55
    endloop
  endfacet
  facet normal -0.0324161 0.999474 0.000129856
    outer loop
      vertex 0 13 0
      vertex -0.333785 12.9891 0.571948
      vertex -0.222846 12.9927 0.557311
    endloop
  endfacet
  facet normal -0.0326792 0.999466 -2.38556e-05
    outer loop
      vertex -0.85024 12.9722 0
      vertex -0.333785 12.9891 0.571948
      vertex 0 13 0
    endloop
  endfacet
  facet normal -0.0327174 0.999465 1.07137e-05
    outer loop
      vertex -0.333785 12.9891 0.571948
      vertex -0.85024 12.9722 0
      vertex -0.443752 12.9855 0.593894
    endloop
  endfacet
  facet normal -0.0330884 0.999452 0.00026491
    outer loop
      vertex -0.443752 12.9855 0.593894
      vertex -0.85024 12.9722 0
      vertex -0.552258 12.9819 0.623099
    endloop
  endfacet
  facet normal -0.0327871 0.999462 0.00012066
    outer loop
      vertex -0.552258 12.9819 0.623099
      vertex -0.85024 12.9722 0
      vertex -0.658816 12.9784 0.659479
    endloop
  endfacet
  facet normal -0.0326083 0.999468 6.87003e-05
    outer loop
      vertex -0.658816 12.9784 0.659479
      vertex -0.85024 12.9722 0
      vertex -0.762937 12.975 0.702916
    endloop
  endfacet
  facet normal -0.0320557 0.999486 0
    outer loop
      vertex -0.762937 12.975 0.702916
      vertex -0.85024 12.9722 0
      vertex -0.85024 12.9722 0.746341
    endloop
  endfacet
  facet normal -0.0322922 0.999478 0
    outer loop
      vertex -0.111424 12.9964 3.95
      vertex 0 13 4.5
      vertex 0 13 3.95
    endloop
  endfacet
  facet normal -0.0332009 0.999449 0.000184288
    outer loop
      vertex -0.222846 12.9927 3.94269
      vertex 0 13 4.5
      vertex -0.111424 12.9964 3.95
    endloop
  endfacet
  facet normal -0.0324161 0.999474 -0.000129858
    outer loop
      vertex -0.333785 12.9891 3.92805
      vertex 0 13 4.5
      vertex -0.222846 12.9927 3.94269
    endloop
  endfacet
  facet normal -0.0326792 0.999466 2.38555e-05
    outer loop
      vertex 0 13 4.5
      vertex -0.333785 12.9891 3.92805
      vertex -0.85024 12.9722 4.5
    endloop
  endfacet
  facet normal -0.0327174 0.999465 -1.07141e-05
    outer loop
      vertex -0.443752 12.9855 3.90611
      vertex -0.85024 12.9722 4.5
      vertex -0.333785 12.9891 3.92805
    endloop
  endfacet
  facet normal -0.0330884 0.999452 -0.000264904
    outer loop
      vertex -0.552258 12.9819 3.8769
      vertex -0.85024 12.9722 4.5
      vertex -0.443752 12.9855 3.90611
    endloop
  endfacet
  facet normal -0.0327871 0.999462 -0.00012066
    outer loop
      vertex -0.658816 12.9784 3.84052
      vertex -0.85024 12.9722 4.5
      vertex -0.552258 12.9819 3.8769
    endloop
  endfacet
  facet normal -0.0326083 0.999468 -6.86997e-05
    outer loop
      vertex -0.762937 12.975 3.79708
      vertex -0.85024 12.9722 4.5
      vertex -0.658816 12.9784 3.84052
    endloop
  endfacet
  facet normal -0.0320557 0.999486 0
    outer loop
      vertex -0.85024 12.9722 4.5
      vertex -0.762937 12.975 3.79708
      vertex -0.85024 12.9722 3.75366
    endloop
  endfacet
  facet normal 0.999466 -0.0326792 0
    outer loop
      vertex 12.9722 -0.85024 4.5
      vertex 13 0 0
      vertex 13 0 4.5
    endloop
  endfacet
  facet normal 0.999466 -0.0326792 0
    outer loop
      vertex 13 0 0
      vertex 12.9722 -0.85024 4.5
      vertex 12.9722 -0.85024 0
    endloop
  endfacet
  facet normal 0.0322922 -0.999478 0
    outer loop
      vertex 0 -13 0
      vertex 0.111424 -12.9964 0.55
      vertex 0 -13 0.55
    endloop
  endfacet
  facet normal 0.0332009 -0.999449 -0.000184288
    outer loop
      vertex 0 -13 0
      vertex 0.222846 -12.9927 0.557311
      vertex 0.111424 -12.9964 0.55
    endloop
  endfacet
  facet normal 0.0324161 -0.999474 0.000129856
    outer loop
      vertex 0 -13 0
      vertex 0.333785 -12.9891 0.571948
      vertex 0.222846 -12.9927 0.557311
    endloop
  endfacet
  facet normal 0.0326792 -0.999466 -2.38556e-05
    outer loop
      vertex 0.85024 -12.9722 0
      vertex 0.333785 -12.9891 0.571948
      vertex 0 -13 0
    endloop
  endfacet
  facet normal 0.0327174 -0.999465 1.07137e-05
    outer loop
      vertex 0.333785 -12.9891 0.571948
      vertex 0.85024 -12.9722 0
      vertex 0.443752 -12.9855 0.593894
    endloop
  endfacet
  facet normal 0.0330884 -0.999452 0.00026491
    outer loop
      vertex 0.443752 -12.9855 0.593894
      vertex 0.85024 -12.9722 0
      vertex 0.552258 -12.9819 0.623099
    endloop
  endfacet
  facet normal 0.0327871 -0.999462 0.00012066
    outer loop
      vertex 0.552258 -12.9819 0.623099
      vertex 0.85024 -12.9722 0
      vertex 0.658816 -12.9784 0.659479
    endloop
  endfacet
  facet normal 0.0326083 -0.999468 6.87003e-05
    outer loop
      vertex 0.658816 -12.9784 0.659479
      vertex 0.85024 -12.9722 0
      vertex 0.762937 -12.975 0.702916
    endloop
  endfacet
  facet normal 0.0320557 -0.999486 0
    outer loop
      vertex 0.762937 -12.975 0.702916
      vertex 0.85024 -12.9722 0
      vertex 0.85024 -12.9722 0.746341
    endloop
  endfacet
  facet normal 0.0322922 -0.999478 0
    outer loop
      vertex 0.111424 -12.9964 3.95
      vertex 0 -13 4.5
      vertex 0 -13 3.95
    endloop
  endfacet
  facet normal 0.0332009 -0.999449 0.000184288
    outer loop
      vertex 0.222846 -12.9927 3.94269
      vertex 0 -13 4.5
      vertex 0.111424 -12.9964 3.95
    endloop
  endfacet
  facet normal 0.0324161 -0.999474 -0.000129858
    outer loop
      vertex 0.333785 -12.9891 3.92805
      vertex 0 -13 4.5
      vertex 0.222846 -12.9927 3.94269
    endloop
  endfacet
  facet normal 0.0326792 -0.999466 2.38555e-05
    outer loop
      vertex 0 -13 4.5
      vertex 0.333785 -12.9891 3.92805
      vertex 0.85024 -12.9722 4.5
    endloop
  endfacet
  facet normal 0.0327174 -0.999465 -1.07141e-05
    outer loop
      vertex 0.443752 -12.9855 3.90611
      vertex 0.85024 -12.9722 4.5
      vertex 0.333785 -12.9891 3.92805
    endloop
  endfacet
  facet normal 0.0330884 -0.999452 -0.000264904
    outer loop
      vertex 0.552258 -12.9819 3.8769
      vertex 0.85024 -12.9722 4.5
      vertex 0.443752 -12.9855 3.90611
    endloop
  endfacet
  facet normal 0.0327871 -0.999462 -0.00012066
    outer loop
      vertex 0.658816 -12.9784 3.84052
      vertex 0.85024 -12.9722 4.5
      vertex 0.552258 -12.9819 3.8769
    endloop
  endfacet
  facet normal 0.0326083 -0.999468 -6.86997e-05
    outer loop
      vertex 0.762937 -12.975 3.79708
      vertex 0.85024 -12.9722 4.5
      vertex 0.658816 -12.9784 3.84052
    endloop
  endfacet
  facet normal 0.0320557 -0.999486 0
    outer loop
      vertex 0.85024 -12.9722 4.5
      vertex 0.762937 -12.975 3.79708
      vertex 0.85024 -12.9722 3.75366
    endloop
  endfacet
  facet normal 0.227105 -0.97387 0
    outer loop
      vertex 2.53617 -12.7502 0
      vertex 3.36465 -12.557 4.5
      vertex 2.53617 -12.7502 4.5
    endloop
  endfacet
  facet normal 0.227105 -0.97387 0
    outer loop
      vertex 3.36465 -12.557 4.5
      vertex 2.53617 -12.7502 0
      vertex 3.36465 -12.557 0
    endloop
  endfacet
  facet normal 0.162925 -0.986638 0
    outer loop
      vertex 1.69684 -12.8888 2.8807
      vertex 2.53617 -12.7502 4.5
      vertex 1.69684 -12.8888 4.5
    endloop
  endfacet
  facet normal 0.163477 -0.986547 -0.000293937
    outer loop
      vertex 1.71848 -12.8852 2.83334
      vertex 2.53617 -12.7502 4.5
      vertex 1.69684 -12.8888 2.8807
    endloop
  endfacet
  facet normal 0.163187 -0.986595 -0.000147778
    outer loop
      vertex 1.75949 -12.8784 2.72145
      vertex 2.53617 -12.7502 4.5
      vertex 1.71848 -12.8852 2.83334
    endloop
  endfacet
  facet normal 0.162491 -0.98671 0.000164384
    outer loop
      vertex 1.79179 -12.8731 2.60641
      vertex 2.53617 -12.7502 4.5
      vertex 1.75949 -12.8784 2.72145
    endloop
  endfacet
  facet normal 0.162272 -0.986746 0.000252799
    outer loop
      vertex 1.81508 -12.8693 2.48896
      vertex 2.53617 -12.7502 4.5
      vertex 1.79179 -12.8731 2.60641
    endloop
  endfacet
  facet normal 0.164302 -0.98641 -0.000494963
    outer loop
      vertex 1.82913 -12.8669 2.36989
      vertex 2.53617 -12.7502 4.5
      vertex 1.81508 -12.8693 2.48896
    endloop
  endfacet
  facet normal 0.16118 -0.986925 0.000569763
    outer loop
      vertex 1.83384 -12.8662 2.25
      vertex 2.53617 -12.7502 4.5
      vertex 1.82913 -12.8669 2.36989
    endloop
  endfacet
  facet normal 0.16118 -0.986925 -0.000569763
    outer loop
      vertex 2.53617 -12.7502 0
      vertex 1.83384 -12.8662 2.25
      vertex 1.82913 -12.8669 2.13011
    endloop
  endfacet
  facet normal 0.164302 -0.98641 0.000494963
    outer loop
      vertex 2.53617 -12.7502 0
      vertex 1.82913 -12.8669 2.13011
      vertex 1.81508 -12.8693 2.01104
    endloop
  endfacet
  facet normal 0.162272 -0.986746 -0.000252799
    outer loop
      vertex 2.53617 -12.7502 0
      vertex 1.81508 -12.8693 2.01104
      vertex 1.79179 -12.8731 1.89359
    endloop
  endfacet
  facet normal 0.162491 -0.98671 -0.000164376
    outer loop
      vertex 2.53617 -12.7502 0
      vertex 1.79179 -12.8731 1.89359
      vertex 1.75949 -12.8784 1.77854
    endloop
  endfacet
  facet normal 0.162925 -0.986638 0
    outer loop
      vertex 2.53617 -12.7502 0
      vertex 1.69684 -12.8888 1.6193
      vertex 1.69684 -12.8888 0
    endloop
  endfacet
  facet normal 0.163477 -0.986547 0.00029397
    outer loop
      vertex 1.69684 -12.8888 1.6193
      vertex 2.53617 -12.7502 0
      vertex 1.71848 -12.8852 1.66665
    endloop
  endfacet
  facet normal 0.163187 -0.986595 0.000147779
    outer loop
      vertex 1.71848 -12.8852 1.66665
      vertex 2.53617 -12.7502 0
      vertex 1.75949 -12.8784 1.77854
    endloop
  endfacet
  facet normal 0.162957 -0.986633 0
    outer loop
      vertex 1.83384 -12.8662 2.25
      vertex 2.53617 -12.7502 0
      vertex 2.53617 -12.7502 4.5
    endloop
  endfacet
  facet normal 0.352294 -0.935889 0
    outer loop
      vertex 4.17871 -12.3101 0
      vertex 4.97488 -12.0104 4.5
      vertex 4.17871 -12.3101 4.5
    endloop
  endfacet
  facet normal 0.352294 -0.935889 0
    outer loop
      vertex 4.97488 -12.0104 4.5
      vertex 4.17871 -12.3101 0
      vertex 4.97488 -12.0104 0
    endloop
  endfacet
  facet normal 0.412718 -0.910859 0
    outer loop
      vertex 4.97488 -12.0104 0
      vertex 5.74975 -11.6593 4.5
      vertex 4.97488 -12.0104 4.5
    endloop
  endfacet
  facet normal 0.412718 -0.910859 0
    outer loop
      vertex 5.74975 -11.6593 4.5
      vertex 4.97488 -12.0104 0
      vertex 5.74975 -11.6593 0
    endloop
  endfacet
  facet normal 0.729862 -0.683594 0
    outer loop
      vertex 9.19239 -9.19239 4.5
      vertex 9.77392 -8.5715 0
      vertex 9.77392 -8.5715 4.5
    endloop
  endfacet
  facet normal 0.729862 -0.683594 0
    outer loop
      vertex 9.77392 -8.5715 0
      vertex 9.19239 -9.19239 4.5
      vertex 9.19239 -9.19239 0
    endloop
  endfacet
  facet normal 0.582466 -0.812855 0
    outer loop
      vertex 7.22241 -10.8091 0
      vertex 7.9139 -10.3136 4.5
      vertex 7.22241 -10.8091 4.5
    endloop
  endfacet
  facet normal 0.582466 -0.812855 0
    outer loop
      vertex 7.9139 -10.3136 4.5
      vertex 7.22241 -10.8091 0
      vertex 7.9139 -10.3136 0
    endloop
  endfacet
  facet normal 0.471381 -0.88193 0
    outer loop
      vertex 5.74975 -11.6593 0
      vertex 6.5 -11.2583 4.5
      vertex 5.74975 -11.6593 4.5
    endloop
  endfacet
  facet normal 0.471381 -0.88193 0
    outer loop
      vertex 6.5 -11.2583 4.5
      vertex 5.74975 -11.6593 0
      vertex 6.5 -11.2583 0
    endloop
  endfacet
  facet normal 0.812855 -0.582466 0
    outer loop
      vertex 10.3136 -7.9139 4.5
      vertex 10.8091 -7.22241 0
      vertex 10.8091 -7.22241 4.5
    endloop
  endfacet
  facet normal 0.812855 -0.582466 0
    outer loop
      vertex 10.8091 -7.22241 0
      vertex 10.3136 -7.9139 4.5
      vertex 10.3136 -7.9139 0
    endloop
  endfacet
  facet normal 0.910859 -0.412718 0
    outer loop
      vertex 11.6593 -5.74975 4.5
      vertex 12.0104 -4.97488 0
      vertex 12.0104 -4.97488 4.5
    endloop
  endfacet
  facet normal 0.910859 -0.412718 0
    outer loop
      vertex 12.0104 -4.97488 0
      vertex 11.6593 -5.74975 4.5
      vertex 11.6593 -5.74975 0
    endloop
  endfacet
  facet normal 0.935889 -0.352294 0
    outer loop
      vertex 12.0104 -4.97488 4.5
      vertex 12.3101 -4.17871 0
      vertex 12.3101 -4.17871 4.5
    endloop
  endfacet
  facet normal 0.935889 -0.352294 0
    outer loop
      vertex 12.3101 -4.17871 0
      vertex 12.0104 -4.97488 4.5
      vertex 12.0104 -4.97488 0
    endloop
  endfacet
  facet normal 0.97387 -0.227105 0
    outer loop
      vertex 12.557 -3.36465 4.5
      vertex 12.7502 -2.53617 0
      vertex 12.7502 -2.53617 4.5
    endloop
  endfacet
  facet normal 0.97387 -0.227105 0
    outer loop
      vertex 12.7502 -2.53617 0
      vertex 12.557 -3.36465 4.5
      vertex 12.557 -3.36465 0
    endloop
  endfacet
  facet normal 0.995183 -0.0980371 0
    outer loop
      vertex 12.8888 -1.69684 4.5
      vertex 12.9722 -0.85024 0
      vertex 12.9722 -0.85024 4.5
    endloop
  endfacet
  facet normal 0.995183 -0.0980371 0
    outer loop
      vertex 12.9722 -0.85024 0
      vertex 12.8888 -1.69684 4.5
      vertex 12.8888 -1.69684 0
    endloop
  endfacet
  facet normal -0.683594 -0.729862 0
    outer loop
      vertex -9.19239 -9.19239 0
      vertex -8.5715 -9.77392 4.5
      vertex -9.19239 -9.19239 4.5
    endloop
  endfacet
  facet normal -0.683594 -0.729862 -0
    outer loop
      vertex -8.5715 -9.77392 4.5
      vertex -9.19239 -9.19239 0
      vertex -8.5715 -9.77392 0
    endloop
  endfacet
  facet normal -0.634394 -0.77301 0
    outer loop
      vertex -8.5715 -9.77392 0
      vertex -7.9139 -10.3136 4.5
      vertex -8.5715 -9.77392 4.5
    endloop
  endfacet
  facet normal -0.634394 -0.77301 -0
    outer loop
      vertex -7.9139 -10.3136 4.5
      vertex -8.5715 -9.77392 0
      vertex -7.9139 -10.3136 0
    endloop
  endfacet
  facet normal -0.412718 -0.910859 0
    outer loop
      vertex -5.74975 -11.6593 0
      vertex -4.97488 -12.0104 4.5
      vertex -5.74975 -11.6593 4.5
    endloop
  endfacet
  facet normal -0.412718 -0.910859 -0
    outer loop
      vertex -4.97488 -12.0104 4.5
      vertex -5.74975 -11.6593 0
      vertex -4.97488 -12.0104 0
    endloop
  endfacet
  facet normal -0.528048 -0.849215 0
    outer loop
      vertex -7.22241 -10.8091 0
      vertex -6.5 -11.2583 4.5
      vertex -7.22241 -10.8091 4.5
    endloop
  endfacet
  facet normal -0.528048 -0.849215 -0
    outer loop
      vertex -6.5 -11.2583 4.5
      vertex -7.22241 -10.8091 0
      vertex -6.5 -11.2583 0
    endloop
  endfacet
  facet normal -0.227105 -0.97387 0
    outer loop
      vertex -3.36465 -12.557 0
      vertex -2.53617 -12.7502 4.5
      vertex -3.36465 -12.557 4.5
    endloop
  endfacet
  facet normal -0.227105 -0.97387 -0
    outer loop
      vertex -2.53617 -12.7502 4.5
      vertex -3.36465 -12.557 0
      vertex -2.53617 -12.7502 0
    endloop
  endfacet
  facet normal -0.0962627 -0.995356 0
    outer loop
      vertex -1.69684 -12.8888 0
      vertex -1.67099 -12.8913 1.55785
      vertex -1.69684 -12.8888 1.6193
    endloop
  endfacet
  facet normal -0.0983859 -0.995148 3.55656e-05
    outer loop
      vertex -1.69684 -12.8888 0
      vertex -1.61742 -12.8966 1.45238
      vertex -1.67099 -12.8913 1.55785
    endloop
  endfacet
  facet normal -0.0981391 -0.995173 2.19356e-05
    outer loop
      vertex -1.69684 -12.8888 0
      vertex -1.5566 -12.9026 1.3513
      vertex -1.61742 -12.8966 1.45238
    endloop
  endfacet
  facet normal -0.0984763 -0.995139 5.72778e-05
    outer loop
      vertex -1.69684 -12.8888 0
      vertex -1.48895 -12.9093 1.25512
      vertex -1.5566 -12.9026 1.3513
    endloop
  endfacet
  facet normal -0.098122 -0.995174 -1.98484e-06
    outer loop
      vertex -1.69684 -12.8888 0
      vertex -1.41491 -12.9166 1.1643
      vertex -1.48895 -12.9093 1.25512
    endloop
  endfacet
  facet normal -0.0973013 -0.995255 -0.000202627
    outer loop
      vertex -1.69684 -12.8888 0
      vertex -1.33495 -12.9244 1.07928
      vertex -1.41491 -12.9166 1.1643
    endloop
  endfacet
  facet normal -0.0979084 -0.995195 2.86971e-06
    outer loop
      vertex -1.69684 -12.8888 0
      vertex -1.24957 -12.9328 1.00043
      vertex -1.33495 -12.9244 1.07928
    endloop
  endfacet
  facet normal -0.0980685 -0.99518 7.51487e-05
    outer loop
      vertex -1.69684 -12.8888 0
      vertex -1.15931 -12.9417 0.928059
      vertex -1.24957 -12.9328 1.00043
    endloop
  endfacet
  facet normal -0.0978592 -0.9952 -4.72266e-05
    outer loop
      vertex -1.69684 -12.8888 0
      vertex -1.0647 -12.951 0.862459
      vertex -1.15931 -12.9417 0.928059
    endloop
  endfacet
  facet normal -0.0980358 -0.995183 8.34221e-05
    outer loop
      vertex -1.69684 -12.8888 0
      vertex -0.966283 -12.9607 0.803855
      vertex -1.0647 -12.951 0.862459
    endloop
  endfacet
  facet normal -0.0980371 -0.995183 8.46894e-05
    outer loop
      vertex -0.85024 -12.9722 0
      vertex -0.966283 -12.9607 0.803855
      vertex -1.69684 -12.8888 0
    endloop
  endfacet
  facet normal -0.0978407 -0.995202 0.000113323
    outer loop
      vertex -0.966283 -12.9607 0.803855
      vertex -0.85024 -12.9722 0
      vertex -0.864626 -12.9707 0.752424
    endloop
  endfacet
  facet normal -0.103706 -0.994608 0
    outer loop
      vertex -0.864626 -12.9707 0.752424
      vertex -0.85024 -12.9722 0
      vertex -0.85024 -12.9722 0.746341
    endloop
  endfacet
  facet normal -0.0980371 -0.995183 -8.46899e-05
    outer loop
      vertex -0.966283 -12.9607 3.69615
      vertex -0.85024 -12.9722 4.5
      vertex -1.69684 -12.8888 4.5
    endloop
  endfacet
  facet normal -0.103706 -0.994608 -0
    outer loop
      vertex -0.85024 -12.9722 4.5
      vertex -0.864626 -12.9707 3.74758
      vertex -0.85024 -12.9722 3.75366
    endloop
  endfacet
  facet normal -0.0978407 -0.995202 -0.000113323
    outer loop
      vertex -0.85024 -12.9722 4.5
      vertex -0.966283 -12.9607 3.69615
      vertex -0.864626 -12.9707 3.74758
    endloop
  endfacet
  facet normal -0.0980358 -0.995183 -8.34194e-05
    outer loop
      vertex -1.69684 -12.8888 4.5
      vertex -1.0647 -12.951 3.63754
      vertex -0.966283 -12.9607 3.69615
    endloop
  endfacet
  facet normal -0.0978592 -0.9952 4.72265e-05
    outer loop
      vertex -1.69684 -12.8888 4.5
      vertex -1.15931 -12.9417 3.57194
      vertex -1.0647 -12.951 3.63754
    endloop
  endfacet
  facet normal -0.0980685 -0.99518 -7.51489e-05
    outer loop
      vertex -1.69684 -12.8888 4.5
      vertex -1.24957 -12.9328 3.49957
      vertex -1.15931 -12.9417 3.57194
    endloop
  endfacet
  facet normal -0.0979084 -0.995195 -2.86971e-06
    outer loop
      vertex -1.69684 -12.8888 4.5
      vertex -1.33495 -12.9244 3.42072
      vertex -1.24957 -12.9328 3.49957
    endloop
  endfacet
  facet normal -0.0973013 -0.995255 0.000202627
    outer loop
      vertex -1.69684 -12.8888 4.5
      vertex -1.41491 -12.9166 3.3357
      vertex -1.33495 -12.9244 3.42072
    endloop
  endfacet
  facet normal -0.098122 -0.995174 1.98484e-06
    outer loop
      vertex -1.69684 -12.8888 4.5
      vertex -1.48895 -12.9093 3.24488
      vertex -1.41491 -12.9166 3.3357
    endloop
  endfacet
  facet normal -0.0984763 -0.995139 -5.72778e-05
    outer loop
      vertex -1.69684 -12.8888 4.5
      vertex -1.5566 -12.9026 3.1487
      vertex -1.48895 -12.9093 3.24488
    endloop
  endfacet
  facet normal -0.0981391 -0.995173 -2.19356e-05
    outer loop
      vertex -1.69684 -12.8888 4.5
      vertex -1.61742 -12.8966 3.04762
      vertex -1.5566 -12.9026 3.1487
    endloop
  endfacet
  facet normal -0.0983859 -0.995148 -3.55656e-05
    outer loop
      vertex -1.69684 -12.8888 4.5
      vertex -1.67099 -12.8913 2.94215
      vertex -1.61742 -12.8966 3.04762
    endloop
  endfacet
  facet normal -0.0962627 -0.995356 0
    outer loop
      vertex -1.67099 -12.8913 2.94215
      vertex -1.69684 -12.8888 4.5
      vertex -1.69684 -12.8888 2.8807
    endloop
  endfacet
  facet normal -0.729862 -0.683594 0
    outer loop
      vertex -9.19239 -9.19239 0
      vertex -9.77392 -8.5715 4.5
      vertex -9.77392 -8.5715 0
    endloop
  endfacet
  facet normal -0.729862 -0.683594 0
    outer loop
      vertex -9.77392 -8.5715 4.5
      vertex -9.19239 -9.19239 0
      vertex -9.19239 -9.19239 4.5
    endloop
  endfacet
  facet normal -0.88193 -0.471381 0
    outer loop
      vertex -11.2583 -6.5 0
      vertex -11.6593 -5.74975 4.5
      vertex -11.6593 -5.74975 0
    endloop
  endfacet
  facet normal -0.88193 -0.471381 0
    outer loop
      vertex -11.6593 -5.74975 4.5
      vertex -11.2583 -6.5 0
      vertex -11.2583 -6.5 4.5
    endloop
  endfacet
  facet normal -0.935889 -0.352294 0
    outer loop
      vertex -12.0104 -4.97488 0
      vertex -12.3101 -4.17871 4.5
      vertex -12.3101 -4.17871 0
    endloop
  endfacet
  facet normal -0.935889 -0.352294 0
    outer loop
      vertex -12.3101 -4.17871 4.5
      vertex -12.0104 -4.97488 0
      vertex -12.0104 -4.97488 4.5
    endloop
  endfacet
  facet normal -0.956954 -0.290239 0
    outer loop
      vertex -12.3101 -4.17871 0
      vertex -12.557 -3.36465 4.5
      vertex -12.557 -3.36465 0
    endloop
  endfacet
  facet normal -0.956954 -0.290239 0
    outer loop
      vertex -12.557 -3.36465 4.5
      vertex -12.3101 -4.17871 0
      vertex -12.3101 -4.17871 4.5
    endloop
  endfacet
  facet normal -0.986638 -0.162925 0
    outer loop
      vertex -12.7502 -2.53617 0
      vertex -12.8888 -1.69684 4.5
      vertex -12.8888 -1.69684 0
    endloop
  endfacet
  facet normal -0.986638 -0.162925 0
    outer loop
      vertex -12.8888 -1.69684 4.5
      vertex -12.7502 -2.53617 0
      vertex -12.7502 -2.53617 4.5
    endloop
  endfacet
  facet normal -0.999466 -0.0326792 0
    outer loop
      vertex -12.9722 -0.85024 0
      vertex -13 0 4.5
      vertex -13 0 0
    endloop
  endfacet
  facet normal -0.999466 -0.0326792 0
    outer loop
      vertex -13 0 4.5
      vertex -12.9722 -0.85024 0
      vertex -12.9722 -0.85024 4.5
    endloop
  endfacet
  facet normal -0.729862 0.683594 0
    outer loop
      vertex -9.77392 8.5715 0
      vertex -9.19239 9.19239 4.5
      vertex -9.19239 9.19239 0
    endloop
  endfacet
  facet normal -0.729862 0.683594 0
    outer loop
      vertex -9.19239 9.19239 4.5
      vertex -9.77392 8.5715 0
      vertex -9.77392 8.5715 4.5
    endloop
  endfacet
  facet normal -0.935889 0.352294 0
    outer loop
      vertex -12.3101 4.17871 0
      vertex -12.0104 4.97488 4.5
      vertex -12.0104 4.97488 0
    endloop
  endfacet
  facet normal -0.935889 0.352294 0
    outer loop
      vertex -12.0104 4.97488 4.5
      vertex -12.3101 4.17871 0
      vertex -12.3101 4.17871 4.5
    endloop
  endfacet
  facet normal -0.634394 0.77301 0
    outer loop
      vertex -7.9139 10.3136 0
      vertex -8.5715 9.77392 4.5
      vertex -7.9139 10.3136 4.5
    endloop
  endfacet
  facet normal -0.634394 0.77301 0
    outer loop
      vertex -8.5715 9.77392 4.5
      vertex -7.9139 10.3136 0
      vertex -8.5715 9.77392 0
    endloop
  endfacet
  facet normal -0.290239 0.956954 0
    outer loop
      vertex -3.36465 12.557 0
      vertex -4.17871 12.3101 4.5
      vertex -3.36465 12.557 4.5
    endloop
  endfacet
  facet normal -0.290239 0.956954 0
    outer loop
      vertex -4.17871 12.3101 4.5
      vertex -3.36465 12.557 0
      vertex -4.17871 12.3101 0
    endloop
  endfacet
  facet normal 0.103706 -0.994608 0
    outer loop
      vertex 0.85024 -12.9722 0
      vertex 0.864626 -12.9707 0.752424
      vertex 0.85024 -12.9722 0.746341
    endloop
  endfacet
  facet normal 0.0978407 -0.995202 0.000113323
    outer loop
      vertex 0.85024 -12.9722 0
      vertex 0.966283 -12.9607 0.803855
      vertex 0.864626 -12.9707 0.752424
    endloop
  endfacet
  facet normal 0.0980371 -0.995183 8.46894e-05
    outer loop
      vertex 1.69684 -12.8888 0
      vertex 0.966283 -12.9607 0.803855
      vertex 0.85024 -12.9722 0
    endloop
  endfacet
  facet normal 0.0980358 -0.995183 8.34221e-05
    outer loop
      vertex 0.966283 -12.9607 0.803855
      vertex 1.69684 -12.8888 0
      vertex 1.0647 -12.951 0.862459
    endloop
  endfacet
  facet normal 0.0978592 -0.9952 -4.72266e-05
    outer loop
      vertex 1.0647 -12.951 0.862459
      vertex 1.69684 -12.8888 0
      vertex 1.15931 -12.9417 0.928059
    endloop
  endfacet
  facet normal 0.0980685 -0.99518 7.51487e-05
    outer loop
      vertex 1.15931 -12.9417 0.928059
      vertex 1.69684 -12.8888 0
      vertex 1.24957 -12.9328 1.00043
    endloop
  endfacet
  facet normal 0.0979084 -0.995195 2.86971e-06
    outer loop
      vertex 1.24957 -12.9328 1.00043
      vertex 1.69684 -12.8888 0
      vertex 1.33495 -12.9244 1.07928
    endloop
  endfacet
  facet normal 0.0973013 -0.995255 -0.000202627
    outer loop
      vertex 1.33495 -12.9244 1.07928
      vertex 1.69684 -12.8888 0
      vertex 1.41491 -12.9166 1.1643
    endloop
  endfacet
  facet normal 0.098122 -0.995174 -1.98484e-06
    outer loop
      vertex 1.41491 -12.9166 1.1643
      vertex 1.69684 -12.8888 0
      vertex 1.48895 -12.9093 1.25512
    endloop
  endfacet
  facet normal 0.0984763 -0.995139 5.72778e-05
    outer loop
      vertex 1.48895 -12.9093 1.25512
      vertex 1.69684 -12.8888 0
      vertex 1.5566 -12.9026 1.3513
    endloop
  endfacet
  facet normal 0.0962627 -0.995356 0
    outer loop
      vertex 1.67099 -12.8913 1.55785
      vertex 1.69684 -12.8888 0
      vertex 1.69684 -12.8888 1.6193
    endloop
  endfacet
  facet normal 0.0983859 -0.995148 3.55656e-05
    outer loop
      vertex 1.61742 -12.8966 1.45238
      vertex 1.69684 -12.8888 0
      vertex 1.67099 -12.8913 1.55785
    endloop
  endfacet
  facet normal 0.0981391 -0.995173 2.19356e-05
    outer loop
      vertex 1.5566 -12.9026 1.3513
      vertex 1.69684 -12.8888 0
      vertex 1.61742 -12.8966 1.45238
    endloop
  endfacet
  facet normal 0.103706 -0.994608 0
    outer loop
      vertex 0.864626 -12.9707 3.74758
      vertex 0.85024 -12.9722 4.5
      vertex 0.85024 -12.9722 3.75366
    endloop
  endfacet
  facet normal 0.0978407 -0.995202 -0.000113323
    outer loop
      vertex 0.966283 -12.9607 3.69615
      vertex 0.85024 -12.9722 4.5
      vertex 0.864626 -12.9707 3.74758
    endloop
  endfacet
  facet normal 0.0980371 -0.995183 -8.46899e-05
    outer loop
      vertex 0.85024 -12.9722 4.5
      vertex 0.966283 -12.9607 3.69615
      vertex 1.69684 -12.8888 4.5
    endloop
  endfacet
  facet normal 0.0980358 -0.995183 -8.34194e-05
    outer loop
      vertex 1.0647 -12.951 3.63754
      vertex 1.69684 -12.8888 4.5
      vertex 0.966283 -12.9607 3.69615
    endloop
  endfacet
  facet normal 0.0978592 -0.9952 4.72265e-05
    outer loop
      vertex 1.15931 -12.9417 3.57194
      vertex 1.69684 -12.8888 4.5
      vertex 1.0647 -12.951 3.63754
    endloop
  endfacet
  facet normal 0.0980685 -0.99518 -7.51489e-05
    outer loop
      vertex 1.24957 -12.9328 3.49957
      vertex 1.69684 -12.8888 4.5
      vertex 1.15931 -12.9417 3.57194
    endloop
  endfacet
  facet normal 0.0979084 -0.995195 -2.86971e-06
    outer loop
      vertex 1.33495 -12.9244 3.42072
      vertex 1.69684 -12.8888 4.5
      vertex 1.24957 -12.9328 3.49957
    endloop
  endfacet
  facet normal 0.0973013 -0.995255 0.000202627
    outer loop
      vertex 1.41491 -12.9166 3.3357
      vertex 1.69684 -12.8888 4.5
      vertex 1.33495 -12.9244 3.42072
    endloop
  endfacet
  facet normal 0.098122 -0.995174 1.98484e-06
    outer loop
      vertex 1.48895 -12.9093 3.24488
      vertex 1.69684 -12.8888 4.5
      vertex 1.41491 -12.9166 3.3357
    endloop
  endfacet
  facet normal 0.0984763 -0.995139 -5.72778e-05
    outer loop
      vertex 1.5566 -12.9026 3.1487
      vertex 1.69684 -12.8888 4.5
      vertex 1.48895 -12.9093 3.24488
    endloop
  endfacet
  facet normal 0.0981391 -0.995173 -2.19356e-05
    outer loop
      vertex 1.61742 -12.8966 3.04762
      vertex 1.69684 -12.8888 4.5
      vertex 1.5566 -12.9026 3.1487
    endloop
  endfacet
  facet normal 0.0983859 -0.995148 -3.55656e-05
    outer loop
      vertex 1.67099 -12.8913 2.94215
      vertex 1.69684 -12.8888 4.5
      vertex 1.61742 -12.8966 3.04762
    endloop
  endfacet
  facet normal 0.0962627 -0.995356 0
    outer loop
      vertex 1.69684 -12.8888 4.5
      vertex 1.67099 -12.8913 2.94215
      vertex 1.69684 -12.8888 2.8807
    endloop
  endfacet
  facet normal 0.849215 -0.528048 0
    outer loop
      vertex 10.8091 -7.22241 4.5
      vertex 11.2583 -6.5 0
      vertex 11.2583 -6.5 4.5
    endloop
  endfacet
  facet normal 0.849215 -0.528048 0
    outer loop
      vertex 11.2583 -6.5 0
      vertex 10.8091 -7.22241 4.5
      vertex 10.8091 -7.22241 0
    endloop
  endfacet
  facet normal -0.471381 -0.88193 0
    outer loop
      vertex -6.5 -11.2583 0
      vertex -5.74975 -11.6593 4.5
      vertex -6.5 -11.2583 4.5
    endloop
  endfacet
  facet normal -0.471381 -0.88193 -0
    outer loop
      vertex -5.74975 -11.6593 4.5
      vertex -6.5 -11.2583 0
      vertex -5.74975 -11.6593 0
    endloop
  endfacet
  facet normal -0.290239 -0.956954 0
    outer loop
      vertex -4.17871 -12.3101 0
      vertex -3.36465 -12.557 4.5
      vertex -4.17871 -12.3101 4.5
    endloop
  endfacet
  facet normal -0.290239 -0.956954 -0
    outer loop
      vertex -3.36465 -12.557 4.5
      vertex -4.17871 -12.3101 0
      vertex -3.36465 -12.557 0
    endloop
  endfacet
  facet normal -0.995183 -0.0980371 0
    outer loop
      vertex -12.8888 -1.69684 0
      vertex -12.9722 -0.85024 4.5
      vertex -12.9722 -0.85024 0
    endloop
  endfacet
  facet normal -0.995183 -0.0980371 0
    outer loop
      vertex -12.9722 -0.85024 4.5
      vertex -12.8888 -1.69684 0
      vertex -12.8888 -1.69684 4.5
    endloop
  endfacet
  facet normal 0.986638 -0.162925 0
    outer loop
      vertex 12.7502 -2.53617 4.5
      vertex 12.8888 -1.69684 0
      vertex 12.8888 -1.69684 4.5
    endloop
  endfacet
  facet normal 0.986638 -0.162925 0
    outer loop
      vertex 12.8888 -1.69684 0
      vertex 12.7502 -2.53617 4.5
      vertex 12.7502 -2.53617 0
    endloop
  endfacet
  facet normal 0 0 1
    outer loop
      vertex 2.01712 -3.26593 3.9
      vertex 0.0376587 -1.55702 3.9
      vertex 0.631042 -3.26593 3.9
    endloop
  endfacet
  facet normal 0 0 1
    outer loop
      vertex 2.01712 -3.26593 3.9
      vertex -0.27565 -0.503235 3.9
      vertex 0.0376587 -1.55702 3.9
    endloop
  endfacet
  facet normal 0 0 1
    outer loop
      vertex -0.413269 3.42241 3.9
      vertex -0.27565 -0.503235 3.9
      vertex 2.01712 -3.26593 3.9
    endloop
  endfacet
  facet normal 0 0 1
    outer loop
      vertex -0.413269 3.42241 3.9
      vertex -0.935471 1.41922 3.9
      vertex -0.27565 -0.503235 3.9
    endloop
  endfacet
  facet normal 0 0 1
    outer loop
      vertex -0.413269 3.42241 3.9
      vertex -1.13951 2.06476 3.9
      vertex -0.935471 1.41922 3.9
    endloop
  endfacet
  facet normal 0 0 1
    outer loop
      vertex -0.413269 3.42241 3.9
      vertex -1.23926 2.39236 3.9
      vertex -1.13951 2.06476 3.9
    endloop
  endfacet
  facet normal 0 0 1
    outer loop
      vertex -2.0652 3.42241 3.9
      vertex -1.26768 2.28792 3.9
      vertex -1.23926 2.39236 3.9
    endloop
  endfacet
  facet normal 0 0 1
    outer loop
      vertex -1.26768 2.28792 3.9
      vertex -2.0652 3.42241 3.9
      vertex -1.27512 2.26135 3.9
    endloop
  endfacet
  facet normal 0 0 1
    outer loop
      vertex -1.27512 2.26135 3.9
      vertex -2.0652 3.42241 3.9
      vertex -1.28276 2.23421 3.9
    endloop
  endfacet
  facet normal 0 0 1
    outer loop
      vertex -1.28276 2.23421 3.9
      vertex -2.0652 3.42241 3.9
      vertex -1.29063 2.20651 3.9
    endloop
  endfacet
  facet normal 0 0 1
    outer loop
      vertex -1.29063 2.20651 3.9
      vertex -2.0652 3.42241 3.9
      vertex -1.29872 2.17824 3.9
    endloop
  endfacet
  facet normal 0 0 1
    outer loop
      vertex -1.29872 2.17824 3.9
      vertex -2.0652 3.42241 3.9
      vertex -1.30704 2.14943 3.9
    endloop
  endfacet
  facet normal 0 0 1
    outer loop
      vertex -1.30704 2.14943 3.9
      vertex -2.0652 3.42241 3.9
      vertex -1.31558 2.12004 3.9
    endloop
  endfacet
  facet normal 0 0 1
    outer loop
      vertex -1.31558 2.12004 3.9
      vertex -2.0652 3.42241 3.9
      vertex -1.32436 2.09009 3.9
    endloop
  endfacet
  facet normal 0 0 1
    outer loop
      vertex -1.32436 2.09009 3.9
      vertex -2.0652 3.42241 3.9
      vertex -1.33334 2.05959 3.9
    endloop
  endfacet
  facet normal 0 0 1
    outer loop
      vertex -1.33334 2.05959 3.9
      vertex -2.0652 3.42241 3.9
      vertex -1.34256 2.02852 3.9
    endloop
  endfacet
  facet normal 0 0 1
    outer loop
      vertex -1.34256 2.02852 3.9
      vertex -2.0652 3.42241 3.9
      vertex -1.35199 1.9969 3.9
    endloop
  endfacet
  facet normal 0 0 1
    outer loop
      vertex -1.35199 1.9969 3.9
      vertex -2.0652 3.42241 3.9
      vertex -1.36165 1.96471 3.9
    endloop
  endfacet
  facet normal 0 0 1
    outer loop
      vertex -1.36165 1.96471 3.9
      vertex -2.0652 3.42241 3.9
      vertex -1.38164 1.89865 3.9
    endloop
  endfacet
  facet normal 0 0 1
    outer loop
      vertex -1.38164 1.89865 3.9
      vertex -2.0652 3.42241 3.9
      vertex -1.3959 1.85344 3.9
    endloop
  endfacet
  facet normal 0 0 1
    outer loop
      vertex -1.3959 1.85344 3.9
      vertex -2.0652 3.42241 3.9
      vertex -1.41826 1.78496 3.9
    endloop
  endfacet
  facet normal 0 0 1
    outer loop
      vertex -1.41826 1.78496 3.9
      vertex -2.0652 3.42241 3.9
      vertex -1.44872 1.69322 3.9
    endloop
  endfacet
  facet normal 0 0 1
    outer loop
      vertex -1.44872 1.69322 3.9
      vertex -2.0652 3.42241 3.9
      vertex -1.48724 1.57823 3.9
    endloop
  endfacet
  facet normal 0 0 1
    outer loop
      vertex -1.48724 1.57823 3.9
      vertex -2.0652 3.42241 3.9
      vertex -1.53387 1.43999 3.9
    endloop
  endfacet
  facet normal 0 0 1
    outer loop
      vertex -1.53387 1.43999 3.9
      vertex -2.0652 3.42241 3.9
      vertex -1.58859 1.27849 3.9
    endloop
  endfacet
  facet normal 0 0 1
    outer loop
      vertex -1.58859 1.27849 3.9
      vertex -2.0652 3.42241 3.9
      vertex -1.6514 1.09372 3.9
    endloop
  endfacet
  facet normal 0 0 1
    outer loop
      vertex -1.6514 1.09372 3.9
      vertex -2.0652 3.42241 3.9
      vertex -1.72229 0.885712 3.9
    endloop
  endfacet
  facet normal 0 0 1
    outer loop
      vertex -1.72229 0.885712 3.9
      vertex -2.0652 3.42241 3.9
      vertex -1.80128 0.654434 3.9
    endloop
  endfacet
  facet normal 0 0 1
    outer loop
      vertex -1.80128 0.654434 3.9
      vertex -2.0652 3.42241 3.9
      vertex -1.88835 0.399887 3.9
    endloop
  endfacet
  facet normal -0 0 1
    outer loop
      vertex -2.0652 3.42241 3.9
      vertex -1.23926 2.39236 3.9
      vertex -0.413269 3.42241 3.9
    endloop
  endfacet
  facet normal 0 0 1
    outer loop
      vertex -1.88835 0.399887 3.9
      vertex -2.0652 3.42241 3.9
      vertex -1.98352 0.122101 3.9
    endloop
  endfacet
  facet normal 0 0 1
    outer loop
      vertex -2.0652 3.42241 3.9
      vertex -2.08678 -0.17894 3.9
      vertex -1.98352 0.122101 3.9
    endloop
  endfacet
  facet normal 0 0 1
    outer loop
      vertex -4.50511 -3.26593 3.9
      vertex -2.08678 -0.17894 3.9
      vertex -2.0652 3.42241 3.9
    endloop
  endfacet
  facet normal 0 0 1
    outer loop
      vertex -2.08678 -0.17894 3.9
      vertex -4.50511 -3.26593 3.9
      vertex -2.19812 -0.503235 3.9
    endloop
  endfacet
  facet normal 0 0 1
    outer loop
      vertex -2.19812 -0.503235 3.9
      vertex -4.50511 -3.26593 3.9
      vertex -2.51137 -1.55702 3.9
    endloop
  endfacet
  facet normal 0 0 1
    outer loop
      vertex -2.51137 -1.55702 3.9
      vertex -4.50511 -3.26593 3.9
      vertex -3.10477 -3.26593 3.9
    endloop
  endfacet
  facet normal -0 0 1
    outer loop
      vertex -2.19812 -0.503235 3.9
      vertex 0.0376587 -1.55702 3.9
      vertex -0.27565 -0.503235 3.9
    endloop
  endfacet
  facet normal 0 0 1
    outer loop
      vertex 0.0376587 -1.55702 3.9
      vertex -2.19812 -0.503235 3.9
      vertex -2.51137 -1.55702 3.9
    endloop
  endfacet
  facet normal -0 0 1
    outer loop
      vertex 2.75963 3.42241 3.9
      vertex 4.15997 -3.26593 3.9
      vertex 4.15997 3.42241 3.9
    endloop
  endfacet
  facet normal 0 0 1
    outer loop
      vertex 4.15997 -3.26593 3.9
      vertex 2.75963 3.42241 3.9
      vertex 2.75963 -3.26593 3.9
    endloop
  endfacet
  facet normal 0 1 -0
    outer loop
      vertex 0.0376587 -1.55702 3.9
      vertex -2.51137 -1.55702 4.5
      vertex 0.0376587 -1.55702 4.5
    endloop
  endfacet
  facet normal 0 1 0
    outer loop
      vertex -2.51137 -1.55702 4.5
      vertex 0.0376587 -1.55702 3.9
      vertex -2.51137 -1.55702 3.9
    endloop
  endfacet
  facet normal 0.944672 0.328017 0
    outer loop
      vertex 0.631042 -3.26593 4.5
      vertex 0.0376587 -1.55702 3.9
      vertex 0.0376587 -1.55702 4.5
    endloop
  endfacet
  facet normal 0.944672 0.328017 0
    outer loop
      vertex 0.0376587 -1.55702 3.9
      vertex 0.631042 -3.26593 4.5
      vertex 0.631042 -3.26593 3.9
    endloop
  endfacet
  facet normal 0 1 -0
    outer loop
      vertex 2.01712 -3.26593 3.9
      vertex 0.631042 -3.26593 4.5
      vertex 2.01712 -3.26593 4.5
    endloop
  endfacet
  facet normal 0 1 0
    outer loop
      vertex 0.631042 -3.26593 4.5
      vertex 2.01712 -3.26593 3.9
      vertex 0.631042 -3.26593 3.9
    endloop
  endfacet
  facet normal -0.939872 -0.341528 0
    outer loop
      vertex 2.01712 -3.26593 3.9
      vertex -0.413269 3.42241 4.5
      vertex -0.413269 3.42241 3.9
    endloop
  endfacet
  facet normal -0.939872 -0.341528 0
    outer loop
      vertex -0.413269 3.42241 4.5
      vertex 2.01712 -3.26593 3.9
      vertex 2.01712 -3.26593 4.5
    endloop
  endfacet
  facet normal 0 -1 0
    outer loop
      vertex -2.0652 3.42241 3.9
      vertex -0.413269 3.42241 4.5
      vertex -2.0652 3.42241 4.5
    endloop
  endfacet
  facet normal 0 -1 -0
    outer loop
      vertex -0.413269 3.42241 4.5
      vertex -2.0652 3.42241 3.9
      vertex -0.413269 3.42241 3.9
    endloop
  endfacet
  facet normal 0.939442 -0.342709 0
    outer loop
      vertex -4.50511 -3.26593 4.5
      vertex -2.0652 3.42241 3.9
      vertex -2.0652 3.42241 4.5
    endloop
  endfacet
  facet normal 0.939442 -0.342709 0
    outer loop
      vertex -2.0652 3.42241 3.9
      vertex -4.50511 -3.26593 4.5
      vertex -4.50511 -3.26593 3.9
    endloop
  endfacet
  facet normal 0 1 -0
    outer loop
      vertex -3.10477 -3.26593 3.9
      vertex -4.50511 -3.26593 4.5
      vertex -3.10477 -3.26593 4.5
    endloop
  endfacet
  facet normal 0 1 0
    outer loop
      vertex -4.50511 -3.26593 4.5
      vertex -3.10477 -3.26593 3.9
      vertex -4.50511 -3.26593 3.9
    endloop
  endfacet
  facet normal -0.944669 0.328026 0
    outer loop
      vertex -3.10477 -3.26593 3.9
      vertex -2.51137 -1.55702 4.5
      vertex -2.51137 -1.55702 3.9
    endloop
  endfacet
  facet normal -0.944669 0.328026 0
    outer loop
      vertex -2.51137 -1.55702 4.5
      vertex -3.10477 -3.26593 3.9
      vertex -3.10477 -3.26593 4.5
    endloop
  endfacet
  facet normal -0.945809 0.324724 0
    outer loop
      vertex -2.19812 -0.503235 3.9
      vertex -2.08678 -0.17894 4.5
      vertex -2.08678 -0.17894 3.9
    endloop
  endfacet
  facet normal -0.945809 0.324724 0
    outer loop
      vertex -2.08678 -0.17894 4.5
      vertex -2.19812 -0.503235 3.9
      vertex -2.19812 -0.503235 4.5
    endloop
  endfacet
  facet normal -0.945902 0.324453 0
    outer loop
      vertex -2.08678 -0.17894 3.9
      vertex -1.98352 0.122101 4.5
      vertex -1.98352 0.122101 3.9
    endloop
  endfacet
  facet normal -0.945902 0.324453 0
    outer loop
      vertex -1.98352 0.122101 4.5
      vertex -2.08678 -0.17894 3.9
      vertex -2.08678 -0.17894 4.5
    endloop
  endfacet
  facet normal -0.94602 0.324108 0
    outer loop
      vertex -1.98352 0.122101 3.9
      vertex -1.88835 0.399887 4.5
      vertex -1.88835 0.399887 3.9
    endloop
  endfacet
  facet normal -0.94602 0.324108 0
    outer loop
      vertex -1.88835 0.399887 4.5
      vertex -1.98352 0.122101 3.9
      vertex -1.98352 0.122101 4.5
    endloop
  endfacet
  facet normal -0.946177 0.323648 0
    outer loop
      vertex -1.88835 0.399887 3.9
      vertex -1.80128 0.654434 4.5
      vertex -1.80128 0.654434 3.9
    endloop
  endfacet
  facet normal -0.946177 0.323648 0
    outer loop
      vertex -1.80128 0.654434 4.5
      vertex -1.88835 0.399887 3.9
      vertex -1.88835 0.399887 4.5
    endloop
  endfacet
  facet normal -0.946329 0.323206 0
    outer loop
      vertex -1.80128 0.654434 3.9
      vertex -1.72229 0.885712 4.5
      vertex -1.72229 0.885712 3.9
    endloop
  endfacet
  facet normal -0.946329 0.323206 0
    outer loop
      vertex -1.72229 0.885712 4.5
      vertex -1.80128 0.654434 3.9
      vertex -1.80128 0.654434 4.5
    endloop
  endfacet
  facet normal -0.946541 0.322585 0
    outer loop
      vertex -1.72229 0.885712 3.9
      vertex -1.6514 1.09372 4.5
      vertex -1.6514 1.09372 3.9
    endloop
  endfacet
  facet normal -0.946541 0.322585 0
    outer loop
      vertex -1.6514 1.09372 4.5
      vertex -1.72229 0.885712 3.9
      vertex -1.72229 0.885712 4.5
    endloop
  endfacet
  facet normal -0.946791 0.321849 0
    outer loop
      vertex -1.6514 1.09372 3.9
      vertex -1.58859 1.27849 4.5
      vertex -1.58859 1.27849 3.9
    endloop
  endfacet
  facet normal -0.946791 0.321849 0
    outer loop
      vertex -1.58859 1.27849 4.5
      vertex -1.6514 1.09372 3.9
      vertex -1.6514 1.09372 4.5
    endloop
  endfacet
  facet normal -0.947112 0.320904 0
    outer loop
      vertex -1.58859 1.27849 3.9
      vertex -1.53387 1.43999 4.5
      vertex -1.53387 1.43999 3.9
    endloop
  endfacet
  facet normal -0.947112 0.320904 0
    outer loop
      vertex -1.53387 1.43999 4.5
      vertex -1.58859 1.27849 3.9
      vertex -1.58859 1.27849 4.5
    endloop
  endfacet
  facet normal -0.947546 0.319619 0
    outer loop
      vertex -1.53387 1.43999 3.9
      vertex -1.48724 1.57823 4.5
      vertex -1.48724 1.57823 3.9
    endloop
  endfacet
  facet normal -0.947546 0.319619 0
    outer loop
      vertex -1.48724 1.57823 4.5
      vertex -1.53387 1.43999 3.9
      vertex -1.53387 1.43999 4.5
    endloop
  endfacet
  facet normal -0.948212 0.317637 0
    outer loop
      vertex -1.48724 1.57823 3.9
      vertex -1.44872 1.69322 4.5
      vertex -1.44872 1.69322 3.9
    endloop
  endfacet
  facet normal -0.948212 0.317637 0
    outer loop
      vertex -1.44872 1.69322 4.5
      vertex -1.48724 1.57823 3.9
      vertex -1.48724 1.57823 4.5
    endloop
  endfacet
  facet normal -0.949055 0.31511 0
    outer loop
      vertex -1.44872 1.69322 3.9
      vertex -1.41826 1.78496 4.5
      vertex -1.41826 1.78496 3.9
    endloop
  endfacet
  facet normal -0.949055 0.31511 0
    outer loop
      vertex -1.41826 1.78496 4.5
      vertex -1.44872 1.69322 3.9
      vertex -1.44872 1.69322 4.5
    endloop
  endfacet
  facet normal -0.950609 0.310392 0
    outer loop
      vertex -1.41826 1.78496 3.9
      vertex -1.3959 1.85344 4.5
      vertex -1.3959 1.85344 3.9
    endloop
  endfacet
  facet normal -0.950609 0.310392 0
    outer loop
      vertex -1.3959 1.85344 4.5
      vertex -1.41826 1.78496 3.9
      vertex -1.41826 1.78496 4.5
    endloop
  endfacet
  facet normal -0.953685 0.300808 0
    outer loop
      vertex -1.3959 1.85344 3.9
      vertex -1.38164 1.89865 4.5
      vertex -1.38164 1.89865 3.9
    endloop
  endfacet
  facet normal -0.953685 0.300808 0
    outer loop
      vertex -1.38164 1.89865 4.5
      vertex -1.3959 1.85344 3.9
      vertex -1.3959 1.85344 4.5
    endloop
  endfacet
  facet normal -0.957138 0.289633 0
    outer loop
      vertex -1.38164 1.89865 3.9
      vertex -1.36165 1.96471 4.5
      vertex -1.36165 1.96471 3.9
    endloop
  endfacet
  facet normal -0.957138 0.289633 0
    outer loop
      vertex -1.36165 1.96471 4.5
      vertex -1.38164 1.89865 3.9
      vertex -1.38164 1.89865 4.5
    endloop
  endfacet
  facet normal -0.957802 0.28743 0
    outer loop
      vertex -1.36165 1.96471 3.9
      vertex -1.35199 1.9969 4.5
      vertex -1.35199 1.9969 3.9
    endloop
  endfacet
  facet normal -0.957802 0.28743 0
    outer loop
      vertex -1.35199 1.9969 4.5
      vertex -1.36165 1.96471 3.9
      vertex -1.36165 1.96471 4.5
    endloop
  endfacet
  facet normal -0.958292 0.28579 0
    outer loop
      vertex -1.35199 1.9969 3.9
      vertex -1.34256 2.02852 4.5
      vertex -1.34256 2.02852 3.9
    endloop
  endfacet
  facet normal -0.958292 0.28579 0
    outer loop
      vertex -1.34256 2.02852 4.5
      vertex -1.35199 1.9969 3.9
      vertex -1.35199 1.9969 4.5
    endloop
  endfacet
  facet normal -0.95868 0.284488 0
    outer loop
      vertex -1.34256 2.02852 3.9
      vertex -1.33334 2.05959 4.5
      vertex -1.33334 2.05959 3.9
    endloop
  endfacet
  facet normal -0.95868 0.284488 0
    outer loop
      vertex -1.33334 2.05959 4.5
      vertex -1.34256 2.02852 3.9
      vertex -1.34256 2.02852 4.5
    endloop
  endfacet
  facet normal -0.959285 0.282439 0
    outer loop
      vertex -1.33334 2.05959 3.9
      vertex -1.32436 2.09009 4.5
      vertex -1.32436 2.09009 3.9
    endloop
  endfacet
  facet normal -0.959285 0.282439 0
    outer loop
      vertex -1.32436 2.09009 4.5
      vertex -1.33334 2.05959 3.9
      vertex -1.33334 2.05959 4.5
    endloop
  endfacet
  facet normal -0.959615 0.281316 0
    outer loop
      vertex -1.32436 2.09009 3.9
      vertex -1.31558 2.12004 4.5
      vertex -1.31558 2.12004 3.9
    endloop
  endfacet
  facet normal -0.959615 0.281316 0
    outer loop
      vertex -1.31558 2.12004 4.5
      vertex -1.32436 2.09009 3.9
      vertex -1.32436 2.09009 4.5
    endloop
  endfacet
  facet normal -0.960281 0.279034 0
    outer loop
      vertex -1.31558 2.12004 3.9
      vertex -1.30704 2.14943 4.5
      vertex -1.30704 2.14943 3.9
    endloop
  endfacet
  facet normal -0.960281 0.279034 0
    outer loop
      vertex -1.30704 2.14943 4.5
      vertex -1.31558 2.12004 3.9
      vertex -1.31558 2.12004 4.5
    endloop
  endfacet
  facet normal -0.96074 0.277451 0
    outer loop
      vertex -1.30704 2.14943 3.9
      vertex -1.29872 2.17824 4.5
      vertex -1.29872 2.17824 3.9
    endloop
  endfacet
  facet normal -0.96074 0.277451 0
    outer loop
      vertex -1.29872 2.17824 4.5
      vertex -1.30704 2.14943 3.9
      vertex -1.30704 2.14943 4.5
    endloop
  endfacet
  facet normal -0.961408 0.275125 0
    outer loop
      vertex -1.29872 2.17824 3.9
      vertex -1.29063 2.20651 4.5
      vertex -1.29063 2.20651 3.9
    endloop
  endfacet
  facet normal -0.961408 0.275125 0
    outer loop
      vertex -1.29063 2.20651 4.5
      vertex -1.29872 2.17824 3.9
      vertex -1.29872 2.17824 4.5
    endloop
  endfacet
  facet normal -0.961929 0.273299 0
    outer loop
      vertex -1.29063 2.20651 3.9
      vertex -1.28276 2.23421 4.5
      vertex -1.28276 2.23421 3.9
    endloop
  endfacet
  facet normal -0.961929 0.273299 0
    outer loop
      vertex -1.28276 2.23421 4.5
      vertex -1.29063 2.20651 3.9
      vertex -1.29063 2.20651 4.5
    endloop
  endfacet
  facet normal -0.962587 0.270972 0
    outer loop
      vertex -1.28276 2.23421 3.9
      vertex -1.27512 2.26135 4.5
      vertex -1.27512 2.26135 3.9
    endloop
  endfacet
  facet normal -0.962587 0.270972 0
    outer loop
      vertex -1.27512 2.26135 4.5
      vertex -1.28276 2.23421 3.9
      vertex -1.28276 2.23421 4.5
    endloop
  endfacet
  facet normal -0.96296 0.269643 0
    outer loop
      vertex -1.27512 2.26135 3.9
      vertex -1.26768 2.28792 4.5
      vertex -1.26768 2.28792 3.9
    endloop
  endfacet
  facet normal -0.96296 0.269643 0
    outer loop
      vertex -1.26768 2.28792 4.5
      vertex -1.27512 2.26135 3.9
      vertex -1.27512 2.26135 4.5
    endloop
  endfacet
  facet normal -0.964913 0.26257 0
    outer loop
      vertex -1.26768 2.28792 3.9
      vertex -1.23926 2.39236 4.5
      vertex -1.23926 2.39236 3.9
    endloop
  endfacet
  facet normal -0.964913 0.26257 0
    outer loop
      vertex -1.23926 2.39236 4.5
      vertex -1.26768 2.28792 3.9
      vertex -1.26768 2.28792 4.5
    endloop
  endfacet
  facet normal 0.956637 0.291284 0
    outer loop
      vertex -1.13951 2.06476 4.5
      vertex -1.23926 2.39236 3.9
      vertex -1.23926 2.39236 4.5
    endloop
  endfacet
  facet normal 0.956637 0.291284 0
    outer loop
      vertex -1.23926 2.39236 3.9
      vertex -1.13951 2.06476 4.5
      vertex -1.13951 2.06476 3.9
    endloop
  endfacet
  facet normal 0.953504 0.301379 0
    outer loop
      vertex -0.935471 1.41922 4.5
      vertex -1.13951 2.06476 3.9
      vertex -1.13951 2.06476 4.5
    endloop
  endfacet
  facet normal 0.953504 0.301379 0
    outer loop
      vertex -1.13951 2.06476 3.9
      vertex -0.935471 1.41922 4.5
      vertex -0.935471 1.41922 3.9
    endloop
  endfacet
  facet normal 0.945841 0.32463 0
    outer loop
      vertex -0.27565 -0.503235 4.5
      vertex -0.935471 1.41922 3.9
      vertex -0.935471 1.41922 4.5
    endloop
  endfacet
  facet normal 0.945841 0.32463 0
    outer loop
      vertex -0.935471 1.41922 3.9
      vertex -0.27565 -0.503235 4.5
      vertex -0.27565 -0.503235 3.9
    endloop
  endfacet
  facet normal 0 -1 0
    outer loop
      vertex -2.19812 -0.503235 3.9
      vertex -0.27565 -0.503235 4.5
      vertex -2.19812 -0.503235 4.5
    endloop
  endfacet
  facet normal 0 -1 -0
    outer loop
      vertex -0.27565 -0.503235 4.5
      vertex -2.19812 -0.503235 3.9
      vertex -0.27565 -0.503235 3.9
    endloop
  endfacet
  facet normal 0 -1 0
    outer loop
      vertex 2.75963 3.42241 3.9
      vertex 4.15997 3.42241 4.5
      vertex 2.75963 3.42241 4.5
    endloop
  endfacet
  facet normal 0 -1 -0
    outer loop
      vertex 4.15997 3.42241 4.5
      vertex 2.75963 3.42241 3.9
      vertex 4.15997 3.42241 3.9
    endloop
  endfacet
  facet normal 1 -0 0
    outer loop
      vertex 2.75963 -3.26593 4.5
      vertex 2.75963 3.42241 3.9
      vertex 2.75963 3.42241 4.5
    endloop
  endfacet
  facet normal 1 0 0
    outer loop
      vertex 2.75963 3.42241 3.9
      vertex 2.75963 -3.26593 4.5
      vertex 2.75963 -3.26593 3.9
    endloop
  endfacet
  facet normal 0 1 -0
    outer loop
      vertex 4.15997 -3.26593 3.9
      vertex 2.75963 -3.26593 4.5
      vertex 4.15997 -3.26593 4.5
    endloop
  endfacet
  facet normal 0 1 0
    outer loop
      vertex 2.75963 -3.26593 4.5
      vertex 4.15997 -3.26593 3.9
      vertex 2.75963 -3.26593 3.9
    endloop
  endfacet
  facet normal -1 0 0
    outer loop
      vertex 4.15997 -3.26593 3.9
      vertex 4.15997 3.42241 4.5
      vertex 4.15997 3.42241 3.9
    endloop
  endfacet
  facet normal -1 -0 0
    outer loop
      vertex 4.15997 3.42241 4.5
      vertex 4.15997 -3.26593 3.9
      vertex 4.15997 -3.26593 4.5
    endloop
  endfacet
endsolid OpenSCAD_Model
